entry_id,national,name,category,dex_front,dex_back,field_form_acceptance,battle_form_acceptance
dex:bulbasaur:base,1,妙蛙种子,base,https://raw.githubusercontent.com/PokeAPI/sprites/1dce80ceb372675e9fc7e9f101b71845ef587de2/sprites/pokemon/1.png,https://raw.githubusercontent.com/PokeAPI/sprites/1dce80ceb372675e9fc7e9f101b71845ef587de2/sprites/pokemon/back/1.png,not_individually_verified,not_individually_verified
dex:bulbasaur:base:dynamax,1,妙蛙种子 · 极巨化,dynamax,https://raw.githubusercontent.com/PokeAPI/sprites/1dce80ceb372675e9fc7e9f101b71845ef587de2/sprites/pokemon/1.png,https://raw.githubusercontent.com/PokeAPI/sprites/1dce80ceb372675e9fc7e9f101b71845ef587de2/sprites/pokemon/back/1.png,not_individually_verified,not_individually_verified
dex:ivysaur:base,2,妙蛙草,base,https://raw.githubusercontent.com/PokeAPI/sprites/1dce80ceb372675e9fc7e9f101b71845ef587de2/sprites/pokemon/2.png,https://raw.githubusercontent.com/PokeAPI/sprites/1dce80ceb372675e9fc7e9f101b71845ef587de2/sprites/pokemon/back/2.png,not_individually_verified,not_individually_verified
dex:ivysaur:base:dynamax,2,妙蛙草 · 极巨化,dynamax,https://raw.githubusercontent.com/PokeAPI/sprites/1dce80ceb372675e9fc7e9f101b71845ef587de2/sprites/pokemon/2.png,https://raw.githubusercontent.com/PokeAPI/sprites/1dce80ceb372675e9fc7e9f101b71845ef587de2/sprites/pokemon/back/2.png,not_individually_verified,not_individually_verified
dex:venusaur:base,3,妙蛙花,base,https://raw.githubusercontent.com/PokeAPI/sprites/1dce80ceb372675e9fc7e9f101b71845ef587de2/sprites/pokemon/3.png,https://raw.githubusercontent.com/PokeAPI/sprites/1dce80ceb372675e9fc7e9f101b71845ef587de2/sprites/pokemon/back/3.png,not_individually_verified,not_individually_verified
dex:form:venusaurmega,3,妙蛙花 · 超级进化,mega,https://raw.githubusercontent.com/PokeAPI/sprites/1dce80ceb372675e9fc7e9f101b71845ef587de2/sprites/pokemon/10033.png,https://raw.githubusercontent.com/PokeAPI/sprites/1dce80ceb372675e9fc7e9f101b71845ef587de2/sprites/pokemon/back/10033.png,not_individually_verified,not_individually_verified
dex:form:venusaurgmax,3,妙蛙花 · 超极巨化,gigantamax,https://raw.githubusercontent.com/PokeAPI/sprites/1dce80ceb372675e9fc7e9f101b71845ef587de2/sprites/pokemon/10195.png,https://raw.githubusercontent.com/PokeAPI/sprites/1dce80ceb372675e9fc7e9f101b71845ef587de2/sprites/pokemon/back/10195.png,not_individually_verified,not_individually_verified
dex:venusaur:base:dynamax,3,妙蛙花 · 极巨化,dynamax,https://raw.githubusercontent.com/PokeAPI/sprites/1dce80ceb372675e9fc7e9f101b71845ef587de2/sprites/pokemon/3.png,https://raw.githubusercontent.com/PokeAPI/sprites/1dce80ceb372675e9fc7e9f101b71845ef587de2/sprites/pokemon/back/3.png,not_individually_verified,not_individually_verified
dex:charmander:base,4,小火龙,base,https://raw.githubusercontent.com/PokeAPI/sprites/1dce80ceb372675e9fc7e9f101b71845ef587de2/sprites/pokemon/4.png,https://raw.githubusercontent.com/PokeAPI/sprites/1dce80ceb372675e9fc7e9f101b71845ef587de2/sprites/pokemon/back/4.png,not_individually_verified,not_individually_verified
dex:charmander:base:dynamax,4,小火龙 · 极巨化,dynamax,https://raw.githubusercontent.com/PokeAPI/sprites/1dce80ceb372675e9fc7e9f101b71845ef587de2/sprites/pokemon/4.png,https://raw.githubusercontent.com/PokeAPI/sprites/1dce80ceb372675e9fc7e9f101b71845ef587de2/sprites/pokemon/back/4.png,not_individually_verified,not_individually_verified
dex:charmeleon:base,5,火恐龙,base,https://raw.githubusercontent.com/PokeAPI/sprites/1dce80ceb372675e9fc7e9f101b71845ef587de2/sprites/pokemon/5.png,https://raw.githubusercontent.com/PokeAPI/sprites/1dce80ceb372675e9fc7e9f101b71845ef587de2/sprites/pokemon/back/5.png,not_individually_verified,not_individually_verified
dex:charmeleon:base:dynamax,5,火恐龙 · 极巨化,dynamax,https://raw.githubusercontent.com/PokeAPI/sprites/1dce80ceb372675e9fc7e9f101b71845ef587de2/sprites/pokemon/5.png,https://raw.githubusercontent.com/PokeAPI/sprites/1dce80ceb372675e9fc7e9f101b71845ef587de2/sprites/pokemon/back/5.png,not_individually_verified,not_individually_verified
dex:charizard:base,6,喷火龙,base,https://raw.githubusercontent.com/PokeAPI/sprites/1dce80ceb372675e9fc7e9f101b71845ef587de2/sprites/pokemon/6.png,https://raw.githubusercontent.com/PokeAPI/sprites/1dce80ceb372675e9fc7e9f101b71845ef587de2/sprites/pokemon/back/6.png,not_individually_verified,not_individually_verified
dex:form:charizardmegax,6,喷火龙 · 超级进化 X,mega,https://raw.githubusercontent.com/PokeAPI/sprites/1dce80ceb372675e9fc7e9f101b71845ef587de2/sprites/pokemon/10034.png,https://raw.githubusercontent.com/PokeAPI/sprites/1dce80ceb372675e9fc7e9f101b71845ef587de2/sprites/pokemon/back/10034.png,not_individually_verified,not_individually_verified
dex:form:charizardmegay,6,喷火龙 · 超级进化 Y,mega,https://raw.githubusercontent.com/PokeAPI/sprites/1dce80ceb372675e9fc7e9f101b71845ef587de2/sprites/pokemon/10035.png,https://raw.githubusercontent.com/PokeAPI/sprites/1dce80ceb372675e9fc7e9f101b71845ef587de2/sprites/pokemon/back/10035.png,not_individually_verified,not_individually_verified
dex:form:charizardgmax,6,喷火龙 · 超极巨化,gigantamax,https://raw.githubusercontent.com/PokeAPI/sprites/1dce80ceb372675e9fc7e9f101b71845ef587de2/sprites/pokemon/10196.png,https://raw.githubusercontent.com/PokeAPI/sprites/1dce80ceb372675e9fc7e9f101b71845ef587de2/sprites/pokemon/back/10196.png,not_individually_verified,not_individually_verified
dex:charizard:base:dynamax,6,喷火龙 · 极巨化,dynamax,https://raw.githubusercontent.com/PokeAPI/sprites/1dce80ceb372675e9fc7e9f101b71845ef587de2/sprites/pokemon/6.png,https://raw.githubusercontent.com/PokeAPI/sprites/1dce80ceb372675e9fc7e9f101b71845ef587de2/sprites/pokemon/back/6.png,not_individually_verified,not_individually_verified
dex:squirtle:base,7,杰尼龟,base,https://raw.githubusercontent.com/PokeAPI/sprites/1dce80ceb372675e9fc7e9f101b71845ef587de2/sprites/pokemon/7.png,https://raw.githubusercontent.com/PokeAPI/sprites/1dce80ceb372675e9fc7e9f101b71845ef587de2/sprites/pokemon/back/7.png,not_individually_verified,not_individually_verified
dex:squirtle:base:dynamax,7,杰尼龟 · 极巨化,dynamax,https://raw.githubusercontent.com/PokeAPI/sprites/1dce80ceb372675e9fc7e9f101b71845ef587de2/sprites/pokemon/7.png,https://raw.githubusercontent.com/PokeAPI/sprites/1dce80ceb372675e9fc7e9f101b71845ef587de2/sprites/pokemon/back/7.png,not_individually_verified,not_individually_verified
dex:wartortle:base,8,卡咪龟,base,https://raw.githubusercontent.com/PokeAPI/sprites/1dce80ceb372675e9fc7e9f101b71845ef587de2/sprites/pokemon/8.png,https://raw.githubusercontent.com/PokeAPI/sprites/1dce80ceb372675e9fc7e9f101b71845ef587de2/sprites/pokemon/back/8.png,not_individually_verified,not_individually_verified
dex:wartortle:base:dynamax,8,卡咪龟 · 极巨化,dynamax,https://raw.githubusercontent.com/PokeAPI/sprites/1dce80ceb372675e9fc7e9f101b71845ef587de2/sprites/pokemon/8.png,https://raw.githubusercontent.com/PokeAPI/sprites/1dce80ceb372675e9fc7e9f101b71845ef587de2/sprites/pokemon/back/8.png,not_individually_verified,not_individually_verified
dex:blastoise:base,9,水箭龟,base,https://raw.githubusercontent.com/PokeAPI/sprites/1dce80ceb372675e9fc7e9f101b71845ef587de2/sprites/pokemon/9.png,https://raw.githubusercontent.com/PokeAPI/sprites/1dce80ceb372675e9fc7e9f101b71845ef587de2/sprites/pokemon/back/9.png,not_individually_verified,not_individually_verified
dex:form:blastoisemega,9,水箭龟 · 超级进化,mega,https://raw.githubusercontent.com/PokeAPI/sprites/1dce80ceb372675e9fc7e9f101b71845ef587de2/sprites/pokemon/10036.png,https://raw.githubusercontent.com/PokeAPI/sprites/1dce80ceb372675e9fc7e9f101b71845ef587de2/sprites/pokemon/back/10036.png,not_individually_verified,not_individually_verified
dex:form:blastoisegmax,9,水箭龟 · 超极巨化,gigantamax,https://raw.githubusercontent.com/PokeAPI/sprites/1dce80ceb372675e9fc7e9f101b71845ef587de2/sprites/pokemon/10197.png,https://raw.githubusercontent.com/PokeAPI/sprites/1dce80ceb372675e9fc7e9f101b71845ef587de2/sprites/pokemon/back/10197.png,not_individually_verified,not_individually_verified
dex:blastoise:base:dynamax,9,水箭龟 · 极巨化,dynamax,https://raw.githubusercontent.com/PokeAPI/sprites/1dce80ceb372675e9fc7e9f101b71845ef587de2/sprites/pokemon/9.png,https://raw.githubusercontent.com/PokeAPI/sprites/1dce80ceb372675e9fc7e9f101b71845ef587de2/sprites/pokemon/back/9.png,not_individually_verified,not_individually_verified
dex:caterpie:base,10,绿毛虫,base,https://raw.githubusercontent.com/PokeAPI/sprites/1dce80ceb372675e9fc7e9f101b71845ef587de2/sprites/pokemon/10.png,https://raw.githubusercontent.com/PokeAPI/sprites/1dce80ceb372675e9fc7e9f101b71845ef587de2/sprites/pokemon/back/10.png,not_individually_verified,not_individually_verified
dex:caterpie:base:dynamax,10,绿毛虫 · 极巨化,dynamax,https://raw.githubusercontent.com/PokeAPI/sprites/1dce80ceb372675e9fc7e9f101b71845ef587de2/sprites/pokemon/10.png,https://raw.githubusercontent.com/PokeAPI/sprites/1dce80ceb372675e9fc7e9f101b71845ef587de2/sprites/pokemon/back/10.png,not_individually_verified,not_individually_verified
dex:metapod:base,11,铁甲蛹,base,https://raw.githubusercontent.com/PokeAPI/sprites/1dce80ceb372675e9fc7e9f101b71845ef587de2/sprites/pokemon/11.png,https://raw.githubusercontent.com/PokeAPI/sprites/1dce80ceb372675e9fc7e9f101b71845ef587de2/sprites/pokemon/back/11.png,not_individually_verified,not_individually_verified
dex:metapod:base:dynamax,11,铁甲蛹 · 极巨化,dynamax,https://raw.githubusercontent.com/PokeAPI/sprites/1dce80ceb372675e9fc7e9f101b71845ef587de2/sprites/pokemon/11.png,https://raw.githubusercontent.com/PokeAPI/sprites/1dce80ceb372675e9fc7e9f101b71845ef587de2/sprites/pokemon/back/11.png,not_individually_verified,not_individually_verified
dex:butterfree:base,12,巴大蝶,base,https://raw.githubusercontent.com/PokeAPI/sprites/1dce80ceb372675e9fc7e9f101b71845ef587de2/sprites/pokemon/12.png,https://raw.githubusercontent.com/PokeAPI/sprites/1dce80ceb372675e9fc7e9f101b71845ef587de2/sprites/pokemon/back/12.png,not_individually_verified,not_individually_verified
dex:form:butterfreegmax,12,巴大蝶 · 超极巨化,gigantamax,https://raw.githubusercontent.com/PokeAPI/sprites/1dce80ceb372675e9fc7e9f101b71845ef587de2/sprites/pokemon/10198.png,https://raw.githubusercontent.com/PokeAPI/sprites/1dce80ceb372675e9fc7e9f101b71845ef587de2/sprites/pokemon/back/10198.png,not_individually_verified,not_individually_verified
dex:omni:rocket-bond:butterfree,12,巴大蝶 · 羁绊,rocket_bond_candidate,/rocket-art/butterfree-front_default.png,/rocket-art/butterfree-back_default.png,not_individually_verified,not_individually_verified
dex:butterfree:base:dynamax,12,巴大蝶 · 极巨化,dynamax,https://raw.githubusercontent.com/PokeAPI/sprites/1dce80ceb372675e9fc7e9f101b71845ef587de2/sprites/pokemon/12.png,https://raw.githubusercontent.com/PokeAPI/sprites/1dce80ceb372675e9fc7e9f101b71845ef587de2/sprites/pokemon/back/12.png,not_individually_verified,not_individually_verified
dex:weedle:base,13,独角虫,base,https://raw.githubusercontent.com/PokeAPI/sprites/1dce80ceb372675e9fc7e9f101b71845ef587de2/sprites/pokemon/13.png,https://raw.githubusercontent.com/PokeAPI/sprites/1dce80ceb372675e9fc7e9f101b71845ef587de2/sprites/pokemon/back/13.png,not_individually_verified,not_individually_verified
dex:kakuna:base,14,铁壳蛹,base,https://raw.githubusercontent.com/PokeAPI/sprites/1dce80ceb372675e9fc7e9f101b71845ef587de2/sprites/pokemon/14.png,https://raw.githubusercontent.com/PokeAPI/sprites/1dce80ceb372675e9fc7e9f101b71845ef587de2/sprites/pokemon/back/14.png,not_individually_verified,not_individually_verified
dex:beedrill:base,15,大针蜂,base,https://raw.githubusercontent.com/PokeAPI/sprites/1dce80ceb372675e9fc7e9f101b71845ef587de2/sprites/pokemon/15.png,https://raw.githubusercontent.com/PokeAPI/sprites/1dce80ceb372675e9fc7e9f101b71845ef587de2/sprites/pokemon/back/15.png,not_individually_verified,not_individually_verified
dex:form:beedrillmega,15,大针蜂 · 超级进化,mega,https://raw.githubusercontent.com/PokeAPI/sprites/1dce80ceb372675e9fc7e9f101b71845ef587de2/sprites/pokemon/10090.png,https://raw.githubusercontent.com/PokeAPI/sprites/1dce80ceb372675e9fc7e9f101b71845ef587de2/sprites/pokemon/back/10090.png,not_individually_verified,not_individually_verified
dex:pidgey:base,16,波波,base,https://raw.githubusercontent.com/PokeAPI/sprites/1dce80ceb372675e9fc7e9f101b71845ef587de2/sprites/pokemon/16.png,https://raw.githubusercontent.com/PokeAPI/sprites/1dce80ceb372675e9fc7e9f101b71845ef587de2/sprites/pokemon/back/16.png,not_individually_verified,not_individually_verified
dex:pidgeotto:base,17,比比鸟,base,https://raw.githubusercontent.com/PokeAPI/sprites/1dce80ceb372675e9fc7e9f101b71845ef587de2/sprites/pokemon/17.png,https://raw.githubusercontent.com/PokeAPI/sprites/1dce80ceb372675e9fc7e9f101b71845ef587de2/sprites/pokemon/back/17.png,not_individually_verified,not_individually_verified
dex:pidgeot:base,18,大比鸟,base,https://raw.githubusercontent.com/PokeAPI/sprites/1dce80ceb372675e9fc7e9f101b71845ef587de2/sprites/pokemon/18.png,https://raw.githubusercontent.com/PokeAPI/sprites/1dce80ceb372675e9fc7e9f101b71845ef587de2/sprites/pokemon/back/18.png,not_individually_verified,not_individually_verified
dex:form:pidgeotmega,18,大比鸟 · 超级进化,mega,https://raw.githubusercontent.com/PokeAPI/sprites/1dce80ceb372675e9fc7e9f101b71845ef587de2/sprites/pokemon/10073.png,https://raw.githubusercontent.com/PokeAPI/sprites/1dce80ceb372675e9fc7e9f101b71845ef587de2/sprites/pokemon/back/10073.png,not_individually_verified,not_individually_verified
dex:rattata:base,19,小拉达,base,https://raw.githubusercontent.com/PokeAPI/sprites/1dce80ceb372675e9fc7e9f101b71845ef587de2/sprites/pokemon/19.png,https://raw.githubusercontent.com/PokeAPI/sprites/1dce80ceb372675e9fc7e9f101b71845ef587de2/sprites/pokemon/back/19.png,not_individually_verified,not_individually_verified
dex:form:rattataalola,19,小拉达 · 阿罗拉的样子,regional,https://raw.githubusercontent.com/PokeAPI/sprites/1dce80ceb372675e9fc7e9f101b71845ef587de2/sprites/pokemon/10091.png,https://raw.githubusercontent.com/PokeAPI/sprites/1dce80ceb372675e9fc7e9f101b71845ef587de2/sprites/pokemon/back/10091.png,not_individually_verified,not_individually_verified
dex:raticate:base,20,拉达,base,https://raw.githubusercontent.com/PokeAPI/sprites/1dce80ceb372675e9fc7e9f101b71845ef587de2/sprites/pokemon/20.png,https://raw.githubusercontent.com/PokeAPI/sprites/1dce80ceb372675e9fc7e9f101b71845ef587de2/sprites/pokemon/back/20.png,not_individually_verified,not_individually_verified
dex:form:raticatealola,20,拉达 · 阿罗拉的样子,regional,https://raw.githubusercontent.com/PokeAPI/sprites/1dce80ceb372675e9fc7e9f101b71845ef587de2/sprites/pokemon/10092.png,https://raw.githubusercontent.com/PokeAPI/sprites/1dce80ceb372675e9fc7e9f101b71845ef587de2/sprites/pokemon/back/10092.png,not_individually_verified,not_individually_verified
dex:form:raticatealolatotem,20,拉达 · 阿罗拉霸主,regional,https://raw.githubusercontent.com/PokeAPI/sprites/1dce80ceb372675e9fc7e9f101b71845ef587de2/sprites/pokemon/10093.png,https://raw.githubusercontent.com/PokeAPI/sprites/1dce80ceb372675e9fc7e9f101b71845ef587de2/sprites/pokemon/back/10093.png,not_individually_verified,not_individually_verified
dex:spearow:base,21,烈雀,base,https://raw.githubusercontent.com/PokeAPI/sprites/1dce80ceb372675e9fc7e9f101b71845ef587de2/sprites/pokemon/21.png,https://raw.githubusercontent.com/PokeAPI/sprites/1dce80ceb372675e9fc7e9f101b71845ef587de2/sprites/pokemon/back/21.png,not_individually_verified,not_individually_verified
dex:fearow:base,22,大嘴雀,base,https://raw.githubusercontent.com/PokeAPI/sprites/1dce80ceb372675e9fc7e9f101b71845ef587de2/sprites/pokemon/22.png,https://raw.githubusercontent.com/PokeAPI/sprites/1dce80ceb372675e9fc7e9f101b71845ef587de2/sprites/pokemon/back/22.png,not_individually_verified,not_individually_verified
dex:ekans:base,23,阿柏蛇,base,https://raw.githubusercontent.com/PokeAPI/sprites/1dce80ceb372675e9fc7e9f101b71845ef587de2/sprites/pokemon/23.png,https://raw.githubusercontent.com/PokeAPI/sprites/1dce80ceb372675e9fc7e9f101b71845ef587de2/sprites/pokemon/back/23.png,not_individually_verified,not_individually_verified
dex:arbok:base,24,阿柏怪,base,https://raw.githubusercontent.com/PokeAPI/sprites/1dce80ceb372675e9fc7e9f101b71845ef587de2/sprites/pokemon/24.png,https://raw.githubusercontent.com/PokeAPI/sprites/1dce80ceb372675e9fc7e9f101b71845ef587de2/sprites/pokemon/back/24.png,not_individually_verified,not_individually_verified
dex:pikachu:base,25,皮卡丘,base,https://raw.githubusercontent.com/PokeAPI/sprites/1dce80ceb372675e9fc7e9f101b71845ef587de2/sprites/pokemon/25.png,https://raw.githubusercontent.com/PokeAPI/sprites/1dce80ceb372675e9fc7e9f101b71845ef587de2/sprites/pokemon/back/25.png,not_individually_verified,not_individually_verified
dex:form:pikachugmax,25,皮卡丘 · 超极巨化,gigantamax,https://raw.githubusercontent.com/PokeAPI/sprites/1dce80ceb372675e9fc7e9f101b71845ef587de2/sprites/pokemon/10199.png,https://raw.githubusercontent.com/PokeAPI/sprites/1dce80ceb372675e9fc7e9f101b71845ef587de2/sprites/pokemon/back/10199.png,not_individually_verified,not_individually_verified
dex:form:pikachualola,25,皮卡丘 · 阿罗拉之帽,cosmetic,https://raw.githubusercontent.com/PokeAPI/sprites/1dce80ceb372675e9fc7e9f101b71845ef587de2/sprites/pokemon/10099.png,https://raw.githubusercontent.com/PokeAPI/sprites/1dce80ceb372675e9fc7e9f101b71845ef587de2/sprites/pokemon/back/10099.png,not_individually_verified,not_individually_verified
dex:form:pikachubelle,25,皮卡丘 · 贵妇装扮,cosmetic,https://raw.githubusercontent.com/PokeAPI/sprites/1dce80ceb372675e9fc7e9f101b71845ef587de2/sprites/pokemon/10081.png,https://raw.githubusercontent.com/PokeAPI/sprites/1dce80ceb372675e9fc7e9f101b71845ef587de2/sprites/pokemon/back/10081.png,not_individually_verified,not_individually_verified
dex:form:pikachucosplay,25,皮卡丘 · 换装形态,cosmetic,https://raw.githubusercontent.com/PokeAPI/sprites/1dce80ceb372675e9fc7e9f101b71845ef587de2/sprites/pokemon/10085.png,https://raw.githubusercontent.com/PokeAPI/sprites/1dce80ceb372675e9fc7e9f101b71845ef587de2/sprites/pokemon/back/10085.png,not_individually_verified,not_individually_verified
dex:form:pikachuhoenn,25,皮卡丘 · 丰缘之帽,cosmetic,https://raw.githubusercontent.com/PokeAPI/sprites/1dce80ceb372675e9fc7e9f101b71845ef587de2/sprites/pokemon/10095.png,https://raw.githubusercontent.com/PokeAPI/sprites/1dce80ceb372675e9fc7e9f101b71845ef587de2/sprites/pokemon/back/10095.png,not_individually_verified,not_individually_verified
dex:form:pikachukalos,25,皮卡丘 · 卡洛斯之帽,cosmetic,https://raw.githubusercontent.com/PokeAPI/sprites/1dce80ceb372675e9fc7e9f101b71845ef587de2/sprites/pokemon/10098.png,https://raw.githubusercontent.com/PokeAPI/sprites/1dce80ceb372675e9fc7e9f101b71845ef587de2/sprites/pokemon/back/10098.png,not_individually_verified,not_individually_verified
dex:form:pikachulibre,25,皮卡丘 · 面罩摔角手,cosmetic,https://raw.githubusercontent.com/PokeAPI/sprites/1dce80ceb372675e9fc7e9f101b71845ef587de2/sprites/pokemon/10084.png,https://raw.githubusercontent.com/PokeAPI/sprites/1dce80ceb372675e9fc7e9f101b71845ef587de2/sprites/pokemon/back/10084.png,not_individually_verified,not_individually_verified
dex:form:pikachuoriginal,25,皮卡丘 · 初始之帽,cosmetic,https://raw.githubusercontent.com/PokeAPI/sprites/1dce80ceb372675e9fc7e9f101b71845ef587de2/sprites/pokemon/10094.png,https://raw.githubusercontent.com/PokeAPI/sprites/1dce80ceb372675e9fc7e9f101b71845ef587de2/sprites/pokemon/back/10094.png,not_individually_verified,not_individually_verified
dex:form:pikachupartner,25,皮卡丘 · 就决定是你了之帽,cosmetic,https://raw.githubusercontent.com/PokeAPI/sprites/1dce80ceb372675e9fc7e9f101b71845ef587de2/sprites/pokemon/10148.png,https://raw.githubusercontent.com/PokeAPI/sprites/1dce80ceb372675e9fc7e9f101b71845ef587de2/sprites/pokemon/back/10148.png,not_individually_verified,not_individually_verified
dex:form:pikachuphd,25,皮卡丘 · 博士装扮,cosmetic,https://raw.githubusercontent.com/PokeAPI/sprites/1dce80ceb372675e9fc7e9f101b71845ef587de2/sprites/pokemon/10083.png,https://raw.githubusercontent.com/PokeAPI/sprites/1dce80ceb372675e9fc7e9f101b71845ef587de2/sprites/pokemon/back/10083.png,not_individually_verified,not_individually_verified
dex:form:pikachupopstar,25,皮卡丘 · 偶像装扮,cosmetic,https://raw.githubusercontent.com/PokeAPI/sprites/1dce80ceb372675e9fc7e9f101b71845ef587de2/sprites/pokemon/10082.png,https://raw.githubusercontent.com/PokeAPI/sprites/1dce80ceb372675e9fc7e9f101b71845ef587de2/sprites/pokemon/back/10082.png,not_individually_verified,not_individually_verified
dex:form:pikachurockstar,25,皮卡丘 · 摇滚装扮,cosmetic,https://raw.githubusercontent.com/PokeAPI/sprites/1dce80ceb372675e9fc7e9f101b71845ef587de2/sprites/pokemon/10080.png,https://raw.githubusercontent.com/PokeAPI/sprites/1dce80ceb372675e9fc7e9f101b71845ef587de2/sprites/pokemon/back/10080.png,not_individually_verified,not_individually_verified
dex:form:pikachusinnoh,25,皮卡丘 · 神奥之帽,cosmetic,https://raw.githubusercontent.com/PokeAPI/sprites/1dce80ceb372675e9fc7e9f101b71845ef587de2/sprites/pokemon/10096.png,https://raw.githubusercontent.com/PokeAPI/sprites/1dce80ceb372675e9fc7e9f101b71845ef587de2/sprites/pokemon/back/10096.png,not_individually_verified,not_individually_verified
dex:form:pikachuunova,25,皮卡丘 · 合众之帽,cosmetic,https://raw.githubusercontent.com/PokeAPI/sprites/1dce80ceb372675e9fc7e9f101b71845ef587de2/sprites/pokemon/10097.png,https://raw.githubusercontent.com/PokeAPI/sprites/1dce80ceb372675e9fc7e9f101b71845ef587de2/sprites/pokemon/back/10097.png,not_individually_verified,not_individually_verified
dex:form:pikachuworld,25,皮卡丘 · 世界之帽,cosmetic,https://raw.githubusercontent.com/PokeAPI/sprites/1dce80ceb372675e9fc7e9f101b71845ef587de2/sprites/pokemon/10160.png,https://raw.githubusercontent.com/PokeAPI/sprites/1dce80ceb372675e9fc7e9f101b71845ef587de2/sprites/pokemon/back/10160.png,not_individually_verified,not_individually_verified
dex:form:pikachualola:dynamax,25,皮卡丘 · 阿罗拉之帽 · 极巨化,dynamax,https://raw.githubusercontent.com/PokeAPI/sprites/1dce80ceb372675e9fc7e9f101b71845ef587de2/sprites/pokemon/10099.png,https://raw.githubusercontent.com/PokeAPI/sprites/1dce80ceb372675e9fc7e9f101b71845ef587de2/sprites/pokemon/back/10099.png,not_individually_verified,not_individually_verified
dex:form:pikachuhoenn:dynamax,25,皮卡丘 · 丰缘之帽 · 极巨化,dynamax,https://raw.githubusercontent.com/PokeAPI/sprites/1dce80ceb372675e9fc7e9f101b71845ef587de2/sprites/pokemon/10095.png,https://raw.githubusercontent.com/PokeAPI/sprites/1dce80ceb372675e9fc7e9f101b71845ef587de2/sprites/pokemon/back/10095.png,not_individually_verified,not_individually_verified
dex:form:pikachukalos:dynamax,25,皮卡丘 · 卡洛斯之帽 · 极巨化,dynamax,https://raw.githubusercontent.com/PokeAPI/sprites/1dce80ceb372675e9fc7e9f101b71845ef587de2/sprites/pokemon/10098.png,https://raw.githubusercontent.com/PokeAPI/sprites/1dce80ceb372675e9fc7e9f101b71845ef587de2/sprites/pokemon/back/10098.png,not_individually_verified,not_individually_verified
dex:form:pikachuoriginal:dynamax,25,皮卡丘 · 初始之帽 · 极巨化,dynamax,https://raw.githubusercontent.com/PokeAPI/sprites/1dce80ceb372675e9fc7e9f101b71845ef587de2/sprites/pokemon/10094.png,https://raw.githubusercontent.com/PokeAPI/sprites/1dce80ceb372675e9fc7e9f101b71845ef587de2/sprites/pokemon/back/10094.png,not_individually_verified,not_individually_verified
dex:form:pikachupartner:dynamax,25,皮卡丘 · 就决定是你了之帽 · 极巨化,dynamax,https://raw.githubusercontent.com/PokeAPI/sprites/1dce80ceb372675e9fc7e9f101b71845ef587de2/sprites/pokemon/10148.png,https://raw.githubusercontent.com/PokeAPI/sprites/1dce80ceb372675e9fc7e9f101b71845ef587de2/sprites/pokemon/back/10148.png,not_individually_verified,not_individually_verified
dex:form:pikachusinnoh:dynamax,25,皮卡丘 · 神奥之帽 · 极巨化,dynamax,https://raw.githubusercontent.com/PokeAPI/sprites/1dce80ceb372675e9fc7e9f101b71845ef587de2/sprites/pokemon/10096.png,https://raw.githubusercontent.com/PokeAPI/sprites/1dce80ceb372675e9fc7e9f101b71845ef587de2/sprites/pokemon/back/10096.png,not_individually_verified,not_individually_verified
dex:form:pikachuunova:dynamax,25,皮卡丘 · 合众之帽 · 极巨化,dynamax,https://raw.githubusercontent.com/PokeAPI/sprites/1dce80ceb372675e9fc7e9f101b71845ef587de2/sprites/pokemon/10097.png,https://raw.githubusercontent.com/PokeAPI/sprites/1dce80ceb372675e9fc7e9f101b71845ef587de2/sprites/pokemon/back/10097.png,not_individually_verified,not_individually_verified
dex:form:pikachuworld:dynamax,25,皮卡丘 · 世界之帽 · 极巨化,dynamax,https://raw.githubusercontent.com/PokeAPI/sprites/1dce80ceb372675e9fc7e9f101b71845ef587de2/sprites/pokemon/10160.png,https://raw.githubusercontent.com/PokeAPI/sprites/1dce80ceb372675e9fc7e9f101b71845ef587de2/sprites/pokemon/back/10160.png,not_individually_verified,not_individually_verified
dex:pikachu:base:dynamax,25,皮卡丘 · 极巨化,dynamax,https://raw.githubusercontent.com/PokeAPI/sprites/1dce80ceb372675e9fc7e9f101b71845ef587de2/sprites/pokemon/25.png,https://raw.githubusercontent.com/PokeAPI/sprites/1dce80ceb372675e9fc7e9f101b71845ef587de2/sprites/pokemon/back/25.png,not_individually_verified,not_individually_verified
dex:form:pikachustarter,25,皮卡丘 · 搭档形态,special_form,https://raw.githubusercontent.com/PokeAPI/sprites/1dce80ceb372675e9fc7e9f101b71845ef587de2/sprites/pokemon/10158.png,https://raw.githubusercontent.com/PokeAPI/sprites/1dce80ceb372675e9fc7e9f101b71845ef587de2/sprites/pokemon/back/10158.png,not_individually_verified,not_individually_verified
dex:omni:ultra58:1076,25,小智皮卡丘 · 神战版,source_variant,/ultra-art/1076-front_default.png,/ultra-art/1076-back_default.png,not_individually_verified,not_individually_verified
dex:omni:ultra58:431,25,飞行皮卡丘,source_variant,/ultra-art/431-front_default.png,/ultra-art/431-back_default.png,not_individually_verified,not_individually_verified
dex:raichu:base,26,雷丘,base,https://raw.githubusercontent.com/PokeAPI/sprites/1dce80ceb372675e9fc7e9f101b71845ef587de2/sprites/pokemon/26.png,https://raw.githubusercontent.com/PokeAPI/sprites/1dce80ceb372675e9fc7e9f101b71845ef587de2/sprites/pokemon/back/26.png,not_individually_verified,not_individually_verified
dex:form:raichumegax,26,雷丘 · 超级进化 X,mega,https://raw.githubusercontent.com/PokeAPI/sprites/1dce80ceb372675e9fc7e9f101b71845ef587de2/sprites/pokemon/10304.png,https://raw.githubusercontent.com/PokeAPI/sprites/1dce80ceb372675e9fc7e9f101b71845ef587de2/sprites/pokemon/back/10304.png,not_individually_verified,not_individually_verified
dex:form:raichumegay,26,雷丘 · 超级进化 Y,mega,https://raw.githubusercontent.com/PokeAPI/sprites/1dce80ceb372675e9fc7e9f101b71845ef587de2/sprites/pokemon/10305.png,https://raw.githubusercontent.com/PokeAPI/sprites/1dce80ceb372675e9fc7e9f101b71845ef587de2/sprites/pokemon/back/10305.png,not_individually_verified,not_individually_verified
dex:form:raichualola,26,雷丘 · 阿罗拉的样子,regional,https://raw.githubusercontent.com/PokeAPI/sprites/1dce80ceb372675e9fc7e9f101b71845ef587de2/sprites/pokemon/10100.png,https://raw.githubusercontent.com/PokeAPI/sprites/1dce80ceb372675e9fc7e9f101b71845ef587de2/sprites/pokemon/back/10100.png,not_individually_verified,not_individually_verified
dex:form:raichualola:dynamax,26,雷丘 · 阿罗拉的样子 · 极巨化,dynamax,https://raw.githubusercontent.com/PokeAPI/sprites/1dce80ceb372675e9fc7e9f101b71845ef587de2/sprites/pokemon/10100.png,https://raw.githubusercontent.com/PokeAPI/sprites/1dce80ceb372675e9fc7e9f101b71845ef587de2/sprites/pokemon/back/10100.png,not_individually_verified,not_individually_verified
dex:raichu:base:dynamax,26,雷丘 · 极巨化,dynamax,https://raw.githubusercontent.com/PokeAPI/sprites/1dce80ceb372675e9fc7e9f101b71845ef587de2/sprites/pokemon/26.png,https://raw.githubusercontent.com/PokeAPI/sprites/1dce80ceb372675e9fc7e9f101b71845ef587de2/sprites/pokemon/back/26.png,not_individually_verified,not_individually_verified
dex:sandshrew:base,27,穿山鼠,base,https://raw.githubusercontent.com/PokeAPI/sprites/1dce80ceb372675e9fc7e9f101b71845ef587de2/sprites/pokemon/27.png,https://raw.githubusercontent.com/PokeAPI/sprites/1dce80ceb372675e9fc7e9f101b71845ef587de2/sprites/pokemon/back/27.png,not_individually_verified,not_individually_verified
dex:form:sandshrewalola,27,穿山鼠 · 阿罗拉的样子,regional,https://raw.githubusercontent.com/PokeAPI/sprites/1dce80ceb372675e9fc7e9f101b71845ef587de2/sprites/pokemon/10101.png,https://raw.githubusercontent.com/PokeAPI/sprites/1dce80ceb372675e9fc7e9f101b71845ef587de2/sprites/pokemon/back/10101.png,not_individually_verified,not_individually_verified
dex:form:sandshrewalola:dynamax,27,穿山鼠 · 阿罗拉的样子 · 极巨化,dynamax,https://raw.githubusercontent.com/PokeAPI/sprites/1dce80ceb372675e9fc7e9f101b71845ef587de2/sprites/pokemon/10101.png,https://raw.githubusercontent.com/PokeAPI/sprites/1dce80ceb372675e9fc7e9f101b71845ef587de2/sprites/pokemon/back/10101.png,not_individually_verified,not_individually_verified
dex:sandshrew:base:dynamax,27,穿山鼠 · 极巨化,dynamax,https://raw.githubusercontent.com/PokeAPI/sprites/1dce80ceb372675e9fc7e9f101b71845ef587de2/sprites/pokemon/27.png,https://raw.githubusercontent.com/PokeAPI/sprites/1dce80ceb372675e9fc7e9f101b71845ef587de2/sprites/pokemon/back/27.png,not_individually_verified,not_individually_verified
dex:sandslash:base,28,穿山王,base,https://raw.githubusercontent.com/PokeAPI/sprites/1dce80ceb372675e9fc7e9f101b71845ef587de2/sprites/pokemon/28.png,https://raw.githubusercontent.com/PokeAPI/sprites/1dce80ceb372675e9fc7e9f101b71845ef587de2/sprites/pokemon/back/28.png,not_individually_verified,not_individually_verified
dex:form:sandslashalola,28,穿山王 · 阿罗拉的样子,regional,https://raw.githubusercontent.com/PokeAPI/sprites/1dce80ceb372675e9fc7e9f101b71845ef587de2/sprites/pokemon/10102.png,https://raw.githubusercontent.com/PokeAPI/sprites/1dce80ceb372675e9fc7e9f101b71845ef587de2/sprites/pokemon/back/10102.png,not_individually_verified,not_individually_verified
dex:form:sandslashalola:dynamax,28,穿山王 · 阿罗拉的样子 · 极巨化,dynamax,https://raw.githubusercontent.com/PokeAPI/sprites/1dce80ceb372675e9fc7e9f101b71845ef587de2/sprites/pokemon/10102.png,https://raw.githubusercontent.com/PokeAPI/sprites/1dce80ceb372675e9fc7e9f101b71845ef587de2/sprites/pokemon/back/10102.png,not_individually_verified,not_individually_verified
dex:sandslash:base:dynamax,28,穿山王 · 极巨化,dynamax,https://raw.githubusercontent.com/PokeAPI/sprites/1dce80ceb372675e9fc7e9f101b71845ef587de2/sprites/pokemon/28.png,https://raw.githubusercontent.com/PokeAPI/sprites/1dce80ceb372675e9fc7e9f101b71845ef587de2/sprites/pokemon/back/28.png,not_individually_verified,not_individually_verified
dex:nidoranf:base,29,尼多兰,base,https://raw.githubusercontent.com/PokeAPI/sprites/1dce80ceb372675e9fc7e9f101b71845ef587de2/sprites/pokemon/29.png,https://raw.githubusercontent.com/PokeAPI/sprites/1dce80ceb372675e9fc7e9f101b71845ef587de2/sprites/pokemon/back/29.png,not_individually_verified,not_individually_verified
dex:nidoranf:base:dynamax,29,尼多兰 · 极巨化,dynamax,https://raw.githubusercontent.com/PokeAPI/sprites/1dce80ceb372675e9fc7e9f101b71845ef587de2/sprites/pokemon/29.png,https://raw.githubusercontent.com/PokeAPI/sprites/1dce80ceb372675e9fc7e9f101b71845ef587de2/sprites/pokemon/back/29.png,not_individually_verified,not_individually_verified
dex:nidorina:base,30,尼多娜,base,https://raw.githubusercontent.com/PokeAPI/sprites/1dce80ceb372675e9fc7e9f101b71845ef587de2/sprites/pokemon/30.png,https://raw.githubusercontent.com/PokeAPI/sprites/1dce80ceb372675e9fc7e9f101b71845ef587de2/sprites/pokemon/back/30.png,not_individually_verified,not_individually_verified
dex:nidorina:base:dynamax,30,尼多娜 · 极巨化,dynamax,https://raw.githubusercontent.com/PokeAPI/sprites/1dce80ceb372675e9fc7e9f101b71845ef587de2/sprites/pokemon/30.png,https://raw.githubusercontent.com/PokeAPI/sprites/1dce80ceb372675e9fc7e9f101b71845ef587de2/sprites/pokemon/back/30.png,not_individually_verified,not_individually_verified
dex:nidoqueen:base,31,尼多后,base,https://raw.githubusercontent.com/PokeAPI/sprites/1dce80ceb372675e9fc7e9f101b71845ef587de2/sprites/pokemon/31.png,https://raw.githubusercontent.com/PokeAPI/sprites/1dce80ceb372675e9fc7e9f101b71845ef587de2/sprites/pokemon/back/31.png,not_individually_verified,not_individually_verified
dex:nidoqueen:base:dynamax,31,尼多后 · 极巨化,dynamax,https://raw.githubusercontent.com/PokeAPI/sprites/1dce80ceb372675e9fc7e9f101b71845ef587de2/sprites/pokemon/31.png,https://raw.githubusercontent.com/PokeAPI/sprites/1dce80ceb372675e9fc7e9f101b71845ef587de2/sprites/pokemon/back/31.png,not_individually_verified,not_individually_verified
dex:nidoranm:base,32,尼多朗,base,https://raw.githubusercontent.com/PokeAPI/sprites/1dce80ceb372675e9fc7e9f101b71845ef587de2/sprites/pokemon/32.png,https://raw.githubusercontent.com/PokeAPI/sprites/1dce80ceb372675e9fc7e9f101b71845ef587de2/sprites/pokemon/back/32.png,not_individually_verified,not_individually_verified
dex:nidoranm:base:dynamax,32,尼多朗 · 极巨化,dynamax,https://raw.githubusercontent.com/PokeAPI/sprites/1dce80ceb372675e9fc7e9f101b71845ef587de2/sprites/pokemon/32.png,https://raw.githubusercontent.com/PokeAPI/sprites/1dce80ceb372675e9fc7e9f101b71845ef587de2/sprites/pokemon/back/32.png,not_individually_verified,not_individually_verified
dex:nidorino:base,33,尼多力诺,base,https://raw.githubusercontent.com/PokeAPI/sprites/1dce80ceb372675e9fc7e9f101b71845ef587de2/sprites/pokemon/33.png,https://raw.githubusercontent.com/PokeAPI/sprites/1dce80ceb372675e9fc7e9f101b71845ef587de2/sprites/pokemon/back/33.png,not_individually_verified,not_individually_verified
dex:nidorino:base:dynamax,33,尼多力诺 · 极巨化,dynamax,https://raw.githubusercontent.com/PokeAPI/sprites/1dce80ceb372675e9fc7e9f101b71845ef587de2/sprites/pokemon/33.png,https://raw.githubusercontent.com/PokeAPI/sprites/1dce80ceb372675e9fc7e9f101b71845ef587de2/sprites/pokemon/back/33.png,not_individually_verified,not_individually_verified
dex:nidoking:base,34,尼多王,base,https://raw.githubusercontent.com/PokeAPI/sprites/1dce80ceb372675e9fc7e9f101b71845ef587de2/sprites/pokemon/34.png,https://raw.githubusercontent.com/PokeAPI/sprites/1dce80ceb372675e9fc7e9f101b71845ef587de2/sprites/pokemon/back/34.png,not_individually_verified,not_individually_verified
dex:nidoking:base:dynamax,34,尼多王 · 极巨化,dynamax,https://raw.githubusercontent.com/PokeAPI/sprites/1dce80ceb372675e9fc7e9f101b71845ef587de2/sprites/pokemon/34.png,https://raw.githubusercontent.com/PokeAPI/sprites/1dce80ceb372675e9fc7e9f101b71845ef587de2/sprites/pokemon/back/34.png,not_individually_verified,not_individually_verified
dex:omni:ultra58:425,34,尼多王 X,source_variant,/ultra-art/425-front_default.png,/ultra-art/425-back_default.png,not_individually_verified,not_individually_verified
dex:omni:ultra58:427,34,尼多王 Y,source_variant,/ultra-art/427-front_default.png,/ultra-art/427-back_default.png,not_individually_verified,not_individually_verified
dex:clefairy:base,35,皮皮,base,https://raw.githubusercontent.com/PokeAPI/sprites/1dce80ceb372675e9fc7e9f101b71845ef587de2/sprites/pokemon/35.png,https://raw.githubusercontent.com/PokeAPI/sprites/1dce80ceb372675e9fc7e9f101b71845ef587de2/sprites/pokemon/back/35.png,not_individually_verified,not_individually_verified
dex:clefairy:base:dynamax,35,皮皮 · 极巨化,dynamax,https://raw.githubusercontent.com/PokeAPI/sprites/1dce80ceb372675e9fc7e9f101b71845ef587de2/sprites/pokemon/35.png,https://raw.githubusercontent.com/PokeAPI/sprites/1dce80ceb372675e9fc7e9f101b71845ef587de2/sprites/pokemon/back/35.png,not_individually_verified,not_individually_verified
dex:clefable:base,36,皮可西,base,https://raw.githubusercontent.com/PokeAPI/sprites/1dce80ceb372675e9fc7e9f101b71845ef587de2/sprites/pokemon/36.png,https://raw.githubusercontent.com/PokeAPI/sprites/1dce80ceb372675e9fc7e9f101b71845ef587de2/sprites/pokemon/back/36.png,not_individually_verified,not_individually_verified
dex:form:clefablemega,36,皮可西 · 超级进化,mega,https://raw.githubusercontent.com/PokeAPI/sprites/1dce80ceb372675e9fc7e9f101b71845ef587de2/sprites/pokemon/10278.png,https://raw.githubusercontent.com/PokeAPI/sprites/1dce80ceb372675e9fc7e9f101b71845ef587de2/sprites/pokemon/back/10278.png,not_individually_verified,not_individually_verified
dex:clefable:base:dynamax,36,皮可西 · 极巨化,dynamax,https://raw.githubusercontent.com/PokeAPI/sprites/1dce80ceb372675e9fc7e9f101b71845ef587de2/sprites/pokemon/36.png,https://raw.githubusercontent.com/PokeAPI/sprites/1dce80ceb372675e9fc7e9f101b71845ef587de2/sprites/pokemon/back/36.png,not_individually_verified,not_individually_verified
dex:vulpix:base,37,六尾,base,https://raw.githubusercontent.com/PokeAPI/sprites/1dce80ceb372675e9fc7e9f101b71845ef587de2/sprites/pokemon/37.png,https://raw.githubusercontent.com/PokeAPI/sprites/1dce80ceb372675e9fc7e9f101b71845ef587de2/sprites/pokemon/back/37.png,not_individually_verified,not_individually_verified
dex:form:vulpixalola,37,六尾 · 阿罗拉的样子,regional,https://raw.githubusercontent.com/PokeAPI/sprites/1dce80ceb372675e9fc7e9f101b71845ef587de2/sprites/pokemon/10103.png,https://raw.githubusercontent.com/PokeAPI/sprites/1dce80ceb372675e9fc7e9f101b71845ef587de2/sprites/pokemon/back/10103.png,not_individually_verified,not_individually_verified
dex:form:vulpixalola:dynamax,37,六尾 · 阿罗拉的样子 · 极巨化,dynamax,https://raw.githubusercontent.com/PokeAPI/sprites/1dce80ceb372675e9fc7e9f101b71845ef587de2/sprites/pokemon/10103.png,https://raw.githubusercontent.com/PokeAPI/sprites/1dce80ceb372675e9fc7e9f101b71845ef587de2/sprites/pokemon/back/10103.png,not_individually_verified,not_individually_verified
dex:vulpix:base:dynamax,37,六尾 · 极巨化,dynamax,https://raw.githubusercontent.com/PokeAPI/sprites/1dce80ceb372675e9fc7e9f101b71845ef587de2/sprites/pokemon/37.png,https://raw.githubusercontent.com/PokeAPI/sprites/1dce80ceb372675e9fc7e9f101b71845ef587de2/sprites/pokemon/back/37.png,not_individually_verified,not_individually_verified
dex:ninetales:base,38,九尾,base,https://raw.githubusercontent.com/PokeAPI/sprites/1dce80ceb372675e9fc7e9f101b71845ef587de2/sprites/pokemon/38.png,https://raw.githubusercontent.com/PokeAPI/sprites/1dce80ceb372675e9fc7e9f101b71845ef587de2/sprites/pokemon/back/38.png,not_individually_verified,not_individually_verified
dex:form:ninetalesalola,38,九尾 · 阿罗拉的样子,regional,https://raw.githubusercontent.com/PokeAPI/sprites/1dce80ceb372675e9fc7e9f101b71845ef587de2/sprites/pokemon/10104.png,https://raw.githubusercontent.com/PokeAPI/sprites/1dce80ceb372675e9fc7e9f101b71845ef587de2/sprites/pokemon/back/10104.png,not_individually_verified,not_individually_verified
dex:omni:rocket-bond:ninetales,38,九尾 · 羁绊,rocket_bond_candidate,/rocket-art/ninetales-front_default.png,/rocket-art/ninetales-back_default.png,not_individually_verified,not_individually_verified
dex:form:ninetalesalola:dynamax,38,九尾 · 阿罗拉的样子 · 极巨化,dynamax,https://raw.githubusercontent.com/PokeAPI/sprites/1dce80ceb372675e9fc7e9f101b71845ef587de2/sprites/pokemon/10104.png,https://raw.githubusercontent.com/PokeAPI/sprites/1dce80ceb372675e9fc7e9f101b71845ef587de2/sprites/pokemon/back/10104.png,not_individually_verified,not_individually_verified
dex:ninetales:base:dynamax,38,九尾 · 极巨化,dynamax,https://raw.githubusercontent.com/PokeAPI/sprites/1dce80ceb372675e9fc7e9f101b71845ef587de2/sprites/pokemon/38.png,https://raw.githubusercontent.com/PokeAPI/sprites/1dce80ceb372675e9fc7e9f101b71845ef587de2/sprites/pokemon/back/38.png,not_individually_verified,not_individually_verified
dex:omni:ultra58:434,38,超级九尾,source_variant,/ultra-art/434-front_default.png,/ultra-art/434-back_default.png,not_individually_verified,not_individually_verified
dex:jigglypuff:base,39,胖丁,base,https://raw.githubusercontent.com/PokeAPI/sprites/1dce80ceb372675e9fc7e9f101b71845ef587de2/sprites/pokemon/39.png,https://raw.githubusercontent.com/PokeAPI/sprites/1dce80ceb372675e9fc7e9f101b71845ef587de2/sprites/pokemon/back/39.png,not_individually_verified,not_individually_verified
dex:jigglypuff:base:dynamax,39,胖丁 · 极巨化,dynamax,https://raw.githubusercontent.com/PokeAPI/sprites/1dce80ceb372675e9fc7e9f101b71845ef587de2/sprites/pokemon/39.png,https://raw.githubusercontent.com/PokeAPI/sprites/1dce80ceb372675e9fc7e9f101b71845ef587de2/sprites/pokemon/back/39.png,not_individually_verified,not_individually_verified
dex:wigglytuff:base,40,胖可丁,base,https://raw.githubusercontent.com/PokeAPI/sprites/1dce80ceb372675e9fc7e9f101b71845ef587de2/sprites/pokemon/40.png,https://raw.githubusercontent.com/PokeAPI/sprites/1dce80ceb372675e9fc7e9f101b71845ef587de2/sprites/pokemon/back/40.png,not_individually_verified,not_individually_verified
dex:wigglytuff:base:dynamax,40,胖可丁 · 极巨化,dynamax,https://raw.githubusercontent.com/PokeAPI/sprites/1dce80ceb372675e9fc7e9f101b71845ef587de2/sprites/pokemon/40.png,https://raw.githubusercontent.com/PokeAPI/sprites/1dce80ceb372675e9fc7e9f101b71845ef587de2/sprites/pokemon/back/40.png,not_individually_verified,not_individually_verified
dex:zubat:base,41,超音蝠,base,https://raw.githubusercontent.com/PokeAPI/sprites/1dce80ceb372675e9fc7e9f101b71845ef587de2/sprites/pokemon/41.png,https://raw.githubusercontent.com/PokeAPI/sprites/1dce80ceb372675e9fc7e9f101b71845ef587de2/sprites/pokemon/back/41.png,not_individually_verified,not_individually_verified
dex:zubat:base:dynamax,41,超音蝠 · 极巨化,dynamax,https://raw.githubusercontent.com/PokeAPI/sprites/1dce80ceb372675e9fc7e9f101b71845ef587de2/sprites/pokemon/41.png,https://raw.githubusercontent.com/PokeAPI/sprites/1dce80ceb372675e9fc7e9f101b71845ef587de2/sprites/pokemon/back/41.png,not_individually_verified,not_individually_verified
dex:golbat:base,42,大嘴蝠,base,https://raw.githubusercontent.com/PokeAPI/sprites/1dce80ceb372675e9fc7e9f101b71845ef587de2/sprites/pokemon/42.png,https://raw.githubusercontent.com/PokeAPI/sprites/1dce80ceb372675e9fc7e9f101b71845ef587de2/sprites/pokemon/back/42.png,not_individually_verified,not_individually_verified
dex:golbat:base:dynamax,42,大嘴蝠 · 极巨化,dynamax,https://raw.githubusercontent.com/PokeAPI/sprites/1dce80ceb372675e9fc7e9f101b71845ef587de2/sprites/pokemon/42.png,https://raw.githubusercontent.com/PokeAPI/sprites/1dce80ceb372675e9fc7e9f101b71845ef587de2/sprites/pokemon/back/42.png,not_individually_verified,not_individually_verified
dex:oddish:base,43,走路草,base,https://raw.githubusercontent.com/PokeAPI/sprites/1dce80ceb372675e9fc7e9f101b71845ef587de2/sprites/pokemon/43.png,https://raw.githubusercontent.com/PokeAPI/sprites/1dce80ceb372675e9fc7e9f101b71845ef587de2/sprites/pokemon/back/43.png,not_individually_verified,not_individually_verified
dex:oddish:base:dynamax,43,走路草 · 极巨化,dynamax,https://raw.githubusercontent.com/PokeAPI/sprites/1dce80ceb372675e9fc7e9f101b71845ef587de2/sprites/pokemon/43.png,https://raw.githubusercontent.com/PokeAPI/sprites/1dce80ceb372675e9fc7e9f101b71845ef587de2/sprites/pokemon/back/43.png,not_individually_verified,not_individually_verified
dex:gloom:base,44,臭臭花,base,https://raw.githubusercontent.com/PokeAPI/sprites/1dce80ceb372675e9fc7e9f101b71845ef587de2/sprites/pokemon/44.png,https://raw.githubusercontent.com/PokeAPI/sprites/1dce80ceb372675e9fc7e9f101b71845ef587de2/sprites/pokemon/back/44.png,not_individually_verified,not_individually_verified
dex:gloom:base:dynamax,44,臭臭花 · 极巨化,dynamax,https://raw.githubusercontent.com/PokeAPI/sprites/1dce80ceb372675e9fc7e9f101b71845ef587de2/sprites/pokemon/44.png,https://raw.githubusercontent.com/PokeAPI/sprites/1dce80ceb372675e9fc7e9f101b71845ef587de2/sprites/pokemon/back/44.png,not_individually_verified,not_individually_verified
dex:vileplume:base,45,霸王花,base,https://raw.githubusercontent.com/PokeAPI/sprites/1dce80ceb372675e9fc7e9f101b71845ef587de2/sprites/pokemon/45.png,https://raw.githubusercontent.com/PokeAPI/sprites/1dce80ceb372675e9fc7e9f101b71845ef587de2/sprites/pokemon/back/45.png,not_individually_verified,not_individually_verified
dex:vileplume:base:dynamax,45,霸王花 · 极巨化,dynamax,https://raw.githubusercontent.com/PokeAPI/sprites/1dce80ceb372675e9fc7e9f101b71845ef587de2/sprites/pokemon/45.png,https://raw.githubusercontent.com/PokeAPI/sprites/1dce80ceb372675e9fc7e9f101b71845ef587de2/sprites/pokemon/back/45.png,not_individually_verified,not_individually_verified
dex:paras:base,46,派拉斯,base,https://raw.githubusercontent.com/PokeAPI/sprites/1dce80ceb372675e9fc7e9f101b71845ef587de2/sprites/pokemon/46.png,https://raw.githubusercontent.com/PokeAPI/sprites/1dce80ceb372675e9fc7e9f101b71845ef587de2/sprites/pokemon/back/46.png,not_individually_verified,not_individually_verified
dex:parasect:base,47,派拉斯特,base,https://raw.githubusercontent.com/PokeAPI/sprites/1dce80ceb372675e9fc7e9f101b71845ef587de2/sprites/pokemon/47.png,https://raw.githubusercontent.com/PokeAPI/sprites/1dce80ceb372675e9fc7e9f101b71845ef587de2/sprites/pokemon/back/47.png,not_individually_verified,not_individually_verified
dex:venonat:base,48,毛球,base,https://raw.githubusercontent.com/PokeAPI/sprites/1dce80ceb372675e9fc7e9f101b71845ef587de2/sprites/pokemon/48.png,https://raw.githubusercontent.com/PokeAPI/sprites/1dce80ceb372675e9fc7e9f101b71845ef587de2/sprites/pokemon/back/48.png,not_individually_verified,not_individually_verified
dex:venomoth:base,49,摩鲁蛾,base,https://raw.githubusercontent.com/PokeAPI/sprites/1dce80ceb372675e9fc7e9f101b71845ef587de2/sprites/pokemon/49.png,https://raw.githubusercontent.com/PokeAPI/sprites/1dce80ceb372675e9fc7e9f101b71845ef587de2/sprites/pokemon/back/49.png,not_individually_verified,not_individually_verified
dex:diglett:base,50,地鼠,base,https://raw.githubusercontent.com/PokeAPI/sprites/1dce80ceb372675e9fc7e9f101b71845ef587de2/sprites/pokemon/50.png,https://raw.githubusercontent.com/PokeAPI/sprites/1dce80ceb372675e9fc7e9f101b71845ef587de2/sprites/pokemon/back/50.png,not_individually_verified,not_individually_verified
dex:form:diglettalola,50,地鼠 · 阿罗拉的样子,regional,https://raw.githubusercontent.com/PokeAPI/sprites/1dce80ceb372675e9fc7e9f101b71845ef587de2/sprites/pokemon/10105.png,https://raw.githubusercontent.com/PokeAPI/sprites/1dce80ceb372675e9fc7e9f101b71845ef587de2/sprites/pokemon/back/10105.png,not_individually_verified,not_individually_verified
dex:diglett:base:dynamax,50,地鼠 · 极巨化,dynamax,https://raw.githubusercontent.com/PokeAPI/sprites/1dce80ceb372675e9fc7e9f101b71845ef587de2/sprites/pokemon/50.png,https://raw.githubusercontent.com/PokeAPI/sprites/1dce80ceb372675e9fc7e9f101b71845ef587de2/sprites/pokemon/back/50.png,not_individually_verified,not_individually_verified
dex:form:diglettalola:dynamax,50,地鼠 · 阿罗拉的样子 · 极巨化,dynamax,https://raw.githubusercontent.com/PokeAPI/sprites/1dce80ceb372675e9fc7e9f101b71845ef587de2/sprites/pokemon/10105.png,https://raw.githubusercontent.com/PokeAPI/sprites/1dce80ceb372675e9fc7e9f101b71845ef587de2/sprites/pokemon/back/10105.png,not_individually_verified,not_individually_verified
dex:dugtrio:base,51,三地鼠,base,https://raw.githubusercontent.com/PokeAPI/sprites/1dce80ceb372675e9fc7e9f101b71845ef587de2/sprites/pokemon/51.png,https://raw.githubusercontent.com/PokeAPI/sprites/1dce80ceb372675e9fc7e9f101b71845ef587de2/sprites/pokemon/back/51.png,not_individually_verified,not_individually_verified
dex:form:dugtrioalola,51,三地鼠 · 阿罗拉的样子,regional,https://raw.githubusercontent.com/PokeAPI/sprites/1dce80ceb372675e9fc7e9f101b71845ef587de2/sprites/pokemon/10106.png,https://raw.githubusercontent.com/PokeAPI/sprites/1dce80ceb372675e9fc7e9f101b71845ef587de2/sprites/pokemon/back/10106.png,not_individually_verified,not_individually_verified
dex:dugtrio:base:dynamax,51,三地鼠 · 极巨化,dynamax,https://raw.githubusercontent.com/PokeAPI/sprites/1dce80ceb372675e9fc7e9f101b71845ef587de2/sprites/pokemon/51.png,https://raw.githubusercontent.com/PokeAPI/sprites/1dce80ceb372675e9fc7e9f101b71845ef587de2/sprites/pokemon/back/51.png,not_individually_verified,not_individually_verified
dex:form:dugtrioalola:dynamax,51,三地鼠 · 阿罗拉的样子 · 极巨化,dynamax,https://raw.githubusercontent.com/PokeAPI/sprites/1dce80ceb372675e9fc7e9f101b71845ef587de2/sprites/pokemon/10106.png,https://raw.githubusercontent.com/PokeAPI/sprites/1dce80ceb372675e9fc7e9f101b71845ef587de2/sprites/pokemon/back/10106.png,not_individually_verified,not_individually_verified
dex:meowth:base,52,喵喵,base,https://raw.githubusercontent.com/PokeAPI/sprites/1dce80ceb372675e9fc7e9f101b71845ef587de2/sprites/pokemon/52.png,https://raw.githubusercontent.com/PokeAPI/sprites/1dce80ceb372675e9fc7e9f101b71845ef587de2/sprites/pokemon/back/52.png,not_individually_verified,not_individually_verified
dex:form:meowthgmax,52,喵喵 · 超极巨化,gigantamax,https://raw.githubusercontent.com/PokeAPI/sprites/1dce80ceb372675e9fc7e9f101b71845ef587de2/sprites/pokemon/10200.png,https://raw.githubusercontent.com/PokeAPI/sprites/1dce80ceb372675e9fc7e9f101b71845ef587de2/sprites/pokemon/back/10200.png,not_individually_verified,not_individually_verified
dex:form:meowthalola,52,喵喵 · 阿罗拉的样子,regional,https://raw.githubusercontent.com/PokeAPI/sprites/1dce80ceb372675e9fc7e9f101b71845ef587de2/sprites/pokemon/10107.png,https://raw.githubusercontent.com/PokeAPI/sprites/1dce80ceb372675e9fc7e9f101b71845ef587de2/sprites/pokemon/back/10107.png,not_individually_verified,not_individually_verified
dex:form:meowthgalar,52,喵喵 · 伽勒尔的样子,regional,https://raw.githubusercontent.com/PokeAPI/sprites/1dce80ceb372675e9fc7e9f101b71845ef587de2/sprites/pokemon/10161.png,https://raw.githubusercontent.com/PokeAPI/sprites/1dce80ceb372675e9fc7e9f101b71845ef587de2/sprites/pokemon/back/10161.png,not_individually_verified,not_individually_verified
dex:form:meowthalola:dynamax,52,喵喵 · 阿罗拉的样子 · 极巨化,dynamax,https://raw.githubusercontent.com/PokeAPI/sprites/1dce80ceb372675e9fc7e9f101b71845ef587de2/sprites/pokemon/10107.png,https://raw.githubusercontent.com/PokeAPI/sprites/1dce80ceb372675e9fc7e9f101b71845ef587de2/sprites/pokemon/back/10107.png,not_individually_verified,not_individually_verified
dex:form:meowthgalar:dynamax,52,喵喵 · 伽勒尔的样子 · 极巨化,dynamax,https://raw.githubusercontent.com/PokeAPI/sprites/1dce80ceb372675e9fc7e9f101b71845ef587de2/sprites/pokemon/10161.png,https://raw.githubusercontent.com/PokeAPI/sprites/1dce80ceb372675e9fc7e9f101b71845ef587de2/sprites/pokemon/back/10161.png,not_individually_verified,not_individually_verified
dex:meowth:base:dynamax,52,喵喵 · 极巨化,dynamax,https://raw.githubusercontent.com/PokeAPI/sprites/1dce80ceb372675e9fc7e9f101b71845ef587de2/sprites/pokemon/52.png,https://raw.githubusercontent.com/PokeAPI/sprites/1dce80ceb372675e9fc7e9f101b71845ef587de2/sprites/pokemon/back/52.png,not_individually_verified,not_individually_verified
dex:persian:base,53,猫老大,base,https://raw.githubusercontent.com/PokeAPI/sprites/1dce80ceb372675e9fc7e9f101b71845ef587de2/sprites/pokemon/53.png,https://raw.githubusercontent.com/PokeAPI/sprites/1dce80ceb372675e9fc7e9f101b71845ef587de2/sprites/pokemon/back/53.png,not_individually_verified,not_individually_verified
dex:form:persianalola,53,猫老大 · 阿罗拉的样子,regional,https://raw.githubusercontent.com/PokeAPI/sprites/1dce80ceb372675e9fc7e9f101b71845ef587de2/sprites/pokemon/10108.png,https://raw.githubusercontent.com/PokeAPI/sprites/1dce80ceb372675e9fc7e9f101b71845ef587de2/sprites/pokemon/back/10108.png,not_individually_verified,not_individually_verified
dex:form:persianalola:dynamax,53,猫老大 · 阿罗拉的样子 · 极巨化,dynamax,https://raw.githubusercontent.com/PokeAPI/sprites/1dce80ceb372675e9fc7e9f101b71845ef587de2/sprites/pokemon/10108.png,https://raw.githubusercontent.com/PokeAPI/sprites/1dce80ceb372675e9fc7e9f101b71845ef587de2/sprites/pokemon/back/10108.png,not_individually_verified,not_individually_verified
dex:persian:base:dynamax,53,猫老大 · 极巨化,dynamax,https://raw.githubusercontent.com/PokeAPI/sprites/1dce80ceb372675e9fc7e9f101b71845ef587de2/sprites/pokemon/53.png,https://raw.githubusercontent.com/PokeAPI/sprites/1dce80ceb372675e9fc7e9f101b71845ef587de2/sprites/pokemon/back/53.png,not_individually_verified,not_individually_verified
dex:psyduck:base,54,可达鸭,base,https://raw.githubusercontent.com/PokeAPI/sprites/1dce80ceb372675e9fc7e9f101b71845ef587de2/sprites/pokemon/54.png,https://raw.githubusercontent.com/PokeAPI/sprites/1dce80ceb372675e9fc7e9f101b71845ef587de2/sprites/pokemon/back/54.png,not_individually_verified,not_individually_verified
dex:psyduck:base:dynamax,54,可达鸭 · 极巨化,dynamax,https://raw.githubusercontent.com/PokeAPI/sprites/1dce80ceb372675e9fc7e9f101b71845ef587de2/sprites/pokemon/54.png,https://raw.githubusercontent.com/PokeAPI/sprites/1dce80ceb372675e9fc7e9f101b71845ef587de2/sprites/pokemon/back/54.png,not_individually_verified,not_individually_verified
dex:golduck:base,55,哥达鸭,base,https://raw.githubusercontent.com/PokeAPI/sprites/1dce80ceb372675e9fc7e9f101b71845ef587de2/sprites/pokemon/55.png,https://raw.githubusercontent.com/PokeAPI/sprites/1dce80ceb372675e9fc7e9f101b71845ef587de2/sprites/pokemon/back/55.png,not_individually_verified,not_individually_verified
dex:golduck:base:dynamax,55,哥达鸭 · 极巨化,dynamax,https://raw.githubusercontent.com/PokeAPI/sprites/1dce80ceb372675e9fc7e9f101b71845ef587de2/sprites/pokemon/55.png,https://raw.githubusercontent.com/PokeAPI/sprites/1dce80ceb372675e9fc7e9f101b71845ef587de2/sprites/pokemon/back/55.png,not_individually_verified,not_individually_verified
dex:mankey:base,56,猴怪,base,https://raw.githubusercontent.com/PokeAPI/sprites/1dce80ceb372675e9fc7e9f101b71845ef587de2/sprites/pokemon/56.png,https://raw.githubusercontent.com/PokeAPI/sprites/1dce80ceb372675e9fc7e9f101b71845ef587de2/sprites/pokemon/back/56.png,not_individually_verified,not_individually_verified
dex:primeape:base,57,火暴猴,base,https://raw.githubusercontent.com/PokeAPI/sprites/1dce80ceb372675e9fc7e9f101b71845ef587de2/sprites/pokemon/57.png,https://raw.githubusercontent.com/PokeAPI/sprites/1dce80ceb372675e9fc7e9f101b71845ef587de2/sprites/pokemon/back/57.png,not_individually_verified,not_individually_verified
dex:growlithe:base,58,卡蒂狗,base,https://raw.githubusercontent.com/PokeAPI/sprites/1dce80ceb372675e9fc7e9f101b71845ef587de2/sprites/pokemon/58.png,https://raw.githubusercontent.com/PokeAPI/sprites/1dce80ceb372675e9fc7e9f101b71845ef587de2/sprites/pokemon/back/58.png,not_individually_verified,not_individually_verified
dex:form:growlithehisui,58,卡蒂狗 · 洗翠,regional,https://raw.githubusercontent.com/PokeAPI/sprites/1dce80ceb372675e9fc7e9f101b71845ef587de2/sprites/pokemon/10229.png,https://raw.githubusercontent.com/PokeAPI/sprites/1dce80ceb372675e9fc7e9f101b71845ef587de2/sprites/pokemon/back/10229.png,not_individually_verified,not_individually_verified
dex:growlithe:base:dynamax,58,卡蒂狗 · 极巨化,dynamax,https://raw.githubusercontent.com/PokeAPI/sprites/1dce80ceb372675e9fc7e9f101b71845ef587de2/sprites/pokemon/58.png,https://raw.githubusercontent.com/PokeAPI/sprites/1dce80ceb372675e9fc7e9f101b71845ef587de2/sprites/pokemon/back/58.png,not_individually_verified,not_individually_verified
dex:arcanine:base,59,风速狗,base,https://raw.githubusercontent.com/PokeAPI/sprites/1dce80ceb372675e9fc7e9f101b71845ef587de2/sprites/pokemon/59.png,https://raw.githubusercontent.com/PokeAPI/sprites/1dce80ceb372675e9fc7e9f101b71845ef587de2/sprites/pokemon/back/59.png,not_individually_verified,not_individually_verified
dex:form:arcaninehisui,59,风速狗 · 洗翠,regional,https://raw.githubusercontent.com/PokeAPI/sprites/1dce80ceb372675e9fc7e9f101b71845ef587de2/sprites/pokemon/10230.png,https://raw.githubusercontent.com/PokeAPI/sprites/1dce80ceb372675e9fc7e9f101b71845ef587de2/sprites/pokemon/back/10230.png,not_individually_verified,not_individually_verified
dex:arcanine:base:dynamax,59,风速狗 · 极巨化,dynamax,https://raw.githubusercontent.com/PokeAPI/sprites/1dce80ceb372675e9fc7e9f101b71845ef587de2/sprites/pokemon/59.png,https://raw.githubusercontent.com/PokeAPI/sprites/1dce80ceb372675e9fc7e9f101b71845ef587de2/sprites/pokemon/back/59.png,not_individually_verified,not_individually_verified
dex:poliwag:base,60,蚊香蝌蚪,base,https://raw.githubusercontent.com/PokeAPI/sprites/1dce80ceb372675e9fc7e9f101b71845ef587de2/sprites/pokemon/60.png,https://raw.githubusercontent.com/PokeAPI/sprites/1dce80ceb372675e9fc7e9f101b71845ef587de2/sprites/pokemon/back/60.png,not_individually_verified,not_individually_verified
dex:poliwag:base:dynamax,60,蚊香蝌蚪 · 极巨化,dynamax,https://raw.githubusercontent.com/PokeAPI/sprites/1dce80ceb372675e9fc7e9f101b71845ef587de2/sprites/pokemon/60.png,https://raw.githubusercontent.com/PokeAPI/sprites/1dce80ceb372675e9fc7e9f101b71845ef587de2/sprites/pokemon/back/60.png,not_individually_verified,not_individually_verified
dex:poliwhirl:base,61,蚊香君,base,https://raw.githubusercontent.com/PokeAPI/sprites/1dce80ceb372675e9fc7e9f101b71845ef587de2/sprites/pokemon/61.png,https://raw.githubusercontent.com/PokeAPI/sprites/1dce80ceb372675e9fc7e9f101b71845ef587de2/sprites/pokemon/back/61.png,not_individually_verified,not_individually_verified
dex:poliwhirl:base:dynamax,61,蚊香君 · 极巨化,dynamax,https://raw.githubusercontent.com/PokeAPI/sprites/1dce80ceb372675e9fc7e9f101b71845ef587de2/sprites/pokemon/61.png,https://raw.githubusercontent.com/PokeAPI/sprites/1dce80ceb372675e9fc7e9f101b71845ef587de2/sprites/pokemon/back/61.png,not_individually_verified,not_individually_verified
dex:poliwrath:base,62,蚊香泳士,base,https://raw.githubusercontent.com/PokeAPI/sprites/1dce80ceb372675e9fc7e9f101b71845ef587de2/sprites/pokemon/62.png,https://raw.githubusercontent.com/PokeAPI/sprites/1dce80ceb372675e9fc7e9f101b71845ef587de2/sprites/pokemon/back/62.png,not_individually_verified,not_individually_verified
dex:omni:rocket-bond:poliwrath,62,蚊香泳士 · 羁绊,rocket_bond_candidate,/rocket-art/poliwrath-front_default.png,/rocket-art/poliwrath-back_default.png,not_individually_verified,not_individually_verified
dex:poliwrath:base:dynamax,62,蚊香泳士 · 极巨化,dynamax,https://raw.githubusercontent.com/PokeAPI/sprites/1dce80ceb372675e9fc7e9f101b71845ef587de2/sprites/pokemon/62.png,https://raw.githubusercontent.com/PokeAPI/sprites/1dce80ceb372675e9fc7e9f101b71845ef587de2/sprites/pokemon/back/62.png,not_individually_verified,not_individually_verified
dex:abra:base,63,凯西,base,https://raw.githubusercontent.com/PokeAPI/sprites/1dce80ceb372675e9fc7e9f101b71845ef587de2/sprites/pokemon/63.png,https://raw.githubusercontent.com/PokeAPI/sprites/1dce80ceb372675e9fc7e9f101b71845ef587de2/sprites/pokemon/back/63.png,not_individually_verified,not_individually_verified
dex:abra:base:dynamax,63,凯西 · 极巨化,dynamax,https://raw.githubusercontent.com/PokeAPI/sprites/1dce80ceb372675e9fc7e9f101b71845ef587de2/sprites/pokemon/63.png,https://raw.githubusercontent.com/PokeAPI/sprites/1dce80ceb372675e9fc7e9f101b71845ef587de2/sprites/pokemon/back/63.png,not_individually_verified,not_individually_verified
dex:kadabra:base,64,勇基拉,base,https://raw.githubusercontent.com/PokeAPI/sprites/1dce80ceb372675e9fc7e9f101b71845ef587de2/sprites/pokemon/64.png,https://raw.githubusercontent.com/PokeAPI/sprites/1dce80ceb372675e9fc7e9f101b71845ef587de2/sprites/pokemon/back/64.png,not_individually_verified,not_individually_verified
dex:kadabra:base:dynamax,64,勇基拉 · 极巨化,dynamax,https://raw.githubusercontent.com/PokeAPI/sprites/1dce80ceb372675e9fc7e9f101b71845ef587de2/sprites/pokemon/64.png,https://raw.githubusercontent.com/PokeAPI/sprites/1dce80ceb372675e9fc7e9f101b71845ef587de2/sprites/pokemon/back/64.png,not_individually_verified,not_individually_verified
dex:alakazam:base,65,胡地,base,https://raw.githubusercontent.com/PokeAPI/sprites/1dce80ceb372675e9fc7e9f101b71845ef587de2/sprites/pokemon/65.png,https://raw.githubusercontent.com/PokeAPI/sprites/1dce80ceb372675e9fc7e9f101b71845ef587de2/sprites/pokemon/back/65.png,not_individually_verified,not_individually_verified
dex:form:alakazammega,65,胡地 · 超级进化,mega,https://raw.githubusercontent.com/PokeAPI/sprites/1dce80ceb372675e9fc7e9f101b71845ef587de2/sprites/pokemon/10037.png,https://raw.githubusercontent.com/PokeAPI/sprites/1dce80ceb372675e9fc7e9f101b71845ef587de2/sprites/pokemon/back/10037.png,not_individually_verified,not_individually_verified
dex:alakazam:base:dynamax,65,胡地 · 极巨化,dynamax,https://raw.githubusercontent.com/PokeAPI/sprites/1dce80ceb372675e9fc7e9f101b71845ef587de2/sprites/pokemon/65.png,https://raw.githubusercontent.com/PokeAPI/sprites/1dce80ceb372675e9fc7e9f101b71845ef587de2/sprites/pokemon/back/65.png,not_individually_verified,not_individually_verified
dex:machop:base,66,腕力,base,https://raw.githubusercontent.com/PokeAPI/sprites/1dce80ceb372675e9fc7e9f101b71845ef587de2/sprites/pokemon/66.png,https://raw.githubusercontent.com/PokeAPI/sprites/1dce80ceb372675e9fc7e9f101b71845ef587de2/sprites/pokemon/back/66.png,not_individually_verified,not_individually_verified
dex:machop:base:dynamax,66,腕力 · 极巨化,dynamax,https://raw.githubusercontent.com/PokeAPI/sprites/1dce80ceb372675e9fc7e9f101b71845ef587de2/sprites/pokemon/66.png,https://raw.githubusercontent.com/PokeAPI/sprites/1dce80ceb372675e9fc7e9f101b71845ef587de2/sprites/pokemon/back/66.png,not_individually_verified,not_individually_verified
dex:machoke:base,67,豪力,base,https://raw.githubusercontent.com/PokeAPI/sprites/1dce80ceb372675e9fc7e9f101b71845ef587de2/sprites/pokemon/67.png,https://raw.githubusercontent.com/PokeAPI/sprites/1dce80ceb372675e9fc7e9f101b71845ef587de2/sprites/pokemon/back/67.png,not_individually_verified,not_individually_verified
dex:machoke:base:dynamax,67,豪力 · 极巨化,dynamax,https://raw.githubusercontent.com/PokeAPI/sprites/1dce80ceb372675e9fc7e9f101b71845ef587de2/sprites/pokemon/67.png,https://raw.githubusercontent.com/PokeAPI/sprites/1dce80ceb372675e9fc7e9f101b71845ef587de2/sprites/pokemon/back/67.png,not_individually_verified,not_individually_verified
dex:machamp:base,68,怪力,base,https://raw.githubusercontent.com/PokeAPI/sprites/1dce80ceb372675e9fc7e9f101b71845ef587de2/sprites/pokemon/68.png,https://raw.githubusercontent.com/PokeAPI/sprites/1dce80ceb372675e9fc7e9f101b71845ef587de2/sprites/pokemon/back/68.png,not_individually_verified,not_individually_verified
dex:form:machampgmax,68,怪力 · 超极巨化,gigantamax,https://raw.githubusercontent.com/PokeAPI/sprites/1dce80ceb372675e9fc7e9f101b71845ef587de2/sprites/pokemon/10201.png,https://raw.githubusercontent.com/PokeAPI/sprites/1dce80ceb372675e9fc7e9f101b71845ef587de2/sprites/pokemon/back/10201.png,not_individually_verified,not_individually_verified
dex:machamp:base:dynamax,68,怪力 · 极巨化,dynamax,https://raw.githubusercontent.com/PokeAPI/sprites/1dce80ceb372675e9fc7e9f101b71845ef587de2/sprites/pokemon/68.png,https://raw.githubusercontent.com/PokeAPI/sprites/1dce80ceb372675e9fc7e9f101b71845ef587de2/sprites/pokemon/back/68.png,not_individually_verified,not_individually_verified
dex:bellsprout:base,69,喇叭芽,base,https://raw.githubusercontent.com/PokeAPI/sprites/1dce80ceb372675e9fc7e9f101b71845ef587de2/sprites/pokemon/69.png,https://raw.githubusercontent.com/PokeAPI/sprites/1dce80ceb372675e9fc7e9f101b71845ef587de2/sprites/pokemon/back/69.png,not_individually_verified,not_individually_verified
dex:weepinbell:base,70,口呆花,base,https://raw.githubusercontent.com/PokeAPI/sprites/1dce80ceb372675e9fc7e9f101b71845ef587de2/sprites/pokemon/70.png,https://raw.githubusercontent.com/PokeAPI/sprites/1dce80ceb372675e9fc7e9f101b71845ef587de2/sprites/pokemon/back/70.png,not_individually_verified,not_individually_verified
dex:victreebel:base,71,大食花,base,https://raw.githubusercontent.com/PokeAPI/sprites/1dce80ceb372675e9fc7e9f101b71845ef587de2/sprites/pokemon/71.png,https://raw.githubusercontent.com/PokeAPI/sprites/1dce80ceb372675e9fc7e9f101b71845ef587de2/sprites/pokemon/back/71.png,not_individually_verified,not_individually_verified
dex:form:victreebelmega,71,大食花 · 超级进化,mega,https://raw.githubusercontent.com/PokeAPI/sprites/1dce80ceb372675e9fc7e9f101b71845ef587de2/sprites/pokemon/10279.png,https://raw.githubusercontent.com/PokeAPI/sprites/1dce80ceb372675e9fc7e9f101b71845ef587de2/sprites/pokemon/back/10279.png,not_individually_verified,not_individually_verified
dex:tentacool:base,72,玛瑙水母,base,https://raw.githubusercontent.com/PokeAPI/sprites/1dce80ceb372675e9fc7e9f101b71845ef587de2/sprites/pokemon/72.png,https://raw.githubusercontent.com/PokeAPI/sprites/1dce80ceb372675e9fc7e9f101b71845ef587de2/sprites/pokemon/back/72.png,not_individually_verified,not_individually_verified
dex:tentacool:base:dynamax,72,玛瑙水母 · 极巨化,dynamax,https://raw.githubusercontent.com/PokeAPI/sprites/1dce80ceb372675e9fc7e9f101b71845ef587de2/sprites/pokemon/72.png,https://raw.githubusercontent.com/PokeAPI/sprites/1dce80ceb372675e9fc7e9f101b71845ef587de2/sprites/pokemon/back/72.png,not_individually_verified,not_individually_verified
dex:tentacruel:base,73,毒刺水母,base,https://raw.githubusercontent.com/PokeAPI/sprites/1dce80ceb372675e9fc7e9f101b71845ef587de2/sprites/pokemon/73.png,https://raw.githubusercontent.com/PokeAPI/sprites/1dce80ceb372675e9fc7e9f101b71845ef587de2/sprites/pokemon/back/73.png,not_individually_verified,not_individually_verified
dex:tentacruel:base:dynamax,73,毒刺水母 · 极巨化,dynamax,https://raw.githubusercontent.com/PokeAPI/sprites/1dce80ceb372675e9fc7e9f101b71845ef587de2/sprites/pokemon/73.png,https://raw.githubusercontent.com/PokeAPI/sprites/1dce80ceb372675e9fc7e9f101b71845ef587de2/sprites/pokemon/back/73.png,not_individually_verified,not_individually_verified
dex:geodude:base,74,小拳石,base,https://raw.githubusercontent.com/PokeAPI/sprites/1dce80ceb372675e9fc7e9f101b71845ef587de2/sprites/pokemon/74.png,https://raw.githubusercontent.com/PokeAPI/sprites/1dce80ceb372675e9fc7e9f101b71845ef587de2/sprites/pokemon/back/74.png,not_individually_verified,not_individually_verified
dex:form:geodudealola,74,小拳石 · 阿罗拉的样子,regional,https://raw.githubusercontent.com/PokeAPI/sprites/1dce80ceb372675e9fc7e9f101b71845ef587de2/sprites/pokemon/10109.png,https://raw.githubusercontent.com/PokeAPI/sprites/1dce80ceb372675e9fc7e9f101b71845ef587de2/sprites/pokemon/back/10109.png,not_individually_verified,not_individually_verified
dex:graveler:base,75,隆隆石,base,https://raw.githubusercontent.com/PokeAPI/sprites/1dce80ceb372675e9fc7e9f101b71845ef587de2/sprites/pokemon/75.png,https://raw.githubusercontent.com/PokeAPI/sprites/1dce80ceb372675e9fc7e9f101b71845ef587de2/sprites/pokemon/back/75.png,not_individually_verified,not_individually_verified
dex:form:graveleralola,75,隆隆石 · 阿罗拉的样子,regional,https://raw.githubusercontent.com/PokeAPI/sprites/1dce80ceb372675e9fc7e9f101b71845ef587de2/sprites/pokemon/10110.png,https://raw.githubusercontent.com/PokeAPI/sprites/1dce80ceb372675e9fc7e9f101b71845ef587de2/sprites/pokemon/back/10110.png,not_individually_verified,not_individually_verified
dex:golem:base,76,隆隆岩,base,https://raw.githubusercontent.com/PokeAPI/sprites/1dce80ceb372675e9fc7e9f101b71845ef587de2/sprites/pokemon/76.png,https://raw.githubusercontent.com/PokeAPI/sprites/1dce80ceb372675e9fc7e9f101b71845ef587de2/sprites/pokemon/back/76.png,not_individually_verified,not_individually_verified
dex:form:golemalola,76,隆隆岩 · 阿罗拉的样子,regional,https://raw.githubusercontent.com/PokeAPI/sprites/1dce80ceb372675e9fc7e9f101b71845ef587de2/sprites/pokemon/10111.png,https://raw.githubusercontent.com/PokeAPI/sprites/1dce80ceb372675e9fc7e9f101b71845ef587de2/sprites/pokemon/back/10111.png,not_individually_verified,not_individually_verified
dex:ponyta:base,77,小火马,base,https://raw.githubusercontent.com/PokeAPI/sprites/1dce80ceb372675e9fc7e9f101b71845ef587de2/sprites/pokemon/77.png,https://raw.githubusercontent.com/PokeAPI/sprites/1dce80ceb372675e9fc7e9f101b71845ef587de2/sprites/pokemon/back/77.png,not_individually_verified,not_individually_verified
dex:form:ponytagalar,77,小火马 · 伽勒尔的样子,regional,https://raw.githubusercontent.com/PokeAPI/sprites/1dce80ceb372675e9fc7e9f101b71845ef587de2/sprites/pokemon/10162.png,https://raw.githubusercontent.com/PokeAPI/sprites/1dce80ceb372675e9fc7e9f101b71845ef587de2/sprites/pokemon/back/10162.png,not_individually_verified,not_individually_verified
dex:form:ponytagalar:dynamax,77,小火马 · 伽勒尔的样子 · 极巨化,dynamax,https://raw.githubusercontent.com/PokeAPI/sprites/1dce80ceb372675e9fc7e9f101b71845ef587de2/sprites/pokemon/10162.png,https://raw.githubusercontent.com/PokeAPI/sprites/1dce80ceb372675e9fc7e9f101b71845ef587de2/sprites/pokemon/back/10162.png,not_individually_verified,not_individually_verified
dex:ponyta:base:dynamax,77,小火马 · 极巨化,dynamax,https://raw.githubusercontent.com/PokeAPI/sprites/1dce80ceb372675e9fc7e9f101b71845ef587de2/sprites/pokemon/77.png,https://raw.githubusercontent.com/PokeAPI/sprites/1dce80ceb372675e9fc7e9f101b71845ef587de2/sprites/pokemon/back/77.png,not_individually_verified,not_individually_verified
dex:rapidash:base,78,烈焰马,base,https://raw.githubusercontent.com/PokeAPI/sprites/1dce80ceb372675e9fc7e9f101b71845ef587de2/sprites/pokemon/78.png,https://raw.githubusercontent.com/PokeAPI/sprites/1dce80ceb372675e9fc7e9f101b71845ef587de2/sprites/pokemon/back/78.png,not_individually_verified,not_individually_verified
dex:form:rapidashgalar,78,烈焰马 · 伽勒尔的样子,regional,https://raw.githubusercontent.com/PokeAPI/sprites/1dce80ceb372675e9fc7e9f101b71845ef587de2/sprites/pokemon/10163.png,https://raw.githubusercontent.com/PokeAPI/sprites/1dce80ceb372675e9fc7e9f101b71845ef587de2/sprites/pokemon/back/10163.png,not_individually_verified,not_individually_verified
dex:omni:rocket-bond:rapidash,78,烈焰马 · 羁绊,rocket_bond_candidate,/rocket-art/rapidash-front_default.png,/rocket-art/rapidash-back_default.png,not_individually_verified,not_individually_verified
dex:form:rapidashgalar:dynamax,78,烈焰马 · 伽勒尔的样子 · 极巨化,dynamax,https://raw.githubusercontent.com/PokeAPI/sprites/1dce80ceb372675e9fc7e9f101b71845ef587de2/sprites/pokemon/10163.png,https://raw.githubusercontent.com/PokeAPI/sprites/1dce80ceb372675e9fc7e9f101b71845ef587de2/sprites/pokemon/back/10163.png,not_individually_verified,not_individually_verified
dex:rapidash:base:dynamax,78,烈焰马 · 极巨化,dynamax,https://raw.githubusercontent.com/PokeAPI/sprites/1dce80ceb372675e9fc7e9f101b71845ef587de2/sprites/pokemon/78.png,https://raw.githubusercontent.com/PokeAPI/sprites/1dce80ceb372675e9fc7e9f101b71845ef587de2/sprites/pokemon/back/78.png,not_individually_verified,not_individually_verified
dex:slowpoke:base,79,呆呆兽,base,https://raw.githubusercontent.com/PokeAPI/sprites/1dce80ceb372675e9fc7e9f101b71845ef587de2/sprites/pokemon/79.png,https://raw.githubusercontent.com/PokeAPI/sprites/1dce80ceb372675e9fc7e9f101b71845ef587de2/sprites/pokemon/back/79.png,not_individually_verified,not_individually_verified
dex:form:slowpokegalar,79,呆呆兽 · 伽勒尔的样子,regional,https://raw.githubusercontent.com/PokeAPI/sprites/1dce80ceb372675e9fc7e9f101b71845ef587de2/sprites/pokemon/10164.png,https://raw.githubusercontent.com/PokeAPI/sprites/1dce80ceb372675e9fc7e9f101b71845ef587de2/sprites/pokemon/back/10164.png,not_individually_verified,not_individually_verified
dex:form:slowpokegalar:dynamax,79,呆呆兽 · 伽勒尔的样子 · 极巨化,dynamax,https://raw.githubusercontent.com/PokeAPI/sprites/1dce80ceb372675e9fc7e9f101b71845ef587de2/sprites/pokemon/10164.png,https://raw.githubusercontent.com/PokeAPI/sprites/1dce80ceb372675e9fc7e9f101b71845ef587de2/sprites/pokemon/back/10164.png,not_individually_verified,not_individually_verified
dex:slowpoke:base:dynamax,79,呆呆兽 · 极巨化,dynamax,https://raw.githubusercontent.com/PokeAPI/sprites/1dce80ceb372675e9fc7e9f101b71845ef587de2/sprites/pokemon/79.png,https://raw.githubusercontent.com/PokeAPI/sprites/1dce80ceb372675e9fc7e9f101b71845ef587de2/sprites/pokemon/back/79.png,not_individually_verified,not_individually_verified
dex:slowbro:base,80,呆壳兽,base,https://raw.githubusercontent.com/PokeAPI/sprites/1dce80ceb372675e9fc7e9f101b71845ef587de2/sprites/pokemon/80.png,https://raw.githubusercontent.com/PokeAPI/sprites/1dce80ceb372675e9fc7e9f101b71845ef587de2/sprites/pokemon/back/80.png,not_individually_verified,not_individually_verified
dex:form:slowbromega,80,呆壳兽 · 超级进化,mega,https://raw.githubusercontent.com/PokeAPI/sprites/1dce80ceb372675e9fc7e9f101b71845ef587de2/sprites/pokemon/10071.png,https://raw.githubusercontent.com/PokeAPI/sprites/1dce80ceb372675e9fc7e9f101b71845ef587de2/sprites/pokemon/back/10071.png,not_individually_verified,not_individually_verified
dex:form:slowbrogalar,80,呆壳兽 · 伽勒尔的样子,regional,https://raw.githubusercontent.com/PokeAPI/sprites/1dce80ceb372675e9fc7e9f101b71845ef587de2/sprites/pokemon/10165.png,https://raw.githubusercontent.com/PokeAPI/sprites/1dce80ceb372675e9fc7e9f101b71845ef587de2/sprites/pokemon/back/10165.png,not_individually_verified,not_individually_verified
dex:form:slowbrogalar:dynamax,80,呆壳兽 · 伽勒尔的样子 · 极巨化,dynamax,https://raw.githubusercontent.com/PokeAPI/sprites/1dce80ceb372675e9fc7e9f101b71845ef587de2/sprites/pokemon/10165.png,https://raw.githubusercontent.com/PokeAPI/sprites/1dce80ceb372675e9fc7e9f101b71845ef587de2/sprites/pokemon/back/10165.png,not_individually_verified,not_individually_verified
dex:slowbro:base:dynamax,80,呆壳兽 · 极巨化,dynamax,https://raw.githubusercontent.com/PokeAPI/sprites/1dce80ceb372675e9fc7e9f101b71845ef587de2/sprites/pokemon/80.png,https://raw.githubusercontent.com/PokeAPI/sprites/1dce80ceb372675e9fc7e9f101b71845ef587de2/sprites/pokemon/back/80.png,not_individually_verified,not_individually_verified
dex:magnemite:base,81,小磁怪,base,https://raw.githubusercontent.com/PokeAPI/sprites/1dce80ceb372675e9fc7e9f101b71845ef587de2/sprites/pokemon/81.png,https://raw.githubusercontent.com/PokeAPI/sprites/1dce80ceb372675e9fc7e9f101b71845ef587de2/sprites/pokemon/back/81.png,not_individually_verified,not_individually_verified
dex:magnemite:base:dynamax,81,小磁怪 · 极巨化,dynamax,https://raw.githubusercontent.com/PokeAPI/sprites/1dce80ceb372675e9fc7e9f101b71845ef587de2/sprites/pokemon/81.png,https://raw.githubusercontent.com/PokeAPI/sprites/1dce80ceb372675e9fc7e9f101b71845ef587de2/sprites/pokemon/back/81.png,not_individually_verified,not_individually_verified
dex:magneton:base,82,三合一磁怪,base,https://raw.githubusercontent.com/PokeAPI/sprites/1dce80ceb372675e9fc7e9f101b71845ef587de2/sprites/pokemon/82.png,https://raw.githubusercontent.com/PokeAPI/sprites/1dce80ceb372675e9fc7e9f101b71845ef587de2/sprites/pokemon/back/82.png,not_individually_verified,not_individually_verified
dex:magneton:base:dynamax,82,三合一磁怪 · 极巨化,dynamax,https://raw.githubusercontent.com/PokeAPI/sprites/1dce80ceb372675e9fc7e9f101b71845ef587de2/sprites/pokemon/82.png,https://raw.githubusercontent.com/PokeAPI/sprites/1dce80ceb372675e9fc7e9f101b71845ef587de2/sprites/pokemon/back/82.png,not_individually_verified,not_individually_verified
dex:farfetchd:base,83,大葱鸭,base,https://raw.githubusercontent.com/PokeAPI/sprites/1dce80ceb372675e9fc7e9f101b71845ef587de2/sprites/pokemon/83.png,https://raw.githubusercontent.com/PokeAPI/sprites/1dce80ceb372675e9fc7e9f101b71845ef587de2/sprites/pokemon/back/83.png,not_individually_verified,not_individually_verified
dex:form:farfetchdgalar,83,大葱鸭 · 伽勒尔的样子,regional,https://raw.githubusercontent.com/PokeAPI/sprites/1dce80ceb372675e9fc7e9f101b71845ef587de2/sprites/pokemon/10166.png,https://raw.githubusercontent.com/PokeAPI/sprites/1dce80ceb372675e9fc7e9f101b71845ef587de2/sprites/pokemon/back/10166.png,not_individually_verified,not_individually_verified
dex:farfetchd:base:dynamax,83,大葱鸭 · 极巨化,dynamax,https://raw.githubusercontent.com/PokeAPI/sprites/1dce80ceb372675e9fc7e9f101b71845ef587de2/sprites/pokemon/83.png,https://raw.githubusercontent.com/PokeAPI/sprites/1dce80ceb372675e9fc7e9f101b71845ef587de2/sprites/pokemon/back/83.png,not_individually_verified,not_individually_verified
dex:form:farfetchdgalar:dynamax,83,大葱鸭 · 伽勒尔的样子 · 极巨化,dynamax,https://raw.githubusercontent.com/PokeAPI/sprites/1dce80ceb372675e9fc7e9f101b71845ef587de2/sprites/pokemon/10166.png,https://raw.githubusercontent.com/PokeAPI/sprites/1dce80ceb372675e9fc7e9f101b71845ef587de2/sprites/pokemon/back/10166.png,not_individually_verified,not_individually_verified
dex:doduo:base,84,嘟嘟,base,https://raw.githubusercontent.com/PokeAPI/sprites/1dce80ceb372675e9fc7e9f101b71845ef587de2/sprites/pokemon/84.png,https://raw.githubusercontent.com/PokeAPI/sprites/1dce80ceb372675e9fc7e9f101b71845ef587de2/sprites/pokemon/back/84.png,not_individually_verified,not_individually_verified
dex:dodrio:base,85,嘟嘟利,base,https://raw.githubusercontent.com/PokeAPI/sprites/1dce80ceb372675e9fc7e9f101b71845ef587de2/sprites/pokemon/85.png,https://raw.githubusercontent.com/PokeAPI/sprites/1dce80ceb372675e9fc7e9f101b71845ef587de2/sprites/pokemon/back/85.png,not_individually_verified,not_individually_verified
dex:seel:base,86,小海狮,base,https://raw.githubusercontent.com/PokeAPI/sprites/1dce80ceb372675e9fc7e9f101b71845ef587de2/sprites/pokemon/86.png,https://raw.githubusercontent.com/PokeAPI/sprites/1dce80ceb372675e9fc7e9f101b71845ef587de2/sprites/pokemon/back/86.png,not_individually_verified,not_individually_verified
dex:dewgong:base,87,白海狮,base,https://raw.githubusercontent.com/PokeAPI/sprites/1dce80ceb372675e9fc7e9f101b71845ef587de2/sprites/pokemon/87.png,https://raw.githubusercontent.com/PokeAPI/sprites/1dce80ceb372675e9fc7e9f101b71845ef587de2/sprites/pokemon/back/87.png,not_individually_verified,not_individually_verified
dex:grimer:base,88,臭泥,base,https://raw.githubusercontent.com/PokeAPI/sprites/1dce80ceb372675e9fc7e9f101b71845ef587de2/sprites/pokemon/88.png,https://raw.githubusercontent.com/PokeAPI/sprites/1dce80ceb372675e9fc7e9f101b71845ef587de2/sprites/pokemon/back/88.png,not_individually_verified,not_individually_verified
dex:form:grimeralola,88,臭泥 · 阿罗拉的样子,regional,https://raw.githubusercontent.com/PokeAPI/sprites/1dce80ceb372675e9fc7e9f101b71845ef587de2/sprites/pokemon/10112.png,https://raw.githubusercontent.com/PokeAPI/sprites/1dce80ceb372675e9fc7e9f101b71845ef587de2/sprites/pokemon/back/10112.png,not_individually_verified,not_individually_verified
dex:muk:base,89,臭臭泥,base,https://raw.githubusercontent.com/PokeAPI/sprites/1dce80ceb372675e9fc7e9f101b71845ef587de2/sprites/pokemon/89.png,https://raw.githubusercontent.com/PokeAPI/sprites/1dce80ceb372675e9fc7e9f101b71845ef587de2/sprites/pokemon/back/89.png,not_individually_verified,not_individually_verified
dex:form:mukalola,89,臭臭泥 · 阿罗拉的样子,regional,https://raw.githubusercontent.com/PokeAPI/sprites/1dce80ceb372675e9fc7e9f101b71845ef587de2/sprites/pokemon/10113.png,https://raw.githubusercontent.com/PokeAPI/sprites/1dce80ceb372675e9fc7e9f101b71845ef587de2/sprites/pokemon/back/10113.png,not_individually_verified,not_individually_verified
dex:shellder:base,90,大舌贝,base,https://raw.githubusercontent.com/PokeAPI/sprites/1dce80ceb372675e9fc7e9f101b71845ef587de2/sprites/pokemon/90.png,https://raw.githubusercontent.com/PokeAPI/sprites/1dce80ceb372675e9fc7e9f101b71845ef587de2/sprites/pokemon/back/90.png,not_individually_verified,not_individually_verified
dex:shellder:base:dynamax,90,大舌贝 · 极巨化,dynamax,https://raw.githubusercontent.com/PokeAPI/sprites/1dce80ceb372675e9fc7e9f101b71845ef587de2/sprites/pokemon/90.png,https://raw.githubusercontent.com/PokeAPI/sprites/1dce80ceb372675e9fc7e9f101b71845ef587de2/sprites/pokemon/back/90.png,not_individually_verified,not_individually_verified
dex:cloyster:base,91,刺甲贝,base,https://raw.githubusercontent.com/PokeAPI/sprites/1dce80ceb372675e9fc7e9f101b71845ef587de2/sprites/pokemon/91.png,https://raw.githubusercontent.com/PokeAPI/sprites/1dce80ceb372675e9fc7e9f101b71845ef587de2/sprites/pokemon/back/91.png,not_individually_verified,not_individually_verified
dex:cloyster:base:dynamax,91,刺甲贝 · 极巨化,dynamax,https://raw.githubusercontent.com/PokeAPI/sprites/1dce80ceb372675e9fc7e9f101b71845ef587de2/sprites/pokemon/91.png,https://raw.githubusercontent.com/PokeAPI/sprites/1dce80ceb372675e9fc7e9f101b71845ef587de2/sprites/pokemon/back/91.png,not_individually_verified,not_individually_verified
dex:gastly:base,92,鬼斯,base,https://raw.githubusercontent.com/PokeAPI/sprites/1dce80ceb372675e9fc7e9f101b71845ef587de2/sprites/pokemon/92.png,https://raw.githubusercontent.com/PokeAPI/sprites/1dce80ceb372675e9fc7e9f101b71845ef587de2/sprites/pokemon/back/92.png,not_individually_verified,not_individually_verified
dex:gastly:base:dynamax,92,鬼斯 · 极巨化,dynamax,https://raw.githubusercontent.com/PokeAPI/sprites/1dce80ceb372675e9fc7e9f101b71845ef587de2/sprites/pokemon/92.png,https://raw.githubusercontent.com/PokeAPI/sprites/1dce80ceb372675e9fc7e9f101b71845ef587de2/sprites/pokemon/back/92.png,not_individually_verified,not_individually_verified
dex:haunter:base,93,鬼斯通,base,https://raw.githubusercontent.com/PokeAPI/sprites/1dce80ceb372675e9fc7e9f101b71845ef587de2/sprites/pokemon/93.png,https://raw.githubusercontent.com/PokeAPI/sprites/1dce80ceb372675e9fc7e9f101b71845ef587de2/sprites/pokemon/back/93.png,not_individually_verified,not_individually_verified
dex:haunter:base:dynamax,93,鬼斯通 · 极巨化,dynamax,https://raw.githubusercontent.com/PokeAPI/sprites/1dce80ceb372675e9fc7e9f101b71845ef587de2/sprites/pokemon/93.png,https://raw.githubusercontent.com/PokeAPI/sprites/1dce80ceb372675e9fc7e9f101b71845ef587de2/sprites/pokemon/back/93.png,not_individually_verified,not_individually_verified
dex:gengar:base,94,耿鬼,base,https://raw.githubusercontent.com/PokeAPI/sprites/1dce80ceb372675e9fc7e9f101b71845ef587de2/sprites/pokemon/94.png,https://raw.githubusercontent.com/PokeAPI/sprites/1dce80ceb372675e9fc7e9f101b71845ef587de2/sprites/pokemon/back/94.png,not_individually_verified,not_individually_verified
dex:form:gengarmega,94,耿鬼 · 超级进化,mega,https://raw.githubusercontent.com/PokeAPI/sprites/1dce80ceb372675e9fc7e9f101b71845ef587de2/sprites/pokemon/10038.png,https://raw.githubusercontent.com/PokeAPI/sprites/1dce80ceb372675e9fc7e9f101b71845ef587de2/sprites/pokemon/back/10038.png,not_individually_verified,not_individually_verified
dex:form:gengargmax,94,耿鬼 · 超极巨化,gigantamax,https://raw.githubusercontent.com/PokeAPI/sprites/1dce80ceb372675e9fc7e9f101b71845ef587de2/sprites/pokemon/10202.png,https://raw.githubusercontent.com/PokeAPI/sprites/1dce80ceb372675e9fc7e9f101b71845ef587de2/sprites/pokemon/back/10202.png,not_individually_verified,not_individually_verified
dex:gengar:base:dynamax,94,耿鬼 · 极巨化,dynamax,https://raw.githubusercontent.com/PokeAPI/sprites/1dce80ceb372675e9fc7e9f101b71845ef587de2/sprites/pokemon/94.png,https://raw.githubusercontent.com/PokeAPI/sprites/1dce80ceb372675e9fc7e9f101b71845ef587de2/sprites/pokemon/back/94.png,not_individually_verified,not_individually_verified
dex:onix:base,95,大岩蛇,base,https://raw.githubusercontent.com/PokeAPI/sprites/1dce80ceb372675e9fc7e9f101b71845ef587de2/sprites/pokemon/95.png,https://raw.githubusercontent.com/PokeAPI/sprites/1dce80ceb372675e9fc7e9f101b71845ef587de2/sprites/pokemon/back/95.png,not_individually_verified,not_individually_verified
dex:onix:base:dynamax,95,大岩蛇 · 极巨化,dynamax,https://raw.githubusercontent.com/PokeAPI/sprites/1dce80ceb372675e9fc7e9f101b71845ef587de2/sprites/pokemon/95.png,https://raw.githubusercontent.com/PokeAPI/sprites/1dce80ceb372675e9fc7e9f101b71845ef587de2/sprites/pokemon/back/95.png,not_individually_verified,not_individually_verified
dex:drowzee:base,96,催眠貘,base,https://raw.githubusercontent.com/PokeAPI/sprites/1dce80ceb372675e9fc7e9f101b71845ef587de2/sprites/pokemon/96.png,https://raw.githubusercontent.com/PokeAPI/sprites/1dce80ceb372675e9fc7e9f101b71845ef587de2/sprites/pokemon/back/96.png,not_individually_verified,not_individually_verified
dex:hypno:base,97,引梦貘人,base,https://raw.githubusercontent.com/PokeAPI/sprites/1dce80ceb372675e9fc7e9f101b71845ef587de2/sprites/pokemon/97.png,https://raw.githubusercontent.com/PokeAPI/sprites/1dce80ceb372675e9fc7e9f101b71845ef587de2/sprites/pokemon/back/97.png,not_individually_verified,not_individually_verified
dex:omni:rocket-bond:hypno,97,引梦貘人 · 羁绊,rocket_bond_candidate,/rocket-art/hypno-front_default.png,/rocket-art/hypno-back_default.png,not_individually_verified,not_individually_verified
dex:krabby:base,98,大钳蟹,base,https://raw.githubusercontent.com/PokeAPI/sprites/1dce80ceb372675e9fc7e9f101b71845ef587de2/sprites/pokemon/98.png,https://raw.githubusercontent.com/PokeAPI/sprites/1dce80ceb372675e9fc7e9f101b71845ef587de2/sprites/pokemon/back/98.png,not_individually_verified,not_individually_verified
dex:krabby:base:dynamax,98,大钳蟹 · 极巨化,dynamax,https://raw.githubusercontent.com/PokeAPI/sprites/1dce80ceb372675e9fc7e9f101b71845ef587de2/sprites/pokemon/98.png,https://raw.githubusercontent.com/PokeAPI/sprites/1dce80ceb372675e9fc7e9f101b71845ef587de2/sprites/pokemon/back/98.png,not_individually_verified,not_individually_verified
dex:kingler:base,99,巨钳蟹,base,https://raw.githubusercontent.com/PokeAPI/sprites/1dce80ceb372675e9fc7e9f101b71845ef587de2/sprites/pokemon/99.png,https://raw.githubusercontent.com/PokeAPI/sprites/1dce80ceb372675e9fc7e9f101b71845ef587de2/sprites/pokemon/back/99.png,not_individually_verified,not_individually_verified
dex:form:kinglergmax,99,巨钳蟹 · 超极巨化,gigantamax,https://raw.githubusercontent.com/PokeAPI/sprites/1dce80ceb372675e9fc7e9f101b71845ef587de2/sprites/pokemon/10203.png,https://raw.githubusercontent.com/PokeAPI/sprites/1dce80ceb372675e9fc7e9f101b71845ef587de2/sprites/pokemon/back/10203.png,not_individually_verified,not_individually_verified
dex:kingler:base:dynamax,99,巨钳蟹 · 极巨化,dynamax,https://raw.githubusercontent.com/PokeAPI/sprites/1dce80ceb372675e9fc7e9f101b71845ef587de2/sprites/pokemon/99.png,https://raw.githubusercontent.com/PokeAPI/sprites/1dce80ceb372675e9fc7e9f101b71845ef587de2/sprites/pokemon/back/99.png,not_individually_verified,not_individually_verified
dex:voltorb:base,100,霹雳电球,base,https://raw.githubusercontent.com/PokeAPI/sprites/1dce80ceb372675e9fc7e9f101b71845ef587de2/sprites/pokemon/100.png,https://raw.githubusercontent.com/PokeAPI/sprites/1dce80ceb372675e9fc7e9f101b71845ef587de2/sprites/pokemon/back/100.png,not_individually_verified,not_individually_verified
dex:form:voltorbhisui,100,霹雳电球 · 洗翠,regional,https://raw.githubusercontent.com/PokeAPI/sprites/1dce80ceb372675e9fc7e9f101b71845ef587de2/sprites/pokemon/10231.png,https://raw.githubusercontent.com/PokeAPI/sprites/1dce80ceb372675e9fc7e9f101b71845ef587de2/sprites/pokemon/back/10231.png,not_individually_verified,not_individually_verified
dex:electrode:base,101,顽皮雷弹,base,https://raw.githubusercontent.com/PokeAPI/sprites/1dce80ceb372675e9fc7e9f101b71845ef587de2/sprites/pokemon/101.png,https://raw.githubusercontent.com/PokeAPI/sprites/1dce80ceb372675e9fc7e9f101b71845ef587de2/sprites/pokemon/back/101.png,not_individually_verified,not_individually_verified
dex:form:electrodehisui,101,顽皮雷弹 · 洗翠,regional,https://raw.githubusercontent.com/PokeAPI/sprites/1dce80ceb372675e9fc7e9f101b71845ef587de2/sprites/pokemon/10232.png,https://raw.githubusercontent.com/PokeAPI/sprites/1dce80ceb372675e9fc7e9f101b71845ef587de2/sprites/pokemon/back/10232.png,not_individually_verified,not_individually_verified
dex:exeggcute:base,102,蛋蛋,base,https://raw.githubusercontent.com/PokeAPI/sprites/1dce80ceb372675e9fc7e9f101b71845ef587de2/sprites/pokemon/102.png,https://raw.githubusercontent.com/PokeAPI/sprites/1dce80ceb372675e9fc7e9f101b71845ef587de2/sprites/pokemon/back/102.png,not_individually_verified,not_individually_verified
dex:exeggcute:base:dynamax,102,蛋蛋 · 极巨化,dynamax,https://raw.githubusercontent.com/PokeAPI/sprites/1dce80ceb372675e9fc7e9f101b71845ef587de2/sprites/pokemon/102.png,https://raw.githubusercontent.com/PokeAPI/sprites/1dce80ceb372675e9fc7e9f101b71845ef587de2/sprites/pokemon/back/102.png,not_individually_verified,not_individually_verified
dex:exeggutor:base,103,椰蛋树,base,https://raw.githubusercontent.com/PokeAPI/sprites/1dce80ceb372675e9fc7e9f101b71845ef587de2/sprites/pokemon/103.png,https://raw.githubusercontent.com/PokeAPI/sprites/1dce80ceb372675e9fc7e9f101b71845ef587de2/sprites/pokemon/back/103.png,not_individually_verified,not_individually_verified
dex:form:exeggutoralola,103,椰蛋树 · 阿罗拉的样子,regional,https://raw.githubusercontent.com/PokeAPI/sprites/1dce80ceb372675e9fc7e9f101b71845ef587de2/sprites/pokemon/10114.png,https://raw.githubusercontent.com/PokeAPI/sprites/1dce80ceb372675e9fc7e9f101b71845ef587de2/sprites/pokemon/back/10114.png,not_individually_verified,not_individually_verified
dex:exeggutor:base:dynamax,103,椰蛋树 · 极巨化,dynamax,https://raw.githubusercontent.com/PokeAPI/sprites/1dce80ceb372675e9fc7e9f101b71845ef587de2/sprites/pokemon/103.png,https://raw.githubusercontent.com/PokeAPI/sprites/1dce80ceb372675e9fc7e9f101b71845ef587de2/sprites/pokemon/back/103.png,not_individually_verified,not_individually_verified
dex:form:exeggutoralola:dynamax,103,椰蛋树 · 阿罗拉的样子 · 极巨化,dynamax,https://raw.githubusercontent.com/PokeAPI/sprites/1dce80ceb372675e9fc7e9f101b71845ef587de2/sprites/pokemon/10114.png,https://raw.githubusercontent.com/PokeAPI/sprites/1dce80ceb372675e9fc7e9f101b71845ef587de2/sprites/pokemon/back/10114.png,not_individually_verified,not_individually_verified
dex:cubone:base,104,卡拉卡拉,base,https://raw.githubusercontent.com/PokeAPI/sprites/1dce80ceb372675e9fc7e9f101b71845ef587de2/sprites/pokemon/104.png,https://raw.githubusercontent.com/PokeAPI/sprites/1dce80ceb372675e9fc7e9f101b71845ef587de2/sprites/pokemon/back/104.png,not_individually_verified,not_individually_verified
dex:cubone:base:dynamax,104,卡拉卡拉 · 极巨化,dynamax,https://raw.githubusercontent.com/PokeAPI/sprites/1dce80ceb372675e9fc7e9f101b71845ef587de2/sprites/pokemon/104.png,https://raw.githubusercontent.com/PokeAPI/sprites/1dce80ceb372675e9fc7e9f101b71845ef587de2/sprites/pokemon/back/104.png,not_individually_verified,not_individually_verified
dex:marowak:base,105,嘎啦嘎啦,base,https://raw.githubusercontent.com/PokeAPI/sprites/1dce80ceb372675e9fc7e9f101b71845ef587de2/sprites/pokemon/105.png,https://raw.githubusercontent.com/PokeAPI/sprites/1dce80ceb372675e9fc7e9f101b71845ef587de2/sprites/pokemon/back/105.png,not_individually_verified,not_individually_verified
dex:form:marowakalola,105,嘎啦嘎啦 · 阿罗拉的样子,regional,https://raw.githubusercontent.com/PokeAPI/sprites/1dce80ceb372675e9fc7e9f101b71845ef587de2/sprites/pokemon/10115.png,https://raw.githubusercontent.com/PokeAPI/sprites/1dce80ceb372675e9fc7e9f101b71845ef587de2/sprites/pokemon/back/10115.png,not_individually_verified,not_individually_verified
dex:form:marowakalolatotem,105,嘎啦嘎啦 · 阿罗拉霸主,regional,https://raw.githubusercontent.com/PokeAPI/sprites/1dce80ceb372675e9fc7e9f101b71845ef587de2/sprites/pokemon/10149.png,https://raw.githubusercontent.com/PokeAPI/sprites/1dce80ceb372675e9fc7e9f101b71845ef587de2/sprites/pokemon/back/10149.png,not_individually_verified,not_individually_verified
dex:form:marowakalola:dynamax,105,嘎啦嘎啦 · 阿罗拉的样子 · 极巨化,dynamax,https://raw.githubusercontent.com/PokeAPI/sprites/1dce80ceb372675e9fc7e9f101b71845ef587de2/sprites/pokemon/10115.png,https://raw.githubusercontent.com/PokeAPI/sprites/1dce80ceb372675e9fc7e9f101b71845ef587de2/sprites/pokemon/back/10115.png,not_individually_verified,not_individually_verified
dex:marowak:base:dynamax,105,嘎啦嘎啦 · 极巨化,dynamax,https://raw.githubusercontent.com/PokeAPI/sprites/1dce80ceb372675e9fc7e9f101b71845ef587de2/sprites/pokemon/105.png,https://raw.githubusercontent.com/PokeAPI/sprites/1dce80ceb372675e9fc7e9f101b71845ef587de2/sprites/pokemon/back/105.png,not_individually_verified,not_individually_verified
dex:hitmonlee:base,106,飞腿郎,base,https://raw.githubusercontent.com/PokeAPI/sprites/1dce80ceb372675e9fc7e9f101b71845ef587de2/sprites/pokemon/106.png,https://raw.githubusercontent.com/PokeAPI/sprites/1dce80ceb372675e9fc7e9f101b71845ef587de2/sprites/pokemon/back/106.png,not_individually_verified,not_individually_verified
dex:hitmonlee:base:dynamax,106,飞腿郎 · 极巨化,dynamax,https://raw.githubusercontent.com/PokeAPI/sprites/1dce80ceb372675e9fc7e9f101b71845ef587de2/sprites/pokemon/106.png,https://raw.githubusercontent.com/PokeAPI/sprites/1dce80ceb372675e9fc7e9f101b71845ef587de2/sprites/pokemon/back/106.png,not_individually_verified,not_individually_verified
dex:hitmonchan:base,107,快拳郎,base,https://raw.githubusercontent.com/PokeAPI/sprites/1dce80ceb372675e9fc7e9f101b71845ef587de2/sprites/pokemon/107.png,https://raw.githubusercontent.com/PokeAPI/sprites/1dce80ceb372675e9fc7e9f101b71845ef587de2/sprites/pokemon/back/107.png,not_individually_verified,not_individually_verified
dex:hitmonchan:base:dynamax,107,快拳郎 · 极巨化,dynamax,https://raw.githubusercontent.com/PokeAPI/sprites/1dce80ceb372675e9fc7e9f101b71845ef587de2/sprites/pokemon/107.png,https://raw.githubusercontent.com/PokeAPI/sprites/1dce80ceb372675e9fc7e9f101b71845ef587de2/sprites/pokemon/back/107.png,not_individually_verified,not_individually_verified
dex:lickitung:base,108,大舌头,base,https://raw.githubusercontent.com/PokeAPI/sprites/1dce80ceb372675e9fc7e9f101b71845ef587de2/sprites/pokemon/108.png,https://raw.githubusercontent.com/PokeAPI/sprites/1dce80ceb372675e9fc7e9f101b71845ef587de2/sprites/pokemon/back/108.png,not_individually_verified,not_individually_verified
dex:lickitung:base:dynamax,108,大舌头 · 极巨化,dynamax,https://raw.githubusercontent.com/PokeAPI/sprites/1dce80ceb372675e9fc7e9f101b71845ef587de2/sprites/pokemon/108.png,https://raw.githubusercontent.com/PokeAPI/sprites/1dce80ceb372675e9fc7e9f101b71845ef587de2/sprites/pokemon/back/108.png,not_individually_verified,not_individually_verified
dex:koffing:base,109,瓦斯弹,base,https://raw.githubusercontent.com/PokeAPI/sprites/1dce80ceb372675e9fc7e9f101b71845ef587de2/sprites/pokemon/109.png,https://raw.githubusercontent.com/PokeAPI/sprites/1dce80ceb372675e9fc7e9f101b71845ef587de2/sprites/pokemon/back/109.png,not_individually_verified,not_individually_verified
dex:koffing:base:dynamax,109,瓦斯弹 · 极巨化,dynamax,https://raw.githubusercontent.com/PokeAPI/sprites/1dce80ceb372675e9fc7e9f101b71845ef587de2/sprites/pokemon/109.png,https://raw.githubusercontent.com/PokeAPI/sprites/1dce80ceb372675e9fc7e9f101b71845ef587de2/sprites/pokemon/back/109.png,not_individually_verified,not_individually_verified
dex:weezing:base,110,双弹瓦斯,base,https://raw.githubusercontent.com/PokeAPI/sprites/1dce80ceb372675e9fc7e9f101b71845ef587de2/sprites/pokemon/110.png,https://raw.githubusercontent.com/PokeAPI/sprites/1dce80ceb372675e9fc7e9f101b71845ef587de2/sprites/pokemon/back/110.png,not_individually_verified,not_individually_verified
dex:form:weezinggalar,110,双弹瓦斯 · 伽勒尔的样子,regional,https://raw.githubusercontent.com/PokeAPI/sprites/1dce80ceb372675e9fc7e9f101b71845ef587de2/sprites/pokemon/10167.png,https://raw.githubusercontent.com/PokeAPI/sprites/1dce80ceb372675e9fc7e9f101b71845ef587de2/sprites/pokemon/back/10167.png,not_individually_verified,not_individually_verified
dex:form:weezinggalar:dynamax,110,双弹瓦斯 · 伽勒尔的样子 · 极巨化,dynamax,https://raw.githubusercontent.com/PokeAPI/sprites/1dce80ceb372675e9fc7e9f101b71845ef587de2/sprites/pokemon/10167.png,https://raw.githubusercontent.com/PokeAPI/sprites/1dce80ceb372675e9fc7e9f101b71845ef587de2/sprites/pokemon/back/10167.png,not_individually_verified,not_individually_verified
dex:weezing:base:dynamax,110,双弹瓦斯 · 极巨化,dynamax,https://raw.githubusercontent.com/PokeAPI/sprites/1dce80ceb372675e9fc7e9f101b71845ef587de2/sprites/pokemon/110.png,https://raw.githubusercontent.com/PokeAPI/sprites/1dce80ceb372675e9fc7e9f101b71845ef587de2/sprites/pokemon/back/110.png,not_individually_verified,not_individually_verified
dex:rhyhorn:base,111,独角犀牛,base,https://raw.githubusercontent.com/PokeAPI/sprites/1dce80ceb372675e9fc7e9f101b71845ef587de2/sprites/pokemon/111.png,https://raw.githubusercontent.com/PokeAPI/sprites/1dce80ceb372675e9fc7e9f101b71845ef587de2/sprites/pokemon/back/111.png,not_individually_verified,not_individually_verified
dex:rhyhorn:base:dynamax,111,独角犀牛 · 极巨化,dynamax,https://raw.githubusercontent.com/PokeAPI/sprites/1dce80ceb372675e9fc7e9f101b71845ef587de2/sprites/pokemon/111.png,https://raw.githubusercontent.com/PokeAPI/sprites/1dce80ceb372675e9fc7e9f101b71845ef587de2/sprites/pokemon/back/111.png,not_individually_verified,not_individually_verified
dex:rhydon:base,112,钻角犀兽,base,https://raw.githubusercontent.com/PokeAPI/sprites/1dce80ceb372675e9fc7e9f101b71845ef587de2/sprites/pokemon/112.png,https://raw.githubusercontent.com/PokeAPI/sprites/1dce80ceb372675e9fc7e9f101b71845ef587de2/sprites/pokemon/back/112.png,not_individually_verified,not_individually_verified
dex:rhydon:base:dynamax,112,钻角犀兽 · 极巨化,dynamax,https://raw.githubusercontent.com/PokeAPI/sprites/1dce80ceb372675e9fc7e9f101b71845ef587de2/sprites/pokemon/112.png,https://raw.githubusercontent.com/PokeAPI/sprites/1dce80ceb372675e9fc7e9f101b71845ef587de2/sprites/pokemon/back/112.png,not_individually_verified,not_individually_verified
dex:chansey:base,113,吉利蛋,base,https://raw.githubusercontent.com/PokeAPI/sprites/1dce80ceb372675e9fc7e9f101b71845ef587de2/sprites/pokemon/113.png,https://raw.githubusercontent.com/PokeAPI/sprites/1dce80ceb372675e9fc7e9f101b71845ef587de2/sprites/pokemon/back/113.png,not_individually_verified,not_individually_verified
dex:chansey:base:dynamax,113,吉利蛋 · 极巨化,dynamax,https://raw.githubusercontent.com/PokeAPI/sprites/1dce80ceb372675e9fc7e9f101b71845ef587de2/sprites/pokemon/113.png,https://raw.githubusercontent.com/PokeAPI/sprites/1dce80ceb372675e9fc7e9f101b71845ef587de2/sprites/pokemon/back/113.png,not_individually_verified,not_individually_verified
dex:tangela:base,114,蔓藤怪,base,https://raw.githubusercontent.com/PokeAPI/sprites/1dce80ceb372675e9fc7e9f101b71845ef587de2/sprites/pokemon/114.png,https://raw.githubusercontent.com/PokeAPI/sprites/1dce80ceb372675e9fc7e9f101b71845ef587de2/sprites/pokemon/back/114.png,not_individually_verified,not_individually_verified
dex:tangela:base:dynamax,114,蔓藤怪 · 极巨化,dynamax,https://raw.githubusercontent.com/PokeAPI/sprites/1dce80ceb372675e9fc7e9f101b71845ef587de2/sprites/pokemon/114.png,https://raw.githubusercontent.com/PokeAPI/sprites/1dce80ceb372675e9fc7e9f101b71845ef587de2/sprites/pokemon/back/114.png,not_individually_verified,not_individually_verified
dex:kangaskhan:base,115,袋兽,base,https://raw.githubusercontent.com/PokeAPI/sprites/1dce80ceb372675e9fc7e9f101b71845ef587de2/sprites/pokemon/115.png,https://raw.githubusercontent.com/PokeAPI/sprites/1dce80ceb372675e9fc7e9f101b71845ef587de2/sprites/pokemon/back/115.png,not_individually_verified,not_individually_verified
dex:form:kangaskhanmega,115,袋兽 · 超级进化,mega,https://raw.githubusercontent.com/PokeAPI/sprites/1dce80ceb372675e9fc7e9f101b71845ef587de2/sprites/pokemon/10039.png,https://raw.githubusercontent.com/PokeAPI/sprites/1dce80ceb372675e9fc7e9f101b71845ef587de2/sprites/pokemon/back/10039.png,not_individually_verified,not_individually_verified
dex:kangaskhan:base:dynamax,115,袋兽 · 极巨化,dynamax,https://raw.githubusercontent.com/PokeAPI/sprites/1dce80ceb372675e9fc7e9f101b71845ef587de2/sprites/pokemon/115.png,https://raw.githubusercontent.com/PokeAPI/sprites/1dce80ceb372675e9fc7e9f101b71845ef587de2/sprites/pokemon/back/115.png,not_individually_verified,not_individually_verified
dex:horsea:base,116,墨海马,base,https://raw.githubusercontent.com/PokeAPI/sprites/1dce80ceb372675e9fc7e9f101b71845ef587de2/sprites/pokemon/116.png,https://raw.githubusercontent.com/PokeAPI/sprites/1dce80ceb372675e9fc7e9f101b71845ef587de2/sprites/pokemon/back/116.png,not_individually_verified,not_individually_verified
dex:horsea:base:dynamax,116,墨海马 · 极巨化,dynamax,https://raw.githubusercontent.com/PokeAPI/sprites/1dce80ceb372675e9fc7e9f101b71845ef587de2/sprites/pokemon/116.png,https://raw.githubusercontent.com/PokeAPI/sprites/1dce80ceb372675e9fc7e9f101b71845ef587de2/sprites/pokemon/back/116.png,not_individually_verified,not_individually_verified
dex:seadra:base,117,海刺龙,base,https://raw.githubusercontent.com/PokeAPI/sprites/1dce80ceb372675e9fc7e9f101b71845ef587de2/sprites/pokemon/117.png,https://raw.githubusercontent.com/PokeAPI/sprites/1dce80ceb372675e9fc7e9f101b71845ef587de2/sprites/pokemon/back/117.png,not_individually_verified,not_individually_verified
dex:seadra:base:dynamax,117,海刺龙 · 极巨化,dynamax,https://raw.githubusercontent.com/PokeAPI/sprites/1dce80ceb372675e9fc7e9f101b71845ef587de2/sprites/pokemon/117.png,https://raw.githubusercontent.com/PokeAPI/sprites/1dce80ceb372675e9fc7e9f101b71845ef587de2/sprites/pokemon/back/117.png,not_individually_verified,not_individually_verified
dex:goldeen:base,118,角金鱼,base,https://raw.githubusercontent.com/PokeAPI/sprites/1dce80ceb372675e9fc7e9f101b71845ef587de2/sprites/pokemon/118.png,https://raw.githubusercontent.com/PokeAPI/sprites/1dce80ceb372675e9fc7e9f101b71845ef587de2/sprites/pokemon/back/118.png,not_individually_verified,not_individually_verified
dex:goldeen:base:dynamax,118,角金鱼 · 极巨化,dynamax,https://raw.githubusercontent.com/PokeAPI/sprites/1dce80ceb372675e9fc7e9f101b71845ef587de2/sprites/pokemon/118.png,https://raw.githubusercontent.com/PokeAPI/sprites/1dce80ceb372675e9fc7e9f101b71845ef587de2/sprites/pokemon/back/118.png,not_individually_verified,not_individually_verified
dex:seaking:base,119,金鱼王,base,https://raw.githubusercontent.com/PokeAPI/sprites/1dce80ceb372675e9fc7e9f101b71845ef587de2/sprites/pokemon/119.png,https://raw.githubusercontent.com/PokeAPI/sprites/1dce80ceb372675e9fc7e9f101b71845ef587de2/sprites/pokemon/back/119.png,not_individually_verified,not_individually_verified
dex:seaking:base:dynamax,119,金鱼王 · 极巨化,dynamax,https://raw.githubusercontent.com/PokeAPI/sprites/1dce80ceb372675e9fc7e9f101b71845ef587de2/sprites/pokemon/119.png,https://raw.githubusercontent.com/PokeAPI/sprites/1dce80ceb372675e9fc7e9f101b71845ef587de2/sprites/pokemon/back/119.png,not_individually_verified,not_individually_verified
dex:staryu:base,120,海星星,base,https://raw.githubusercontent.com/PokeAPI/sprites/1dce80ceb372675e9fc7e9f101b71845ef587de2/sprites/pokemon/120.png,https://raw.githubusercontent.com/PokeAPI/sprites/1dce80ceb372675e9fc7e9f101b71845ef587de2/sprites/pokemon/back/120.png,not_individually_verified,not_individually_verified
dex:staryu:base:dynamax,120,海星星 · 极巨化,dynamax,https://raw.githubusercontent.com/PokeAPI/sprites/1dce80ceb372675e9fc7e9f101b71845ef587de2/sprites/pokemon/120.png,https://raw.githubusercontent.com/PokeAPI/sprites/1dce80ceb372675e9fc7e9f101b71845ef587de2/sprites/pokemon/back/120.png,not_individually_verified,not_individually_verified
dex:starmie:base,121,宝石海星,base,https://raw.githubusercontent.com/PokeAPI/sprites/1dce80ceb372675e9fc7e9f101b71845ef587de2/sprites/pokemon/121.png,https://raw.githubusercontent.com/PokeAPI/sprites/1dce80ceb372675e9fc7e9f101b71845ef587de2/sprites/pokemon/back/121.png,not_individually_verified,not_individually_verified
dex:form:starmiemega,121,宝石海星 · 超级进化,mega,https://raw.githubusercontent.com/PokeAPI/sprites/1dce80ceb372675e9fc7e9f101b71845ef587de2/sprites/pokemon/10280.png,https://raw.githubusercontent.com/PokeAPI/sprites/1dce80ceb372675e9fc7e9f101b71845ef587de2/sprites/pokemon/back/10280.png,not_individually_verified,not_individually_verified
dex:starmie:base:dynamax,121,宝石海星 · 极巨化,dynamax,https://raw.githubusercontent.com/PokeAPI/sprites/1dce80ceb372675e9fc7e9f101b71845ef587de2/sprites/pokemon/121.png,https://raw.githubusercontent.com/PokeAPI/sprites/1dce80ceb372675e9fc7e9f101b71845ef587de2/sprites/pokemon/back/121.png,not_individually_verified,not_individually_verified
dex:mrmime:base,122,魔墙人偶,base,https://raw.githubusercontent.com/PokeAPI/sprites/1dce80ceb372675e9fc7e9f101b71845ef587de2/sprites/pokemon/122.png,https://raw.githubusercontent.com/PokeAPI/sprites/1dce80ceb372675e9fc7e9f101b71845ef587de2/sprites/pokemon/back/122.png,not_individually_verified,not_individually_verified
dex:form:mrmimegalar,122,魔墙人偶 · 伽勒尔的样子,regional,https://raw.githubusercontent.com/PokeAPI/sprites/1dce80ceb372675e9fc7e9f101b71845ef587de2/sprites/pokemon/10168.png,https://raw.githubusercontent.com/PokeAPI/sprites/1dce80ceb372675e9fc7e9f101b71845ef587de2/sprites/pokemon/back/10168.png,not_individually_verified,not_individually_verified
dex:form:mrmimegalar:dynamax,122,魔墙人偶 · 伽勒尔的样子 · 极巨化,dynamax,https://raw.githubusercontent.com/PokeAPI/sprites/1dce80ceb372675e9fc7e9f101b71845ef587de2/sprites/pokemon/10168.png,https://raw.githubusercontent.com/PokeAPI/sprites/1dce80ceb372675e9fc7e9f101b71845ef587de2/sprites/pokemon/back/10168.png,not_individually_verified,not_individually_verified
dex:mrmime:base:dynamax,122,魔墙人偶 · 极巨化,dynamax,https://raw.githubusercontent.com/PokeAPI/sprites/1dce80ceb372675e9fc7e9f101b71845ef587de2/sprites/pokemon/122.png,https://raw.githubusercontent.com/PokeAPI/sprites/1dce80ceb372675e9fc7e9f101b71845ef587de2/sprites/pokemon/back/122.png,not_individually_verified,not_individually_verified
dex:scyther:base,123,飞天螳螂,base,https://raw.githubusercontent.com/PokeAPI/sprites/1dce80ceb372675e9fc7e9f101b71845ef587de2/sprites/pokemon/123.png,https://raw.githubusercontent.com/PokeAPI/sprites/1dce80ceb372675e9fc7e9f101b71845ef587de2/sprites/pokemon/back/123.png,not_individually_verified,not_individually_verified
dex:scyther:base:dynamax,123,飞天螳螂 · 极巨化,dynamax,https://raw.githubusercontent.com/PokeAPI/sprites/1dce80ceb372675e9fc7e9f101b71845ef587de2/sprites/pokemon/123.png,https://raw.githubusercontent.com/PokeAPI/sprites/1dce80ceb372675e9fc7e9f101b71845ef587de2/sprites/pokemon/back/123.png,not_individually_verified,not_individually_verified
dex:jynx:base,124,迷唇姐,base,https://raw.githubusercontent.com/PokeAPI/sprites/1dce80ceb372675e9fc7e9f101b71845ef587de2/sprites/pokemon/124.png,https://raw.githubusercontent.com/PokeAPI/sprites/1dce80ceb372675e9fc7e9f101b71845ef587de2/sprites/pokemon/back/124.png,not_individually_verified,not_individually_verified
dex:jynx:base:dynamax,124,迷唇姐 · 极巨化,dynamax,https://raw.githubusercontent.com/PokeAPI/sprites/1dce80ceb372675e9fc7e9f101b71845ef587de2/sprites/pokemon/124.png,https://raw.githubusercontent.com/PokeAPI/sprites/1dce80ceb372675e9fc7e9f101b71845ef587de2/sprites/pokemon/back/124.png,not_individually_verified,not_individually_verified
dex:electabuzz:base,125,电击兽,base,https://raw.githubusercontent.com/PokeAPI/sprites/1dce80ceb372675e9fc7e9f101b71845ef587de2/sprites/pokemon/125.png,https://raw.githubusercontent.com/PokeAPI/sprites/1dce80ceb372675e9fc7e9f101b71845ef587de2/sprites/pokemon/back/125.png,not_individually_verified,not_individually_verified
dex:electabuzz:base:dynamax,125,电击兽 · 极巨化,dynamax,https://raw.githubusercontent.com/PokeAPI/sprites/1dce80ceb372675e9fc7e9f101b71845ef587de2/sprites/pokemon/125.png,https://raw.githubusercontent.com/PokeAPI/sprites/1dce80ceb372675e9fc7e9f101b71845ef587de2/sprites/pokemon/back/125.png,not_individually_verified,not_individually_verified
dex:magmar:base,126,鸭嘴火兽,base,https://raw.githubusercontent.com/PokeAPI/sprites/1dce80ceb372675e9fc7e9f101b71845ef587de2/sprites/pokemon/126.png,https://raw.githubusercontent.com/PokeAPI/sprites/1dce80ceb372675e9fc7e9f101b71845ef587de2/sprites/pokemon/back/126.png,not_individually_verified,not_individually_verified
dex:magmar:base:dynamax,126,鸭嘴火兽 · 极巨化,dynamax,https://raw.githubusercontent.com/PokeAPI/sprites/1dce80ceb372675e9fc7e9f101b71845ef587de2/sprites/pokemon/126.png,https://raw.githubusercontent.com/PokeAPI/sprites/1dce80ceb372675e9fc7e9f101b71845ef587de2/sprites/pokemon/back/126.png,not_individually_verified,not_individually_verified
dex:pinsir:base,127,凯罗斯,base,https://raw.githubusercontent.com/PokeAPI/sprites/1dce80ceb372675e9fc7e9f101b71845ef587de2/sprites/pokemon/127.png,https://raw.githubusercontent.com/PokeAPI/sprites/1dce80ceb372675e9fc7e9f101b71845ef587de2/sprites/pokemon/back/127.png,not_individually_verified,not_individually_verified
dex:form:pinsirmega,127,凯罗斯 · 超级进化,mega,https://raw.githubusercontent.com/PokeAPI/sprites/1dce80ceb372675e9fc7e9f101b71845ef587de2/sprites/pokemon/10040.png,https://raw.githubusercontent.com/PokeAPI/sprites/1dce80ceb372675e9fc7e9f101b71845ef587de2/sprites/pokemon/back/10040.png,not_individually_verified,not_individually_verified
dex:pinsir:base:dynamax,127,凯罗斯 · 极巨化,dynamax,https://raw.githubusercontent.com/PokeAPI/sprites/1dce80ceb372675e9fc7e9f101b71845ef587de2/sprites/pokemon/127.png,https://raw.githubusercontent.com/PokeAPI/sprites/1dce80ceb372675e9fc7e9f101b71845ef587de2/sprites/pokemon/back/127.png,not_individually_verified,not_individually_verified
dex:tauros:base,128,肯泰罗,base,https://raw.githubusercontent.com/PokeAPI/sprites/1dce80ceb372675e9fc7e9f101b71845ef587de2/sprites/pokemon/128.png,https://raw.githubusercontent.com/PokeAPI/sprites/1dce80ceb372675e9fc7e9f101b71845ef587de2/sprites/pokemon/back/128.png,not_individually_verified,not_individually_verified
dex:form:taurospaldeaaqua,128,肯泰罗 · 帕底亚水澜种,regional,https://raw.githubusercontent.com/PokeAPI/sprites/1dce80ceb372675e9fc7e9f101b71845ef587de2/sprites/pokemon/10252.png,https://raw.githubusercontent.com/PokeAPI/sprites/1dce80ceb372675e9fc7e9f101b71845ef587de2/sprites/pokemon/back/10252.png,not_individually_verified,not_individually_verified
dex:form:taurospaldeablaze,128,肯泰罗 · 帕底亚火炽种,regional,https://raw.githubusercontent.com/PokeAPI/sprites/1dce80ceb372675e9fc7e9f101b71845ef587de2/sprites/pokemon/10251.png,https://raw.githubusercontent.com/PokeAPI/sprites/1dce80ceb372675e9fc7e9f101b71845ef587de2/sprites/pokemon/back/10251.png,not_individually_verified,not_individually_verified
dex:form:taurospaldeacombat,128,肯泰罗 · 帕底亚斗战种,regional,https://raw.githubusercontent.com/PokeAPI/sprites/1dce80ceb372675e9fc7e9f101b71845ef587de2/sprites/pokemon/10250.png,https://raw.githubusercontent.com/PokeAPI/sprites/1dce80ceb372675e9fc7e9f101b71845ef587de2/sprites/pokemon/back/10250.png,not_individually_verified,not_individually_verified
dex:tauros:base:dynamax,128,肯泰罗 · 极巨化,dynamax,https://raw.githubusercontent.com/PokeAPI/sprites/1dce80ceb372675e9fc7e9f101b71845ef587de2/sprites/pokemon/128.png,https://raw.githubusercontent.com/PokeAPI/sprites/1dce80ceb372675e9fc7e9f101b71845ef587de2/sprites/pokemon/back/128.png,not_individually_verified,not_individually_verified
dex:magikarp:base,129,鲤鱼王,base,https://raw.githubusercontent.com/PokeAPI/sprites/1dce80ceb372675e9fc7e9f101b71845ef587de2/sprites/pokemon/129.png,https://raw.githubusercontent.com/PokeAPI/sprites/1dce80ceb372675e9fc7e9f101b71845ef587de2/sprites/pokemon/back/129.png,not_individually_verified,not_individually_verified
dex:magikarp:base:dynamax,129,鲤鱼王 · 极巨化,dynamax,https://raw.githubusercontent.com/PokeAPI/sprites/1dce80ceb372675e9fc7e9f101b71845ef587de2/sprites/pokemon/129.png,https://raw.githubusercontent.com/PokeAPI/sprites/1dce80ceb372675e9fc7e9f101b71845ef587de2/sprites/pokemon/back/129.png,not_individually_verified,not_individually_verified
dex:gyarados:base,130,暴鲤龙,base,https://raw.githubusercontent.com/PokeAPI/sprites/1dce80ceb372675e9fc7e9f101b71845ef587de2/sprites/pokemon/130.png,https://raw.githubusercontent.com/PokeAPI/sprites/1dce80ceb372675e9fc7e9f101b71845ef587de2/sprites/pokemon/back/130.png,not_individually_verified,not_individually_verified
dex:form:gyaradosmega,130,暴鲤龙 · 超级进化,mega,https://raw.githubusercontent.com/PokeAPI/sprites/1dce80ceb372675e9fc7e9f101b71845ef587de2/sprites/pokemon/10041.png,https://raw.githubusercontent.com/PokeAPI/sprites/1dce80ceb372675e9fc7e9f101b71845ef587de2/sprites/pokemon/back/10041.png,not_individually_verified,not_individually_verified
dex:gyarados:base:dynamax,130,暴鲤龙 · 极巨化,dynamax,https://raw.githubusercontent.com/PokeAPI/sprites/1dce80ceb372675e9fc7e9f101b71845ef587de2/sprites/pokemon/130.png,https://raw.githubusercontent.com/PokeAPI/sprites/1dce80ceb372675e9fc7e9f101b71845ef587de2/sprites/pokemon/back/130.png,not_individually_verified,not_individually_verified
dex:lapras:base,131,拉普拉斯,base,https://raw.githubusercontent.com/PokeAPI/sprites/1dce80ceb372675e9fc7e9f101b71845ef587de2/sprites/pokemon/131.png,https://raw.githubusercontent.com/PokeAPI/sprites/1dce80ceb372675e9fc7e9f101b71845ef587de2/sprites/pokemon/back/131.png,not_individually_verified,not_individually_verified
dex:form:laprasgmax,131,拉普拉斯 · 超极巨化,gigantamax,https://raw.githubusercontent.com/PokeAPI/sprites/1dce80ceb372675e9fc7e9f101b71845ef587de2/sprites/pokemon/10204.png,https://raw.githubusercontent.com/PokeAPI/sprites/1dce80ceb372675e9fc7e9f101b71845ef587de2/sprites/pokemon/back/10204.png,not_individually_verified,not_individually_verified
dex:lapras:base:dynamax,131,拉普拉斯 · 极巨化,dynamax,https://raw.githubusercontent.com/PokeAPI/sprites/1dce80ceb372675e9fc7e9f101b71845ef587de2/sprites/pokemon/131.png,https://raw.githubusercontent.com/PokeAPI/sprites/1dce80ceb372675e9fc7e9f101b71845ef587de2/sprites/pokemon/back/131.png,not_individually_verified,not_individually_verified
dex:ditto:base,132,百变怪,base,https://raw.githubusercontent.com/PokeAPI/sprites/1dce80ceb372675e9fc7e9f101b71845ef587de2/sprites/pokemon/132.png,https://raw.githubusercontent.com/PokeAPI/sprites/1dce80ceb372675e9fc7e9f101b71845ef587de2/sprites/pokemon/back/132.png,not_individually_verified,not_individually_verified
dex:ditto:base:dynamax,132,百变怪 · 极巨化,dynamax,https://raw.githubusercontent.com/PokeAPI/sprites/1dce80ceb372675e9fc7e9f101b71845ef587de2/sprites/pokemon/132.png,https://raw.githubusercontent.com/PokeAPI/sprites/1dce80ceb372675e9fc7e9f101b71845ef587de2/sprites/pokemon/back/132.png,not_individually_verified,not_individually_verified
dex:eevee:base,133,伊布,base,https://raw.githubusercontent.com/PokeAPI/sprites/1dce80ceb372675e9fc7e9f101b71845ef587de2/sprites/pokemon/133.png,https://raw.githubusercontent.com/PokeAPI/sprites/1dce80ceb372675e9fc7e9f101b71845ef587de2/sprites/pokemon/back/133.png,not_individually_verified,not_individually_verified
dex:form:eeveegmax,133,伊布 · 超极巨化,gigantamax,https://raw.githubusercontent.com/PokeAPI/sprites/1dce80ceb372675e9fc7e9f101b71845ef587de2/sprites/pokemon/10205.png,https://raw.githubusercontent.com/PokeAPI/sprites/1dce80ceb372675e9fc7e9f101b71845ef587de2/sprites/pokemon/back/10205.png,not_individually_verified,not_individually_verified
dex:omni:rocket-bond:eevee,133,伊布 · 羁绊,rocket_bond_candidate,/rocket-art/eevee-front_default.png,/rocket-art/eevee-back_default.png,not_individually_verified,not_individually_verified
dex:eevee:base:dynamax,133,伊布 · 极巨化,dynamax,https://raw.githubusercontent.com/PokeAPI/sprites/1dce80ceb372675e9fc7e9f101b71845ef587de2/sprites/pokemon/133.png,https://raw.githubusercontent.com/PokeAPI/sprites/1dce80ceb372675e9fc7e9f101b71845ef587de2/sprites/pokemon/back/133.png,not_individually_verified,not_individually_verified
dex:form:eeveestarter,133,伊布 · 搭档形态,special_form,https://raw.githubusercontent.com/PokeAPI/sprites/1dce80ceb372675e9fc7e9f101b71845ef587de2/sprites/pokemon/10159.png,https://raw.githubusercontent.com/PokeAPI/sprites/1dce80ceb372675e9fc7e9f101b71845ef587de2/sprites/pokemon/back/10159.png,not_individually_verified,not_individually_verified
dex:vaporeon:base,134,水伊布,base,https://raw.githubusercontent.com/PokeAPI/sprites/1dce80ceb372675e9fc7e9f101b71845ef587de2/sprites/pokemon/134.png,https://raw.githubusercontent.com/PokeAPI/sprites/1dce80ceb372675e9fc7e9f101b71845ef587de2/sprites/pokemon/back/134.png,not_individually_verified,not_individually_verified
dex:omni:rocket-bond:vaporeon-sui,134,水伊布 · 羁绊（SUI）,rocket_bond_candidate,/rocket-art/vaporeon-sui-front_default.png,/rocket-art/vaporeon-sui-back_default.png,not_individually_verified,not_individually_verified
dex:vaporeon:base:dynamax,134,水伊布 · 极巨化,dynamax,https://raw.githubusercontent.com/PokeAPI/sprites/1dce80ceb372675e9fc7e9f101b71845ef587de2/sprites/pokemon/134.png,https://raw.githubusercontent.com/PokeAPI/sprites/1dce80ceb372675e9fc7e9f101b71845ef587de2/sprites/pokemon/back/134.png,not_individually_verified,not_individually_verified
dex:jolteon:base,135,雷伊布,base,https://raw.githubusercontent.com/PokeAPI/sprites/1dce80ceb372675e9fc7e9f101b71845ef587de2/sprites/pokemon/135.png,https://raw.githubusercontent.com/PokeAPI/sprites/1dce80ceb372675e9fc7e9f101b71845ef587de2/sprites/pokemon/back/135.png,not_individually_verified,not_individually_verified
dex:omni:rocket-bond:jolteon-rai,135,雷伊布 · 羁绊（RAI）,rocket_bond_candidate,/rocket-art/jolteon-rai-front_default.png,/rocket-art/jolteon-rai-back_default.png,not_individually_verified,not_individually_verified
dex:jolteon:base:dynamax,135,雷伊布 · 极巨化,dynamax,https://raw.githubusercontent.com/PokeAPI/sprites/1dce80ceb372675e9fc7e9f101b71845ef587de2/sprites/pokemon/135.png,https://raw.githubusercontent.com/PokeAPI/sprites/1dce80ceb372675e9fc7e9f101b71845ef587de2/sprites/pokemon/back/135.png,not_individually_verified,not_individually_verified
dex:flareon:base,136,火伊布,base,https://raw.githubusercontent.com/PokeAPI/sprites/1dce80ceb372675e9fc7e9f101b71845ef587de2/sprites/pokemon/136.png,https://raw.githubusercontent.com/PokeAPI/sprites/1dce80ceb372675e9fc7e9f101b71845ef587de2/sprites/pokemon/back/136.png,not_individually_verified,not_individually_verified
dex:omni:rocket-bond:flareon-en,136,火伊布 · 羁绊（EN）,rocket_bond_candidate,/rocket-art/flareon-en-front_default.png,/rocket-art/flareon-en-back_default.png,not_individually_verified,not_individually_verified
dex:flareon:base:dynamax,136,火伊布 · 极巨化,dynamax,https://raw.githubusercontent.com/PokeAPI/sprites/1dce80ceb372675e9fc7e9f101b71845ef587de2/sprites/pokemon/136.png,https://raw.githubusercontent.com/PokeAPI/sprites/1dce80ceb372675e9fc7e9f101b71845ef587de2/sprites/pokemon/back/136.png,not_individually_verified,not_individually_verified
dex:porygon:base,137,多边兽,base,https://raw.githubusercontent.com/PokeAPI/sprites/1dce80ceb372675e9fc7e9f101b71845ef587de2/sprites/pokemon/137.png,https://raw.githubusercontent.com/PokeAPI/sprites/1dce80ceb372675e9fc7e9f101b71845ef587de2/sprites/pokemon/back/137.png,not_individually_verified,not_individually_verified
dex:porygon:base:dynamax,137,多边兽 · 极巨化,dynamax,https://raw.githubusercontent.com/PokeAPI/sprites/1dce80ceb372675e9fc7e9f101b71845ef587de2/sprites/pokemon/137.png,https://raw.githubusercontent.com/PokeAPI/sprites/1dce80ceb372675e9fc7e9f101b71845ef587de2/sprites/pokemon/back/137.png,not_individually_verified,not_individually_verified
dex:omanyte:base,138,菊石兽,base,https://raw.githubusercontent.com/PokeAPI/sprites/1dce80ceb372675e9fc7e9f101b71845ef587de2/sprites/pokemon/138.png,https://raw.githubusercontent.com/PokeAPI/sprites/1dce80ceb372675e9fc7e9f101b71845ef587de2/sprites/pokemon/back/138.png,not_individually_verified,not_individually_verified
dex:omanyte:base:dynamax,138,菊石兽 · 极巨化,dynamax,https://raw.githubusercontent.com/PokeAPI/sprites/1dce80ceb372675e9fc7e9f101b71845ef587de2/sprites/pokemon/138.png,https://raw.githubusercontent.com/PokeAPI/sprites/1dce80ceb372675e9fc7e9f101b71845ef587de2/sprites/pokemon/back/138.png,not_individually_verified,not_individually_verified
dex:omastar:base,139,多刺菊石兽,base,https://raw.githubusercontent.com/PokeAPI/sprites/1dce80ceb372675e9fc7e9f101b71845ef587de2/sprites/pokemon/139.png,https://raw.githubusercontent.com/PokeAPI/sprites/1dce80ceb372675e9fc7e9f101b71845ef587de2/sprites/pokemon/back/139.png,not_individually_verified,not_individually_verified
dex:omastar:base:dynamax,139,多刺菊石兽 · 极巨化,dynamax,https://raw.githubusercontent.com/PokeAPI/sprites/1dce80ceb372675e9fc7e9f101b71845ef587de2/sprites/pokemon/139.png,https://raw.githubusercontent.com/PokeAPI/sprites/1dce80ceb372675e9fc7e9f101b71845ef587de2/sprites/pokemon/back/139.png,not_individually_verified,not_individually_verified
dex:kabuto:base,140,化石盔,base,https://raw.githubusercontent.com/PokeAPI/sprites/1dce80ceb372675e9fc7e9f101b71845ef587de2/sprites/pokemon/140.png,https://raw.githubusercontent.com/PokeAPI/sprites/1dce80ceb372675e9fc7e9f101b71845ef587de2/sprites/pokemon/back/140.png,not_individually_verified,not_individually_verified
dex:kabuto:base:dynamax,140,化石盔 · 极巨化,dynamax,https://raw.githubusercontent.com/PokeAPI/sprites/1dce80ceb372675e9fc7e9f101b71845ef587de2/sprites/pokemon/140.png,https://raw.githubusercontent.com/PokeAPI/sprites/1dce80ceb372675e9fc7e9f101b71845ef587de2/sprites/pokemon/back/140.png,not_individually_verified,not_individually_verified
dex:kabutops:base,141,镰刀盔,base,https://raw.githubusercontent.com/PokeAPI/sprites/1dce80ceb372675e9fc7e9f101b71845ef587de2/sprites/pokemon/141.png,https://raw.githubusercontent.com/PokeAPI/sprites/1dce80ceb372675e9fc7e9f101b71845ef587de2/sprites/pokemon/back/141.png,not_individually_verified,not_individually_verified
dex:kabutops:base:dynamax,141,镰刀盔 · 极巨化,dynamax,https://raw.githubusercontent.com/PokeAPI/sprites/1dce80ceb372675e9fc7e9f101b71845ef587de2/sprites/pokemon/141.png,https://raw.githubusercontent.com/PokeAPI/sprites/1dce80ceb372675e9fc7e9f101b71845ef587de2/sprites/pokemon/back/141.png,not_individually_verified,not_individually_verified
dex:aerodactyl:base,142,化石翼龙,base,https://raw.githubusercontent.com/PokeAPI/sprites/1dce80ceb372675e9fc7e9f101b71845ef587de2/sprites/pokemon/142.png,https://raw.githubusercontent.com/PokeAPI/sprites/1dce80ceb372675e9fc7e9f101b71845ef587de2/sprites/pokemon/back/142.png,not_individually_verified,not_individually_verified
dex:form:aerodactylmega,142,化石翼龙 · 超级进化,mega,https://raw.githubusercontent.com/PokeAPI/sprites/1dce80ceb372675e9fc7e9f101b71845ef587de2/sprites/pokemon/10042.png,https://raw.githubusercontent.com/PokeAPI/sprites/1dce80ceb372675e9fc7e9f101b71845ef587de2/sprites/pokemon/back/10042.png,not_individually_verified,not_individually_verified
dex:aerodactyl:base:dynamax,142,化石翼龙 · 极巨化,dynamax,https://raw.githubusercontent.com/PokeAPI/sprites/1dce80ceb372675e9fc7e9f101b71845ef587de2/sprites/pokemon/142.png,https://raw.githubusercontent.com/PokeAPI/sprites/1dce80ceb372675e9fc7e9f101b71845ef587de2/sprites/pokemon/back/142.png,not_individually_verified,not_individually_verified
dex:omni:ultra58:424,142,化石骨龙,source_variant,/ultra-art/424-front_default.png,/ultra-art/424-back_default.png,not_individually_verified,not_individually_verified
dex:snorlax:base,143,卡比兽,base,https://raw.githubusercontent.com/PokeAPI/sprites/1dce80ceb372675e9fc7e9f101b71845ef587de2/sprites/pokemon/143.png,https://raw.githubusercontent.com/PokeAPI/sprites/1dce80ceb372675e9fc7e9f101b71845ef587de2/sprites/pokemon/back/143.png,not_individually_verified,not_individually_verified
dex:form:snorlaxgmax,143,卡比兽 · 超极巨化,gigantamax,https://raw.githubusercontent.com/PokeAPI/sprites/1dce80ceb372675e9fc7e9f101b71845ef587de2/sprites/pokemon/10206.png,https://raw.githubusercontent.com/PokeAPI/sprites/1dce80ceb372675e9fc7e9f101b71845ef587de2/sprites/pokemon/back/10206.png,not_individually_verified,not_individually_verified
dex:snorlax:base:dynamax,143,卡比兽 · 极巨化,dynamax,https://raw.githubusercontent.com/PokeAPI/sprites/1dce80ceb372675e9fc7e9f101b71845ef587de2/sprites/pokemon/143.png,https://raw.githubusercontent.com/PokeAPI/sprites/1dce80ceb372675e9fc7e9f101b71845ef587de2/sprites/pokemon/back/143.png,not_individually_verified,not_individually_verified
dex:articuno:base,144,急冻鸟,base,https://raw.githubusercontent.com/PokeAPI/sprites/1dce80ceb372675e9fc7e9f101b71845ef587de2/sprites/pokemon/144.png,https://raw.githubusercontent.com/PokeAPI/sprites/1dce80ceb372675e9fc7e9f101b71845ef587de2/sprites/pokemon/back/144.png,not_individually_verified,not_individually_verified
dex:form:articunogalar,144,急冻鸟 · 伽勒尔的样子,regional,https://raw.githubusercontent.com/PokeAPI/sprites/1dce80ceb372675e9fc7e9f101b71845ef587de2/sprites/pokemon/10169.png,https://raw.githubusercontent.com/PokeAPI/sprites/1dce80ceb372675e9fc7e9f101b71845ef587de2/sprites/pokemon/back/10169.png,not_individually_verified,not_individually_verified
dex:articuno:base:dynamax,144,急冻鸟 · 极巨化,dynamax,https://raw.githubusercontent.com/PokeAPI/sprites/1dce80ceb372675e9fc7e9f101b71845ef587de2/sprites/pokemon/144.png,https://raw.githubusercontent.com/PokeAPI/sprites/1dce80ceb372675e9fc7e9f101b71845ef587de2/sprites/pokemon/back/144.png,not_individually_verified,not_individually_verified
dex:form:articunogalar:dynamax,144,急冻鸟 · 伽勒尔的样子 · 极巨化,dynamax,https://raw.githubusercontent.com/PokeAPI/sprites/1dce80ceb372675e9fc7e9f101b71845ef587de2/sprites/pokemon/10169.png,https://raw.githubusercontent.com/PokeAPI/sprites/1dce80ceb372675e9fc7e9f101b71845ef587de2/sprites/pokemon/back/10169.png,not_individually_verified,not_individually_verified
dex:zapdos:base,145,闪电鸟,base,https://raw.githubusercontent.com/PokeAPI/sprites/1dce80ceb372675e9fc7e9f101b71845ef587de2/sprites/pokemon/145.png,https://raw.githubusercontent.com/PokeAPI/sprites/1dce80ceb372675e9fc7e9f101b71845ef587de2/sprites/pokemon/back/145.png,not_individually_verified,not_individually_verified
dex:form:zapdosgalar,145,闪电鸟 · 伽勒尔的样子,regional,https://raw.githubusercontent.com/PokeAPI/sprites/1dce80ceb372675e9fc7e9f101b71845ef587de2/sprites/pokemon/10170.png,https://raw.githubusercontent.com/PokeAPI/sprites/1dce80ceb372675e9fc7e9f101b71845ef587de2/sprites/pokemon/back/10170.png,not_individually_verified,not_individually_verified
dex:form:zapdosgalar:dynamax,145,闪电鸟 · 伽勒尔的样子 · 极巨化,dynamax,https://raw.githubusercontent.com/PokeAPI/sprites/1dce80ceb372675e9fc7e9f101b71845ef587de2/sprites/pokemon/10170.png,https://raw.githubusercontent.com/PokeAPI/sprites/1dce80ceb372675e9fc7e9f101b71845ef587de2/sprites/pokemon/back/10170.png,not_individually_verified,not_individually_verified
dex:zapdos:base:dynamax,145,闪电鸟 · 极巨化,dynamax,https://raw.githubusercontent.com/PokeAPI/sprites/1dce80ceb372675e9fc7e9f101b71845ef587de2/sprites/pokemon/145.png,https://raw.githubusercontent.com/PokeAPI/sprites/1dce80ceb372675e9fc7e9f101b71845ef587de2/sprites/pokemon/back/145.png,not_individually_verified,not_individually_verified
dex:moltres:base,146,火焰鸟,base,https://raw.githubusercontent.com/PokeAPI/sprites/1dce80ceb372675e9fc7e9f101b71845ef587de2/sprites/pokemon/146.png,https://raw.githubusercontent.com/PokeAPI/sprites/1dce80ceb372675e9fc7e9f101b71845ef587de2/sprites/pokemon/back/146.png,not_individually_verified,not_individually_verified
dex:form:moltresgalar,146,火焰鸟 · 伽勒尔的样子,regional,https://raw.githubusercontent.com/PokeAPI/sprites/1dce80ceb372675e9fc7e9f101b71845ef587de2/sprites/pokemon/10171.png,https://raw.githubusercontent.com/PokeAPI/sprites/1dce80ceb372675e9fc7e9f101b71845ef587de2/sprites/pokemon/back/10171.png,not_individually_verified,not_individually_verified
dex:form:moltresgalar:dynamax,146,火焰鸟 · 伽勒尔的样子 · 极巨化,dynamax,https://raw.githubusercontent.com/PokeAPI/sprites/1dce80ceb372675e9fc7e9f101b71845ef587de2/sprites/pokemon/10171.png,https://raw.githubusercontent.com/PokeAPI/sprites/1dce80ceb372675e9fc7e9f101b71845ef587de2/sprites/pokemon/back/10171.png,not_individually_verified,not_individually_verified
dex:moltres:base:dynamax,146,火焰鸟 · 极巨化,dynamax,https://raw.githubusercontent.com/PokeAPI/sprites/1dce80ceb372675e9fc7e9f101b71845ef587de2/sprites/pokemon/146.png,https://raw.githubusercontent.com/PokeAPI/sprites/1dce80ceb372675e9fc7e9f101b71845ef587de2/sprites/pokemon/back/146.png,not_individually_verified,not_individually_verified
dex:dratini:base,147,迷你龙,base,https://raw.githubusercontent.com/PokeAPI/sprites/1dce80ceb372675e9fc7e9f101b71845ef587de2/sprites/pokemon/147.png,https://raw.githubusercontent.com/PokeAPI/sprites/1dce80ceb372675e9fc7e9f101b71845ef587de2/sprites/pokemon/back/147.png,not_individually_verified,not_individually_verified
dex:dratini:base:dynamax,147,迷你龙 · 极巨化,dynamax,https://raw.githubusercontent.com/PokeAPI/sprites/1dce80ceb372675e9fc7e9f101b71845ef587de2/sprites/pokemon/147.png,https://raw.githubusercontent.com/PokeAPI/sprites/1dce80ceb372675e9fc7e9f101b71845ef587de2/sprites/pokemon/back/147.png,not_individually_verified,not_individually_verified
dex:dragonair:base,148,哈克龙,base,https://raw.githubusercontent.com/PokeAPI/sprites/1dce80ceb372675e9fc7e9f101b71845ef587de2/sprites/pokemon/148.png,https://raw.githubusercontent.com/PokeAPI/sprites/1dce80ceb372675e9fc7e9f101b71845ef587de2/sprites/pokemon/back/148.png,not_individually_verified,not_individually_verified
dex:dragonair:base:dynamax,148,哈克龙 · 极巨化,dynamax,https://raw.githubusercontent.com/PokeAPI/sprites/1dce80ceb372675e9fc7e9f101b71845ef587de2/sprites/pokemon/148.png,https://raw.githubusercontent.com/PokeAPI/sprites/1dce80ceb372675e9fc7e9f101b71845ef587de2/sprites/pokemon/back/148.png,not_individually_verified,not_individually_verified
dex:dragonite:base,149,快龙,base,https://raw.githubusercontent.com/PokeAPI/sprites/1dce80ceb372675e9fc7e9f101b71845ef587de2/sprites/pokemon/149.png,https://raw.githubusercontent.com/PokeAPI/sprites/1dce80ceb372675e9fc7e9f101b71845ef587de2/sprites/pokemon/back/149.png,not_individually_verified,not_individually_verified
dex:form:dragonitemega,149,快龙 · 超级进化,mega,https://raw.githubusercontent.com/PokeAPI/sprites/1dce80ceb372675e9fc7e9f101b71845ef587de2/sprites/pokemon/10281.png,https://raw.githubusercontent.com/PokeAPI/sprites/1dce80ceb372675e9fc7e9f101b71845ef587de2/sprites/pokemon/back/10281.png,not_individually_verified,not_individually_verified
dex:omni:rocket-bond:dragonite,149,快龙 · 羁绊,rocket_bond_candidate,/rocket-art/dragonite-front_default.png,/rocket-art/dragonite-back_default.png,not_individually_verified,not_individually_verified
dex:dragonite:base:dynamax,149,快龙 · 极巨化,dynamax,https://raw.githubusercontent.com/PokeAPI/sprites/1dce80ceb372675e9fc7e9f101b71845ef587de2/sprites/pokemon/149.png,https://raw.githubusercontent.com/PokeAPI/sprites/1dce80ceb372675e9fc7e9f101b71845ef587de2/sprites/pokemon/back/149.png,not_individually_verified,not_individually_verified
dex:mewtwo:base,150,超梦,base,https://raw.githubusercontent.com/PokeAPI/sprites/1dce80ceb372675e9fc7e9f101b71845ef587de2/sprites/pokemon/150.png,https://raw.githubusercontent.com/PokeAPI/sprites/1dce80ceb372675e9fc7e9f101b71845ef587de2/sprites/pokemon/back/150.png,not_individually_verified,not_individually_verified
dex:form:mewtwomegax,150,超梦 · 超级进化 X,mega,https://raw.githubusercontent.com/PokeAPI/sprites/1dce80ceb372675e9fc7e9f101b71845ef587de2/sprites/pokemon/10043.png,https://raw.githubusercontent.com/PokeAPI/sprites/1dce80ceb372675e9fc7e9f101b71845ef587de2/sprites/pokemon/back/10043.png,not_individually_verified,not_individually_verified
dex:form:mewtwomegay,150,超梦 · 超级进化 Y,mega,https://raw.githubusercontent.com/PokeAPI/sprites/1dce80ceb372675e9fc7e9f101b71845ef587de2/sprites/pokemon/10044.png,https://raw.githubusercontent.com/PokeAPI/sprites/1dce80ceb372675e9fc7e9f101b71845ef587de2/sprites/pokemon/back/10044.png,not_individually_verified,not_individually_verified
dex:mewtwo:base:dynamax,150,超梦 · 极巨化,dynamax,https://raw.githubusercontent.com/PokeAPI/sprites/1dce80ceb372675e9fc7e9f101b71845ef587de2/sprites/pokemon/150.png,https://raw.githubusercontent.com/PokeAPI/sprites/1dce80ceb372675e9fc7e9f101b71845ef587de2/sprites/pokemon/back/150.png,not_individually_verified,not_individually_verified
dex:omni:ultra58:1097,150,铠甲超梦,source_variant,/ultra-art/1097-front_default.png,/ultra-art/1097-back_default.png,not_individually_verified,not_individually_verified
dex:omni:ultra58:1118,150,全装甲超梦,source_variant,/ultra-art/1118-front_default.png,/ultra-art/1118-back_default.png,not_individually_verified,not_individually_verified
dex:omni:ultra58:413,150,黯影超梦 X,source_variant,/ultra-art/413-front_default.png,/ultra-art/413-back_default.png,not_individually_verified,not_individually_verified
dex:omni:ultra58:432,150,黯影超梦,source_variant,/ultra-art/432-front_default.png,/ultra-art/432-back_default.png,not_individually_verified,not_individually_verified
dex:mew:base,151,梦幻,base,https://raw.githubusercontent.com/PokeAPI/sprites/1dce80ceb372675e9fc7e9f101b71845ef587de2/sprites/pokemon/151.png,https://raw.githubusercontent.com/PokeAPI/sprites/1dce80ceb372675e9fc7e9f101b71845ef587de2/sprites/pokemon/back/151.png,not_individually_verified,not_individually_verified
dex:mew:base:dynamax,151,梦幻 · 极巨化,dynamax,https://raw.githubusercontent.com/PokeAPI/sprites/1dce80ceb372675e9fc7e9f101b71845ef587de2/sprites/pokemon/151.png,https://raw.githubusercontent.com/PokeAPI/sprites/1dce80ceb372675e9fc7e9f101b71845ef587de2/sprites/pokemon/back/151.png,not_individually_verified,not_individually_verified
dex:chikorita:base,152,菊草叶,base,https://raw.githubusercontent.com/PokeAPI/sprites/1dce80ceb372675e9fc7e9f101b71845ef587de2/sprites/pokemon/152.png,https://raw.githubusercontent.com/PokeAPI/sprites/1dce80ceb372675e9fc7e9f101b71845ef587de2/sprites/pokemon/back/152.png,not_individually_verified,not_individually_verified
dex:bayleef:base,153,月桂叶,base,https://raw.githubusercontent.com/PokeAPI/sprites/1dce80ceb372675e9fc7e9f101b71845ef587de2/sprites/pokemon/153.png,https://raw.githubusercontent.com/PokeAPI/sprites/1dce80ceb372675e9fc7e9f101b71845ef587de2/sprites/pokemon/back/153.png,not_individually_verified,not_individually_verified
dex:meganium:base,154,大竺葵,base,https://raw.githubusercontent.com/PokeAPI/sprites/1dce80ceb372675e9fc7e9f101b71845ef587de2/sprites/pokemon/154.png,https://raw.githubusercontent.com/PokeAPI/sprites/1dce80ceb372675e9fc7e9f101b71845ef587de2/sprites/pokemon/back/154.png,not_individually_verified,not_individually_verified
dex:form:meganiummega,154,大竺葵 · 超级进化,mega,https://raw.githubusercontent.com/PokeAPI/sprites/1dce80ceb372675e9fc7e9f101b71845ef587de2/sprites/pokemon/10282.png,https://raw.githubusercontent.com/PokeAPI/sprites/1dce80ceb372675e9fc7e9f101b71845ef587de2/sprites/pokemon/back/10282.png,not_individually_verified,not_individually_verified
dex:cyndaquil:base,155,火球鼠,base,https://raw.githubusercontent.com/PokeAPI/sprites/1dce80ceb372675e9fc7e9f101b71845ef587de2/sprites/pokemon/155.png,https://raw.githubusercontent.com/PokeAPI/sprites/1dce80ceb372675e9fc7e9f101b71845ef587de2/sprites/pokemon/back/155.png,not_individually_verified,not_individually_verified
dex:quilava:base,156,火岩鼠,base,https://raw.githubusercontent.com/PokeAPI/sprites/1dce80ceb372675e9fc7e9f101b71845ef587de2/sprites/pokemon/156.png,https://raw.githubusercontent.com/PokeAPI/sprites/1dce80ceb372675e9fc7e9f101b71845ef587de2/sprites/pokemon/back/156.png,not_individually_verified,not_individually_verified
dex:typhlosion:base,157,火暴兽,base,https://raw.githubusercontent.com/PokeAPI/sprites/1dce80ceb372675e9fc7e9f101b71845ef587de2/sprites/pokemon/157.png,https://raw.githubusercontent.com/PokeAPI/sprites/1dce80ceb372675e9fc7e9f101b71845ef587de2/sprites/pokemon/back/157.png,not_individually_verified,not_individually_verified
dex:form:typhlosionhisui,157,火暴兽 · 洗翠,regional,https://raw.githubusercontent.com/PokeAPI/sprites/1dce80ceb372675e9fc7e9f101b71845ef587de2/sprites/pokemon/10233.png,https://raw.githubusercontent.com/PokeAPI/sprites/1dce80ceb372675e9fc7e9f101b71845ef587de2/sprites/pokemon/back/10233.png,not_individually_verified,not_individually_verified
dex:totodile:base,158,小锯鳄,base,https://raw.githubusercontent.com/PokeAPI/sprites/1dce80ceb372675e9fc7e9f101b71845ef587de2/sprites/pokemon/158.png,https://raw.githubusercontent.com/PokeAPI/sprites/1dce80ceb372675e9fc7e9f101b71845ef587de2/sprites/pokemon/back/158.png,not_individually_verified,not_individually_verified
dex:croconaw:base,159,蓝鳄,base,https://raw.githubusercontent.com/PokeAPI/sprites/1dce80ceb372675e9fc7e9f101b71845ef587de2/sprites/pokemon/159.png,https://raw.githubusercontent.com/PokeAPI/sprites/1dce80ceb372675e9fc7e9f101b71845ef587de2/sprites/pokemon/back/159.png,not_individually_verified,not_individually_verified
dex:feraligatr:base,160,大力鳄,base,https://raw.githubusercontent.com/PokeAPI/sprites/1dce80ceb372675e9fc7e9f101b71845ef587de2/sprites/pokemon/160.png,https://raw.githubusercontent.com/PokeAPI/sprites/1dce80ceb372675e9fc7e9f101b71845ef587de2/sprites/pokemon/back/160.png,not_individually_verified,not_individually_verified
dex:form:feraligatrmega,160,大力鳄 · 超级进化,mega,https://raw.githubusercontent.com/PokeAPI/sprites/1dce80ceb372675e9fc7e9f101b71845ef587de2/sprites/pokemon/10283.png,https://raw.githubusercontent.com/PokeAPI/sprites/1dce80ceb372675e9fc7e9f101b71845ef587de2/sprites/pokemon/back/10283.png,not_individually_verified,not_individually_verified
dex:omni:rocket-bond:feraligatr,160,大力鳄 · 羁绊,rocket_bond_candidate,/rocket-art/feraligatr-front_default.png,/rocket-art/feraligatr-back_default.png,not_individually_verified,not_individually_verified
dex:sentret:base,161,尾立,base,https://raw.githubusercontent.com/PokeAPI/sprites/1dce80ceb372675e9fc7e9f101b71845ef587de2/sprites/pokemon/161.png,https://raw.githubusercontent.com/PokeAPI/sprites/1dce80ceb372675e9fc7e9f101b71845ef587de2/sprites/pokemon/back/161.png,not_individually_verified,not_individually_verified
dex:furret:base,162,大尾立,base,https://raw.githubusercontent.com/PokeAPI/sprites/1dce80ceb372675e9fc7e9f101b71845ef587de2/sprites/pokemon/162.png,https://raw.githubusercontent.com/PokeAPI/sprites/1dce80ceb372675e9fc7e9f101b71845ef587de2/sprites/pokemon/back/162.png,not_individually_verified,not_individually_verified
dex:hoothoot:base,163,咕咕,base,https://raw.githubusercontent.com/PokeAPI/sprites/1dce80ceb372675e9fc7e9f101b71845ef587de2/sprites/pokemon/163.png,https://raw.githubusercontent.com/PokeAPI/sprites/1dce80ceb372675e9fc7e9f101b71845ef587de2/sprites/pokemon/back/163.png,not_individually_verified,not_individually_verified
dex:hoothoot:base:dynamax,163,咕咕 · 极巨化,dynamax,https://raw.githubusercontent.com/PokeAPI/sprites/1dce80ceb372675e9fc7e9f101b71845ef587de2/sprites/pokemon/163.png,https://raw.githubusercontent.com/PokeAPI/sprites/1dce80ceb372675e9fc7e9f101b71845ef587de2/sprites/pokemon/back/163.png,not_individually_verified,not_individually_verified
dex:noctowl:base,164,猫头夜鹰,base,https://raw.githubusercontent.com/PokeAPI/sprites/1dce80ceb372675e9fc7e9f101b71845ef587de2/sprites/pokemon/164.png,https://raw.githubusercontent.com/PokeAPI/sprites/1dce80ceb372675e9fc7e9f101b71845ef587de2/sprites/pokemon/back/164.png,not_individually_verified,not_individually_verified
dex:noctowl:base:dynamax,164,猫头夜鹰 · 极巨化,dynamax,https://raw.githubusercontent.com/PokeAPI/sprites/1dce80ceb372675e9fc7e9f101b71845ef587de2/sprites/pokemon/164.png,https://raw.githubusercontent.com/PokeAPI/sprites/1dce80ceb372675e9fc7e9f101b71845ef587de2/sprites/pokemon/back/164.png,not_individually_verified,not_individually_verified
dex:ledyba:base,165,芭瓢虫,base,https://raw.githubusercontent.com/PokeAPI/sprites/1dce80ceb372675e9fc7e9f101b71845ef587de2/sprites/pokemon/165.png,https://raw.githubusercontent.com/PokeAPI/sprites/1dce80ceb372675e9fc7e9f101b71845ef587de2/sprites/pokemon/back/165.png,not_individually_verified,not_individually_verified
dex:ledian:base,166,安瓢虫,base,https://raw.githubusercontent.com/PokeAPI/sprites/1dce80ceb372675e9fc7e9f101b71845ef587de2/sprites/pokemon/166.png,https://raw.githubusercontent.com/PokeAPI/sprites/1dce80ceb372675e9fc7e9f101b71845ef587de2/sprites/pokemon/back/166.png,not_individually_verified,not_individually_verified
dex:spinarak:base,167,圆丝蛛,base,https://raw.githubusercontent.com/PokeAPI/sprites/1dce80ceb372675e9fc7e9f101b71845ef587de2/sprites/pokemon/167.png,https://raw.githubusercontent.com/PokeAPI/sprites/1dce80ceb372675e9fc7e9f101b71845ef587de2/sprites/pokemon/back/167.png,not_individually_verified,not_individually_verified
dex:ariados:base,168,阿利多斯,base,https://raw.githubusercontent.com/PokeAPI/sprites/1dce80ceb372675e9fc7e9f101b71845ef587de2/sprites/pokemon/168.png,https://raw.githubusercontent.com/PokeAPI/sprites/1dce80ceb372675e9fc7e9f101b71845ef587de2/sprites/pokemon/back/168.png,not_individually_verified,not_individually_verified
dex:crobat:base,169,叉字蝠,base,https://raw.githubusercontent.com/PokeAPI/sprites/1dce80ceb372675e9fc7e9f101b71845ef587de2/sprites/pokemon/169.png,https://raw.githubusercontent.com/PokeAPI/sprites/1dce80ceb372675e9fc7e9f101b71845ef587de2/sprites/pokemon/back/169.png,not_individually_verified,not_individually_verified
dex:omni:rocket-bond:crobat-andra,169,叉字蝠 · 羁绊（Andra）,rocket_bond_candidate,/rocket-art/crobat-andra-front_default.png,/rocket-art/crobat-andra-back_default.png,not_individually_verified,not_individually_verified
dex:omni:rocket-bond:crobat-protagonist,169,叉字蝠 · 羁绊（主角）,rocket_bond_candidate,/rocket-art/crobat-protagonist-front_default.png,/rocket-art/crobat-protagonist-back_default.png,not_individually_verified,not_individually_verified
dex:crobat:base:dynamax,169,叉字蝠 · 极巨化,dynamax,https://raw.githubusercontent.com/PokeAPI/sprites/1dce80ceb372675e9fc7e9f101b71845ef587de2/sprites/pokemon/169.png,https://raw.githubusercontent.com/PokeAPI/sprites/1dce80ceb372675e9fc7e9f101b71845ef587de2/sprites/pokemon/back/169.png,not_individually_verified,not_individually_verified
dex:chinchou:base,170,灯笼鱼,base,https://raw.githubusercontent.com/PokeAPI/sprites/1dce80ceb372675e9fc7e9f101b71845ef587de2/sprites/pokemon/170.png,https://raw.githubusercontent.com/PokeAPI/sprites/1dce80ceb372675e9fc7e9f101b71845ef587de2/sprites/pokemon/back/170.png,not_individually_verified,not_individually_verified
dex:chinchou:base:dynamax,170,灯笼鱼 · 极巨化,dynamax,https://raw.githubusercontent.com/PokeAPI/sprites/1dce80ceb372675e9fc7e9f101b71845ef587de2/sprites/pokemon/170.png,https://raw.githubusercontent.com/PokeAPI/sprites/1dce80ceb372675e9fc7e9f101b71845ef587de2/sprites/pokemon/back/170.png,not_individually_verified,not_individually_verified
dex:lanturn:base,171,电灯怪,base,https://raw.githubusercontent.com/PokeAPI/sprites/1dce80ceb372675e9fc7e9f101b71845ef587de2/sprites/pokemon/171.png,https://raw.githubusercontent.com/PokeAPI/sprites/1dce80ceb372675e9fc7e9f101b71845ef587de2/sprites/pokemon/back/171.png,not_individually_verified,not_individually_verified
dex:lanturn:base:dynamax,171,电灯怪 · 极巨化,dynamax,https://raw.githubusercontent.com/PokeAPI/sprites/1dce80ceb372675e9fc7e9f101b71845ef587de2/sprites/pokemon/171.png,https://raw.githubusercontent.com/PokeAPI/sprites/1dce80ceb372675e9fc7e9f101b71845ef587de2/sprites/pokemon/back/171.png,not_individually_verified,not_individually_verified
dex:pichu:base,172,皮丘,base,https://raw.githubusercontent.com/PokeAPI/sprites/1dce80ceb372675e9fc7e9f101b71845ef587de2/sprites/pokemon/172.png,https://raw.githubusercontent.com/PokeAPI/sprites/1dce80ceb372675e9fc7e9f101b71845ef587de2/sprites/pokemon/back/172.png,not_individually_verified,not_individually_verified
dex:form:pichuspikyeared,172,皮丘 · 刺刺耳,cosmetic,https://raw.githubusercontent.com/PokeAPI/sprites/1dce80ceb372675e9fc7e9f101b71845ef587de2/sprites/pokemon/172-spiky-eared.png,https://raw.githubusercontent.com/PokeAPI/sprites/1dce80ceb372675e9fc7e9f101b71845ef587de2/sprites/pokemon/back/172-spiky-eared.png,not_individually_verified,not_individually_verified
dex:pichu:base:dynamax,172,皮丘 · 极巨化,dynamax,https://raw.githubusercontent.com/PokeAPI/sprites/1dce80ceb372675e9fc7e9f101b71845ef587de2/sprites/pokemon/172.png,https://raw.githubusercontent.com/PokeAPI/sprites/1dce80ceb372675e9fc7e9f101b71845ef587de2/sprites/pokemon/back/172.png,not_individually_verified,not_individually_verified
dex:cleffa:base,173,皮宝宝,base,https://raw.githubusercontent.com/PokeAPI/sprites/1dce80ceb372675e9fc7e9f101b71845ef587de2/sprites/pokemon/173.png,https://raw.githubusercontent.com/PokeAPI/sprites/1dce80ceb372675e9fc7e9f101b71845ef587de2/sprites/pokemon/back/173.png,not_individually_verified,not_individually_verified
dex:cleffa:base:dynamax,173,皮宝宝 · 极巨化,dynamax,https://raw.githubusercontent.com/PokeAPI/sprites/1dce80ceb372675e9fc7e9f101b71845ef587de2/sprites/pokemon/173.png,https://raw.githubusercontent.com/PokeAPI/sprites/1dce80ceb372675e9fc7e9f101b71845ef587de2/sprites/pokemon/back/173.png,not_individually_verified,not_individually_verified
dex:igglybuff:base,174,宝宝丁,base,https://raw.githubusercontent.com/PokeAPI/sprites/1dce80ceb372675e9fc7e9f101b71845ef587de2/sprites/pokemon/174.png,https://raw.githubusercontent.com/PokeAPI/sprites/1dce80ceb372675e9fc7e9f101b71845ef587de2/sprites/pokemon/back/174.png,not_individually_verified,not_individually_verified
dex:igglybuff:base:dynamax,174,宝宝丁 · 极巨化,dynamax,https://raw.githubusercontent.com/PokeAPI/sprites/1dce80ceb372675e9fc7e9f101b71845ef587de2/sprites/pokemon/174.png,https://raw.githubusercontent.com/PokeAPI/sprites/1dce80ceb372675e9fc7e9f101b71845ef587de2/sprites/pokemon/back/174.png,not_individually_verified,not_individually_verified
dex:togepi:base,175,波克比,base,https://raw.githubusercontent.com/PokeAPI/sprites/1dce80ceb372675e9fc7e9f101b71845ef587de2/sprites/pokemon/175.png,https://raw.githubusercontent.com/PokeAPI/sprites/1dce80ceb372675e9fc7e9f101b71845ef587de2/sprites/pokemon/back/175.png,not_individually_verified,not_individually_verified
dex:togepi:base:dynamax,175,波克比 · 极巨化,dynamax,https://raw.githubusercontent.com/PokeAPI/sprites/1dce80ceb372675e9fc7e9f101b71845ef587de2/sprites/pokemon/175.png,https://raw.githubusercontent.com/PokeAPI/sprites/1dce80ceb372675e9fc7e9f101b71845ef587de2/sprites/pokemon/back/175.png,not_individually_verified,not_individually_verified
dex:togetic:base,176,波克基古,base,https://raw.githubusercontent.com/PokeAPI/sprites/1dce80ceb372675e9fc7e9f101b71845ef587de2/sprites/pokemon/176.png,https://raw.githubusercontent.com/PokeAPI/sprites/1dce80ceb372675e9fc7e9f101b71845ef587de2/sprites/pokemon/back/176.png,not_individually_verified,not_individually_verified
dex:togetic:base:dynamax,176,波克基古 · 极巨化,dynamax,https://raw.githubusercontent.com/PokeAPI/sprites/1dce80ceb372675e9fc7e9f101b71845ef587de2/sprites/pokemon/176.png,https://raw.githubusercontent.com/PokeAPI/sprites/1dce80ceb372675e9fc7e9f101b71845ef587de2/sprites/pokemon/back/176.png,not_individually_verified,not_individually_verified
dex:natu:base,177,天然雀,base,https://raw.githubusercontent.com/PokeAPI/sprites/1dce80ceb372675e9fc7e9f101b71845ef587de2/sprites/pokemon/177.png,https://raw.githubusercontent.com/PokeAPI/sprites/1dce80ceb372675e9fc7e9f101b71845ef587de2/sprites/pokemon/back/177.png,not_individually_verified,not_individually_verified
dex:natu:base:dynamax,177,天然雀 · 极巨化,dynamax,https://raw.githubusercontent.com/PokeAPI/sprites/1dce80ceb372675e9fc7e9f101b71845ef587de2/sprites/pokemon/177.png,https://raw.githubusercontent.com/PokeAPI/sprites/1dce80ceb372675e9fc7e9f101b71845ef587de2/sprites/pokemon/back/177.png,not_individually_verified,not_individually_verified
dex:xatu:base,178,天然鸟,base,https://raw.githubusercontent.com/PokeAPI/sprites/1dce80ceb372675e9fc7e9f101b71845ef587de2/sprites/pokemon/178.png,https://raw.githubusercontent.com/PokeAPI/sprites/1dce80ceb372675e9fc7e9f101b71845ef587de2/sprites/pokemon/back/178.png,not_individually_verified,not_individually_verified
dex:xatu:base:dynamax,178,天然鸟 · 极巨化,dynamax,https://raw.githubusercontent.com/PokeAPI/sprites/1dce80ceb372675e9fc7e9f101b71845ef587de2/sprites/pokemon/178.png,https://raw.githubusercontent.com/PokeAPI/sprites/1dce80ceb372675e9fc7e9f101b71845ef587de2/sprites/pokemon/back/178.png,not_individually_verified,not_individually_verified
dex:mareep:base,179,咩利羊,base,https://raw.githubusercontent.com/PokeAPI/sprites/1dce80ceb372675e9fc7e9f101b71845ef587de2/sprites/pokemon/179.png,https://raw.githubusercontent.com/PokeAPI/sprites/1dce80ceb372675e9fc7e9f101b71845ef587de2/sprites/pokemon/back/179.png,not_individually_verified,not_individually_verified
dex:flaaffy:base,180,茸茸羊,base,https://raw.githubusercontent.com/PokeAPI/sprites/1dce80ceb372675e9fc7e9f101b71845ef587de2/sprites/pokemon/180.png,https://raw.githubusercontent.com/PokeAPI/sprites/1dce80ceb372675e9fc7e9f101b71845ef587de2/sprites/pokemon/back/180.png,not_individually_verified,not_individually_verified
dex:ampharos:base,181,电龙,base,https://raw.githubusercontent.com/PokeAPI/sprites/1dce80ceb372675e9fc7e9f101b71845ef587de2/sprites/pokemon/181.png,https://raw.githubusercontent.com/PokeAPI/sprites/1dce80ceb372675e9fc7e9f101b71845ef587de2/sprites/pokemon/back/181.png,not_individually_verified,not_individually_verified
dex:form:ampharosmega,181,电龙 · 超级进化,mega,https://raw.githubusercontent.com/PokeAPI/sprites/1dce80ceb372675e9fc7e9f101b71845ef587de2/sprites/pokemon/10045.png,https://raw.githubusercontent.com/PokeAPI/sprites/1dce80ceb372675e9fc7e9f101b71845ef587de2/sprites/pokemon/back/10045.png,not_individually_verified,not_individually_verified
dex:bellossom:base,182,美丽花,base,https://raw.githubusercontent.com/PokeAPI/sprites/1dce80ceb372675e9fc7e9f101b71845ef587de2/sprites/pokemon/182.png,https://raw.githubusercontent.com/PokeAPI/sprites/1dce80ceb372675e9fc7e9f101b71845ef587de2/sprites/pokemon/back/182.png,not_individually_verified,not_individually_verified
dex:bellossom:base:dynamax,182,美丽花 · 极巨化,dynamax,https://raw.githubusercontent.com/PokeAPI/sprites/1dce80ceb372675e9fc7e9f101b71845ef587de2/sprites/pokemon/182.png,https://raw.githubusercontent.com/PokeAPI/sprites/1dce80ceb372675e9fc7e9f101b71845ef587de2/sprites/pokemon/back/182.png,not_individually_verified,not_individually_verified
dex:marill:base,183,玛力露,base,https://raw.githubusercontent.com/PokeAPI/sprites/1dce80ceb372675e9fc7e9f101b71845ef587de2/sprites/pokemon/183.png,https://raw.githubusercontent.com/PokeAPI/sprites/1dce80ceb372675e9fc7e9f101b71845ef587de2/sprites/pokemon/back/183.png,not_individually_verified,not_individually_verified
dex:marill:base:dynamax,183,玛力露 · 极巨化,dynamax,https://raw.githubusercontent.com/PokeAPI/sprites/1dce80ceb372675e9fc7e9f101b71845ef587de2/sprites/pokemon/183.png,https://raw.githubusercontent.com/PokeAPI/sprites/1dce80ceb372675e9fc7e9f101b71845ef587de2/sprites/pokemon/back/183.png,not_individually_verified,not_individually_verified
dex:azumarill:base,184,玛力露丽,base,https://raw.githubusercontent.com/PokeAPI/sprites/1dce80ceb372675e9fc7e9f101b71845ef587de2/sprites/pokemon/184.png,https://raw.githubusercontent.com/PokeAPI/sprites/1dce80ceb372675e9fc7e9f101b71845ef587de2/sprites/pokemon/back/184.png,not_individually_verified,not_individually_verified
dex:azumarill:base:dynamax,184,玛力露丽 · 极巨化,dynamax,https://raw.githubusercontent.com/PokeAPI/sprites/1dce80ceb372675e9fc7e9f101b71845ef587de2/sprites/pokemon/184.png,https://raw.githubusercontent.com/PokeAPI/sprites/1dce80ceb372675e9fc7e9f101b71845ef587de2/sprites/pokemon/back/184.png,not_individually_verified,not_individually_verified
dex:sudowoodo:base,185,树才怪,base,https://raw.githubusercontent.com/PokeAPI/sprites/1dce80ceb372675e9fc7e9f101b71845ef587de2/sprites/pokemon/185.png,https://raw.githubusercontent.com/PokeAPI/sprites/1dce80ceb372675e9fc7e9f101b71845ef587de2/sprites/pokemon/back/185.png,not_individually_verified,not_individually_verified
dex:sudowoodo:base:dynamax,185,树才怪 · 极巨化,dynamax,https://raw.githubusercontent.com/PokeAPI/sprites/1dce80ceb372675e9fc7e9f101b71845ef587de2/sprites/pokemon/185.png,https://raw.githubusercontent.com/PokeAPI/sprites/1dce80ceb372675e9fc7e9f101b71845ef587de2/sprites/pokemon/back/185.png,not_individually_verified,not_individually_verified
dex:politoed:base,186,蚊香蛙皇,base,https://raw.githubusercontent.com/PokeAPI/sprites/1dce80ceb372675e9fc7e9f101b71845ef587de2/sprites/pokemon/186.png,https://raw.githubusercontent.com/PokeAPI/sprites/1dce80ceb372675e9fc7e9f101b71845ef587de2/sprites/pokemon/back/186.png,not_individually_verified,not_individually_verified
dex:politoed:base:dynamax,186,蚊香蛙皇 · 极巨化,dynamax,https://raw.githubusercontent.com/PokeAPI/sprites/1dce80ceb372675e9fc7e9f101b71845ef587de2/sprites/pokemon/186.png,https://raw.githubusercontent.com/PokeAPI/sprites/1dce80ceb372675e9fc7e9f101b71845ef587de2/sprites/pokemon/back/186.png,not_individually_verified,not_individually_verified
dex:hoppip:base,187,毽子草,base,https://raw.githubusercontent.com/PokeAPI/sprites/1dce80ceb372675e9fc7e9f101b71845ef587de2/sprites/pokemon/187.png,https://raw.githubusercontent.com/PokeAPI/sprites/1dce80ceb372675e9fc7e9f101b71845ef587de2/sprites/pokemon/back/187.png,not_individually_verified,not_individually_verified
dex:skiploom:base,188,毽子花,base,https://raw.githubusercontent.com/PokeAPI/sprites/1dce80ceb372675e9fc7e9f101b71845ef587de2/sprites/pokemon/188.png,https://raw.githubusercontent.com/PokeAPI/sprites/1dce80ceb372675e9fc7e9f101b71845ef587de2/sprites/pokemon/back/188.png,not_individually_verified,not_individually_verified
dex:jumpluff:base,189,毽子棉,base,https://raw.githubusercontent.com/PokeAPI/sprites/1dce80ceb372675e9fc7e9f101b71845ef587de2/sprites/pokemon/189.png,https://raw.githubusercontent.com/PokeAPI/sprites/1dce80ceb372675e9fc7e9f101b71845ef587de2/sprites/pokemon/back/189.png,not_individually_verified,not_individually_verified
dex:aipom:base,190,长尾怪手,base,https://raw.githubusercontent.com/PokeAPI/sprites/1dce80ceb372675e9fc7e9f101b71845ef587de2/sprites/pokemon/190.png,https://raw.githubusercontent.com/PokeAPI/sprites/1dce80ceb372675e9fc7e9f101b71845ef587de2/sprites/pokemon/back/190.png,not_individually_verified,not_individually_verified
dex:sunkern:base,191,向日种子,base,https://raw.githubusercontent.com/PokeAPI/sprites/1dce80ceb372675e9fc7e9f101b71845ef587de2/sprites/pokemon/191.png,https://raw.githubusercontent.com/PokeAPI/sprites/1dce80ceb372675e9fc7e9f101b71845ef587de2/sprites/pokemon/back/191.png,not_individually_verified,not_individually_verified
dex:sunflora:base,192,向日花怪,base,https://raw.githubusercontent.com/PokeAPI/sprites/1dce80ceb372675e9fc7e9f101b71845ef587de2/sprites/pokemon/192.png,https://raw.githubusercontent.com/PokeAPI/sprites/1dce80ceb372675e9fc7e9f101b71845ef587de2/sprites/pokemon/back/192.png,not_individually_verified,not_individually_verified
dex:yanma:base,193,蜻蜻蜓,base,https://raw.githubusercontent.com/PokeAPI/sprites/1dce80ceb372675e9fc7e9f101b71845ef587de2/sprites/pokemon/193.png,https://raw.githubusercontent.com/PokeAPI/sprites/1dce80ceb372675e9fc7e9f101b71845ef587de2/sprites/pokemon/back/193.png,not_individually_verified,not_individually_verified
dex:wooper:base,194,乌波,base,https://raw.githubusercontent.com/PokeAPI/sprites/1dce80ceb372675e9fc7e9f101b71845ef587de2/sprites/pokemon/194.png,https://raw.githubusercontent.com/PokeAPI/sprites/1dce80ceb372675e9fc7e9f101b71845ef587de2/sprites/pokemon/back/194.png,not_individually_verified,not_individually_verified
dex:form:wooperpaldea,194,乌波 · 帕底亚,regional,https://raw.githubusercontent.com/PokeAPI/sprites/1dce80ceb372675e9fc7e9f101b71845ef587de2/sprites/pokemon/10253.png,https://raw.githubusercontent.com/PokeAPI/sprites/1dce80ceb372675e9fc7e9f101b71845ef587de2/sprites/pokemon/back/10253.png,not_individually_verified,not_individually_verified
dex:wooper:base:dynamax,194,乌波 · 极巨化,dynamax,https://raw.githubusercontent.com/PokeAPI/sprites/1dce80ceb372675e9fc7e9f101b71845ef587de2/sprites/pokemon/194.png,https://raw.githubusercontent.com/PokeAPI/sprites/1dce80ceb372675e9fc7e9f101b71845ef587de2/sprites/pokemon/back/194.png,not_individually_verified,not_individually_verified
dex:quagsire:base,195,沼王,base,https://raw.githubusercontent.com/PokeAPI/sprites/1dce80ceb372675e9fc7e9f101b71845ef587de2/sprites/pokemon/195.png,https://raw.githubusercontent.com/PokeAPI/sprites/1dce80ceb372675e9fc7e9f101b71845ef587de2/sprites/pokemon/back/195.png,not_individually_verified,not_individually_verified
dex:quagsire:base:dynamax,195,沼王 · 极巨化,dynamax,https://raw.githubusercontent.com/PokeAPI/sprites/1dce80ceb372675e9fc7e9f101b71845ef587de2/sprites/pokemon/195.png,https://raw.githubusercontent.com/PokeAPI/sprites/1dce80ceb372675e9fc7e9f101b71845ef587de2/sprites/pokemon/back/195.png,not_individually_verified,not_individually_verified
dex:espeon:base,196,太阳伊布,base,https://raw.githubusercontent.com/PokeAPI/sprites/1dce80ceb372675e9fc7e9f101b71845ef587de2/sprites/pokemon/196.png,https://raw.githubusercontent.com/PokeAPI/sprites/1dce80ceb372675e9fc7e9f101b71845ef587de2/sprites/pokemon/back/196.png,not_individually_verified,not_individually_verified
dex:espeon:base:dynamax,196,太阳伊布 · 极巨化,dynamax,https://raw.githubusercontent.com/PokeAPI/sprites/1dce80ceb372675e9fc7e9f101b71845ef587de2/sprites/pokemon/196.png,https://raw.githubusercontent.com/PokeAPI/sprites/1dce80ceb372675e9fc7e9f101b71845ef587de2/sprites/pokemon/back/196.png,not_individually_verified,not_individually_verified
dex:umbreon:base,197,月亮伊布,base,https://raw.githubusercontent.com/PokeAPI/sprites/1dce80ceb372675e9fc7e9f101b71845ef587de2/sprites/pokemon/197.png,https://raw.githubusercontent.com/PokeAPI/sprites/1dce80ceb372675e9fc7e9f101b71845ef587de2/sprites/pokemon/back/197.png,not_individually_verified,not_individually_verified
dex:umbreon:base:dynamax,197,月亮伊布 · 极巨化,dynamax,https://raw.githubusercontent.com/PokeAPI/sprites/1dce80ceb372675e9fc7e9f101b71845ef587de2/sprites/pokemon/197.png,https://raw.githubusercontent.com/PokeAPI/sprites/1dce80ceb372675e9fc7e9f101b71845ef587de2/sprites/pokemon/back/197.png,not_individually_verified,not_individually_verified
dex:murkrow:base,198,黑暗鸦,base,https://raw.githubusercontent.com/PokeAPI/sprites/1dce80ceb372675e9fc7e9f101b71845ef587de2/sprites/pokemon/198.png,https://raw.githubusercontent.com/PokeAPI/sprites/1dce80ceb372675e9fc7e9f101b71845ef587de2/sprites/pokemon/back/198.png,not_individually_verified,not_individually_verified
dex:slowking:base,199,呆呆王,base,https://raw.githubusercontent.com/PokeAPI/sprites/1dce80ceb372675e9fc7e9f101b71845ef587de2/sprites/pokemon/199.png,https://raw.githubusercontent.com/PokeAPI/sprites/1dce80ceb372675e9fc7e9f101b71845ef587de2/sprites/pokemon/back/199.png,not_individually_verified,not_individually_verified
dex:form:slowkinggalar,199,呆呆王 · 伽勒尔的样子,regional,https://raw.githubusercontent.com/PokeAPI/sprites/1dce80ceb372675e9fc7e9f101b71845ef587de2/sprites/pokemon/10172.png,https://raw.githubusercontent.com/PokeAPI/sprites/1dce80ceb372675e9fc7e9f101b71845ef587de2/sprites/pokemon/back/10172.png,not_individually_verified,not_individually_verified
dex:form:slowkinggalar:dynamax,199,呆呆王 · 伽勒尔的样子 · 极巨化,dynamax,https://raw.githubusercontent.com/PokeAPI/sprites/1dce80ceb372675e9fc7e9f101b71845ef587de2/sprites/pokemon/10172.png,https://raw.githubusercontent.com/PokeAPI/sprites/1dce80ceb372675e9fc7e9f101b71845ef587de2/sprites/pokemon/back/10172.png,not_individually_verified,not_individually_verified
dex:slowking:base:dynamax,199,呆呆王 · 极巨化,dynamax,https://raw.githubusercontent.com/PokeAPI/sprites/1dce80ceb372675e9fc7e9f101b71845ef587de2/sprites/pokemon/199.png,https://raw.githubusercontent.com/PokeAPI/sprites/1dce80ceb372675e9fc7e9f101b71845ef587de2/sprites/pokemon/back/199.png,not_individually_verified,not_individually_verified
dex:misdreavus:base,200,梦妖,base,https://raw.githubusercontent.com/PokeAPI/sprites/1dce80ceb372675e9fc7e9f101b71845ef587de2/sprites/pokemon/200.png,https://raw.githubusercontent.com/PokeAPI/sprites/1dce80ceb372675e9fc7e9f101b71845ef587de2/sprites/pokemon/back/200.png,not_individually_verified,not_individually_verified
dex:unown:base,201,未知图腾,base,https://raw.githubusercontent.com/PokeAPI/sprites/1dce80ceb372675e9fc7e9f101b71845ef587de2/sprites/pokemon/201.png,https://raw.githubusercontent.com/PokeAPI/sprites/1dce80ceb372675e9fc7e9f101b71845ef587de2/sprites/pokemon/back/201.png,not_individually_verified,not_individually_verified
dex:cosmetic:unownb,201,未知图腾 · B,cosmetic,https://raw.githubusercontent.com/PokeAPI/sprites/1dce80ceb372675e9fc7e9f101b71845ef587de2/sprites/pokemon/201-b.png,https://raw.githubusercontent.com/PokeAPI/sprites/1dce80ceb372675e9fc7e9f101b71845ef587de2/sprites/pokemon/back/201-b.png,not_individually_verified,not_individually_verified
dex:cosmetic:unownc,201,未知图腾 · C,cosmetic,https://raw.githubusercontent.com/PokeAPI/sprites/1dce80ceb372675e9fc7e9f101b71845ef587de2/sprites/pokemon/201-c.png,https://raw.githubusercontent.com/PokeAPI/sprites/1dce80ceb372675e9fc7e9f101b71845ef587de2/sprites/pokemon/back/201-c.png,not_individually_verified,not_individually_verified
dex:cosmetic:unownd,201,未知图腾 · D,cosmetic,https://raw.githubusercontent.com/PokeAPI/sprites/1dce80ceb372675e9fc7e9f101b71845ef587de2/sprites/pokemon/201-d.png,https://raw.githubusercontent.com/PokeAPI/sprites/1dce80ceb372675e9fc7e9f101b71845ef587de2/sprites/pokemon/back/201-d.png,not_individually_verified,not_individually_verified
dex:cosmetic:unowne,201,未知图腾 · E,cosmetic,https://raw.githubusercontent.com/PokeAPI/sprites/1dce80ceb372675e9fc7e9f101b71845ef587de2/sprites/pokemon/201-e.png,https://raw.githubusercontent.com/PokeAPI/sprites/1dce80ceb372675e9fc7e9f101b71845ef587de2/sprites/pokemon/back/201-e.png,not_individually_verified,not_individually_verified
dex:cosmetic:unownexclamation,201,未知图腾 · ！,cosmetic,https://raw.githubusercontent.com/PokeAPI/sprites/1dce80ceb372675e9fc7e9f101b71845ef587de2/sprites/pokemon/201-exclamation.png,https://raw.githubusercontent.com/PokeAPI/sprites/1dce80ceb372675e9fc7e9f101b71845ef587de2/sprites/pokemon/back/201-exclamation.png,not_individually_verified,not_individually_verified
dex:cosmetic:unownf,201,未知图腾 · F,cosmetic,https://raw.githubusercontent.com/PokeAPI/sprites/1dce80ceb372675e9fc7e9f101b71845ef587de2/sprites/pokemon/201-f.png,https://raw.githubusercontent.com/PokeAPI/sprites/1dce80ceb372675e9fc7e9f101b71845ef587de2/sprites/pokemon/back/201-f.png,not_individually_verified,not_individually_verified
dex:cosmetic:unowng,201,未知图腾 · G,cosmetic,https://raw.githubusercontent.com/PokeAPI/sprites/1dce80ceb372675e9fc7e9f101b71845ef587de2/sprites/pokemon/201-g.png,https://raw.githubusercontent.com/PokeAPI/sprites/1dce80ceb372675e9fc7e9f101b71845ef587de2/sprites/pokemon/back/201-g.png,not_individually_verified,not_individually_verified
dex:cosmetic:unownh,201,未知图腾 · H,cosmetic,https://raw.githubusercontent.com/PokeAPI/sprites/1dce80ceb372675e9fc7e9f101b71845ef587de2/sprites/pokemon/201-h.png,https://raw.githubusercontent.com/PokeAPI/sprites/1dce80ceb372675e9fc7e9f101b71845ef587de2/sprites/pokemon/back/201-h.png,not_individually_verified,not_individually_verified
dex:cosmetic:unowni,201,未知图腾 · I,cosmetic,https://raw.githubusercontent.com/PokeAPI/sprites/1dce80ceb372675e9fc7e9f101b71845ef587de2/sprites/pokemon/201-i.png,https://raw.githubusercontent.com/PokeAPI/sprites/1dce80ceb372675e9fc7e9f101b71845ef587de2/sprites/pokemon/back/201-i.png,not_individually_verified,not_individually_verified
dex:cosmetic:unownj,201,未知图腾 · J,cosmetic,https://raw.githubusercontent.com/PokeAPI/sprites/1dce80ceb372675e9fc7e9f101b71845ef587de2/sprites/pokemon/201-j.png,https://raw.githubusercontent.com/PokeAPI/sprites/1dce80ceb372675e9fc7e9f101b71845ef587de2/sprites/pokemon/back/201-j.png,not_individually_verified,not_individually_verified
dex:cosmetic:unownk,201,未知图腾 · K,cosmetic,https://raw.githubusercontent.com/PokeAPI/sprites/1dce80ceb372675e9fc7e9f101b71845ef587de2/sprites/pokemon/201-k.png,https://raw.githubusercontent.com/PokeAPI/sprites/1dce80ceb372675e9fc7e9f101b71845ef587de2/sprites/pokemon/back/201-k.png,not_individually_verified,not_individually_verified
dex:cosmetic:unownl,201,未知图腾 · L,cosmetic,https://raw.githubusercontent.com/PokeAPI/sprites/1dce80ceb372675e9fc7e9f101b71845ef587de2/sprites/pokemon/201-l.png,https://raw.githubusercontent.com/PokeAPI/sprites/1dce80ceb372675e9fc7e9f101b71845ef587de2/sprites/pokemon/back/201-l.png,not_individually_verified,not_individually_verified
dex:cosmetic:unownm,201,未知图腾 · M,cosmetic,https://raw.githubusercontent.com/PokeAPI/sprites/1dce80ceb372675e9fc7e9f101b71845ef587de2/sprites/pokemon/201-m.png,https://raw.githubusercontent.com/PokeAPI/sprites/1dce80ceb372675e9fc7e9f101b71845ef587de2/sprites/pokemon/back/201-m.png,not_individually_verified,not_individually_verified
dex:cosmetic:unownn,201,未知图腾 · N,cosmetic,https://raw.githubusercontent.com/PokeAPI/sprites/1dce80ceb372675e9fc7e9f101b71845ef587de2/sprites/pokemon/201-n.png,https://raw.githubusercontent.com/PokeAPI/sprites/1dce80ceb372675e9fc7e9f101b71845ef587de2/sprites/pokemon/back/201-n.png,not_individually_verified,not_individually_verified
dex:cosmetic:unowno,201,未知图腾 · O,cosmetic,https://raw.githubusercontent.com/PokeAPI/sprites/1dce80ceb372675e9fc7e9f101b71845ef587de2/sprites/pokemon/201-o.png,https://raw.githubusercontent.com/PokeAPI/sprites/1dce80ceb372675e9fc7e9f101b71845ef587de2/sprites/pokemon/back/201-o.png,not_individually_verified,not_individually_verified
dex:cosmetic:unownp,201,未知图腾 · P,cosmetic,https://raw.githubusercontent.com/PokeAPI/sprites/1dce80ceb372675e9fc7e9f101b71845ef587de2/sprites/pokemon/201-p.png,https://raw.githubusercontent.com/PokeAPI/sprites/1dce80ceb372675e9fc7e9f101b71845ef587de2/sprites/pokemon/back/201-p.png,not_individually_verified,not_individually_verified
dex:cosmetic:unownq,201,未知图腾 · Q,cosmetic,https://raw.githubusercontent.com/PokeAPI/sprites/1dce80ceb372675e9fc7e9f101b71845ef587de2/sprites/pokemon/201-q.png,https://raw.githubusercontent.com/PokeAPI/sprites/1dce80ceb372675e9fc7e9f101b71845ef587de2/sprites/pokemon/back/201-q.png,not_individually_verified,not_individually_verified
dex:cosmetic:unownquestion,201,未知图腾 · ？,cosmetic,https://raw.githubusercontent.com/PokeAPI/sprites/1dce80ceb372675e9fc7e9f101b71845ef587de2/sprites/pokemon/201-question.png,https://raw.githubusercontent.com/PokeAPI/sprites/1dce80ceb372675e9fc7e9f101b71845ef587de2/sprites/pokemon/back/201-question.png,not_individually_verified,not_individually_verified
dex:cosmetic:unownr,201,未知图腾 · R,cosmetic,https://raw.githubusercontent.com/PokeAPI/sprites/1dce80ceb372675e9fc7e9f101b71845ef587de2/sprites/pokemon/201-r.png,https://raw.githubusercontent.com/PokeAPI/sprites/1dce80ceb372675e9fc7e9f101b71845ef587de2/sprites/pokemon/back/201-r.png,not_individually_verified,not_individually_verified
dex:cosmetic:unowns,201,未知图腾 · S,cosmetic,https://raw.githubusercontent.com/PokeAPI/sprites/1dce80ceb372675e9fc7e9f101b71845ef587de2/sprites/pokemon/201-s.png,https://raw.githubusercontent.com/PokeAPI/sprites/1dce80ceb372675e9fc7e9f101b71845ef587de2/sprites/pokemon/back/201-s.png,not_individually_verified,not_individually_verified
dex:cosmetic:unownt,201,未知图腾 · T,cosmetic,https://raw.githubusercontent.com/PokeAPI/sprites/1dce80ceb372675e9fc7e9f101b71845ef587de2/sprites/pokemon/201-t.png,https://raw.githubusercontent.com/PokeAPI/sprites/1dce80ceb372675e9fc7e9f101b71845ef587de2/sprites/pokemon/back/201-t.png,not_individually_verified,not_individually_verified
dex:cosmetic:unownu,201,未知图腾 · U,cosmetic,https://raw.githubusercontent.com/PokeAPI/sprites/1dce80ceb372675e9fc7e9f101b71845ef587de2/sprites/pokemon/201-u.png,https://raw.githubusercontent.com/PokeAPI/sprites/1dce80ceb372675e9fc7e9f101b71845ef587de2/sprites/pokemon/back/201-u.png,not_individually_verified,not_individually_verified
dex:cosmetic:unownv,201,未知图腾 · V,cosmetic,https://raw.githubusercontent.com/PokeAPI/sprites/1dce80ceb372675e9fc7e9f101b71845ef587de2/sprites/pokemon/201-v.png,https://raw.githubusercontent.com/PokeAPI/sprites/1dce80ceb372675e9fc7e9f101b71845ef587de2/sprites/pokemon/back/201-v.png,not_individually_verified,not_individually_verified
dex:cosmetic:unownw,201,未知图腾 · W,cosmetic,https://raw.githubusercontent.com/PokeAPI/sprites/1dce80ceb372675e9fc7e9f101b71845ef587de2/sprites/pokemon/201-w.png,https://raw.githubusercontent.com/PokeAPI/sprites/1dce80ceb372675e9fc7e9f101b71845ef587de2/sprites/pokemon/back/201-w.png,not_individually_verified,not_individually_verified
dex:cosmetic:unownx,201,未知图腾 · X,cosmetic,https://raw.githubusercontent.com/PokeAPI/sprites/1dce80ceb372675e9fc7e9f101b71845ef587de2/sprites/pokemon/201-x.png,https://raw.githubusercontent.com/PokeAPI/sprites/1dce80ceb372675e9fc7e9f101b71845ef587de2/sprites/pokemon/back/201-x.png,not_individually_verified,not_individually_verified
dex:cosmetic:unowny,201,未知图腾 · Y,cosmetic,https://raw.githubusercontent.com/PokeAPI/sprites/1dce80ceb372675e9fc7e9f101b71845ef587de2/sprites/pokemon/201-y.png,https://raw.githubusercontent.com/PokeAPI/sprites/1dce80ceb372675e9fc7e9f101b71845ef587de2/sprites/pokemon/back/201-y.png,not_individually_verified,not_individually_verified
dex:cosmetic:unownz,201,未知图腾 · Z,cosmetic,https://raw.githubusercontent.com/PokeAPI/sprites/1dce80ceb372675e9fc7e9f101b71845ef587de2/sprites/pokemon/201-z.png,https://raw.githubusercontent.com/PokeAPI/sprites/1dce80ceb372675e9fc7e9f101b71845ef587de2/sprites/pokemon/back/201-z.png,not_individually_verified,not_individually_verified
dex:wobbuffet:base,202,果然翁,base,https://raw.githubusercontent.com/PokeAPI/sprites/1dce80ceb372675e9fc7e9f101b71845ef587de2/sprites/pokemon/202.png,https://raw.githubusercontent.com/PokeAPI/sprites/1dce80ceb372675e9fc7e9f101b71845ef587de2/sprites/pokemon/back/202.png,not_individually_verified,not_individually_verified
dex:wobbuffet:base:dynamax,202,果然翁 · 极巨化,dynamax,https://raw.githubusercontent.com/PokeAPI/sprites/1dce80ceb372675e9fc7e9f101b71845ef587de2/sprites/pokemon/202.png,https://raw.githubusercontent.com/PokeAPI/sprites/1dce80ceb372675e9fc7e9f101b71845ef587de2/sprites/pokemon/back/202.png,not_individually_verified,not_individually_verified
dex:girafarig:base,203,麒麟奇,base,https://raw.githubusercontent.com/PokeAPI/sprites/1dce80ceb372675e9fc7e9f101b71845ef587de2/sprites/pokemon/203.png,https://raw.githubusercontent.com/PokeAPI/sprites/1dce80ceb372675e9fc7e9f101b71845ef587de2/sprites/pokemon/back/203.png,not_individually_verified,not_individually_verified
dex:pineco:base,204,榛果球,base,https://raw.githubusercontent.com/PokeAPI/sprites/1dce80ceb372675e9fc7e9f101b71845ef587de2/sprites/pokemon/204.png,https://raw.githubusercontent.com/PokeAPI/sprites/1dce80ceb372675e9fc7e9f101b71845ef587de2/sprites/pokemon/back/204.png,not_individually_verified,not_individually_verified
dex:forretress:base,205,佛烈托斯,base,https://raw.githubusercontent.com/PokeAPI/sprites/1dce80ceb372675e9fc7e9f101b71845ef587de2/sprites/pokemon/205.png,https://raw.githubusercontent.com/PokeAPI/sprites/1dce80ceb372675e9fc7e9f101b71845ef587de2/sprites/pokemon/back/205.png,not_individually_verified,not_individually_verified
dex:dunsparce:base,206,土龙弟弟,base,https://raw.githubusercontent.com/PokeAPI/sprites/1dce80ceb372675e9fc7e9f101b71845ef587de2/sprites/pokemon/206.png,https://raw.githubusercontent.com/PokeAPI/sprites/1dce80ceb372675e9fc7e9f101b71845ef587de2/sprites/pokemon/back/206.png,not_individually_verified,not_individually_verified
dex:dunsparce:base:dynamax,206,土龙弟弟 · 极巨化,dynamax,https://raw.githubusercontent.com/PokeAPI/sprites/1dce80ceb372675e9fc7e9f101b71845ef587de2/sprites/pokemon/206.png,https://raw.githubusercontent.com/PokeAPI/sprites/1dce80ceb372675e9fc7e9f101b71845ef587de2/sprites/pokemon/back/206.png,not_individually_verified,not_individually_verified
dex:gligar:base,207,天蝎,base,https://raw.githubusercontent.com/PokeAPI/sprites/1dce80ceb372675e9fc7e9f101b71845ef587de2/sprites/pokemon/207.png,https://raw.githubusercontent.com/PokeAPI/sprites/1dce80ceb372675e9fc7e9f101b71845ef587de2/sprites/pokemon/back/207.png,not_individually_verified,not_individually_verified
dex:steelix:base,208,大钢蛇,base,https://raw.githubusercontent.com/PokeAPI/sprites/1dce80ceb372675e9fc7e9f101b71845ef587de2/sprites/pokemon/208.png,https://raw.githubusercontent.com/PokeAPI/sprites/1dce80ceb372675e9fc7e9f101b71845ef587de2/sprites/pokemon/back/208.png,not_individually_verified,not_individually_verified
dex:form:steelixmega,208,大钢蛇 · 超级进化,mega,https://raw.githubusercontent.com/PokeAPI/sprites/1dce80ceb372675e9fc7e9f101b71845ef587de2/sprites/pokemon/10072.png,https://raw.githubusercontent.com/PokeAPI/sprites/1dce80ceb372675e9fc7e9f101b71845ef587de2/sprites/pokemon/back/10072.png,not_individually_verified,not_individually_verified
dex:steelix:base:dynamax,208,大钢蛇 · 极巨化,dynamax,https://raw.githubusercontent.com/PokeAPI/sprites/1dce80ceb372675e9fc7e9f101b71845ef587de2/sprites/pokemon/208.png,https://raw.githubusercontent.com/PokeAPI/sprites/1dce80ceb372675e9fc7e9f101b71845ef587de2/sprites/pokemon/back/208.png,not_individually_verified,not_individually_verified
dex:snubbull:base,209,布鲁,base,https://raw.githubusercontent.com/PokeAPI/sprites/1dce80ceb372675e9fc7e9f101b71845ef587de2/sprites/pokemon/209.png,https://raw.githubusercontent.com/PokeAPI/sprites/1dce80ceb372675e9fc7e9f101b71845ef587de2/sprites/pokemon/back/209.png,not_individually_verified,not_individually_verified
dex:granbull:base,210,布鲁皇,base,https://raw.githubusercontent.com/PokeAPI/sprites/1dce80ceb372675e9fc7e9f101b71845ef587de2/sprites/pokemon/210.png,https://raw.githubusercontent.com/PokeAPI/sprites/1dce80ceb372675e9fc7e9f101b71845ef587de2/sprites/pokemon/back/210.png,not_individually_verified,not_individually_verified
dex:qwilfish:base,211,千针鱼,base,https://raw.githubusercontent.com/PokeAPI/sprites/1dce80ceb372675e9fc7e9f101b71845ef587de2/sprites/pokemon/211.png,https://raw.githubusercontent.com/PokeAPI/sprites/1dce80ceb372675e9fc7e9f101b71845ef587de2/sprites/pokemon/back/211.png,not_individually_verified,not_individually_verified
dex:form:qwilfishhisui,211,千针鱼 · 洗翠,regional,https://raw.githubusercontent.com/PokeAPI/sprites/1dce80ceb372675e9fc7e9f101b71845ef587de2/sprites/pokemon/10234.png,https://raw.githubusercontent.com/PokeAPI/sprites/1dce80ceb372675e9fc7e9f101b71845ef587de2/sprites/pokemon/back/10234.png,not_individually_verified,not_individually_verified
dex:qwilfish:base:dynamax,211,千针鱼 · 极巨化,dynamax,https://raw.githubusercontent.com/PokeAPI/sprites/1dce80ceb372675e9fc7e9f101b71845ef587de2/sprites/pokemon/211.png,https://raw.githubusercontent.com/PokeAPI/sprites/1dce80ceb372675e9fc7e9f101b71845ef587de2/sprites/pokemon/back/211.png,not_individually_verified,not_individually_verified
dex:scizor:base,212,巨钳螳螂,base,https://raw.githubusercontent.com/PokeAPI/sprites/1dce80ceb372675e9fc7e9f101b71845ef587de2/sprites/pokemon/212.png,https://raw.githubusercontent.com/PokeAPI/sprites/1dce80ceb372675e9fc7e9f101b71845ef587de2/sprites/pokemon/back/212.png,not_individually_verified,not_individually_verified
dex:form:scizormega,212,巨钳螳螂 · 超级进化,mega,https://raw.githubusercontent.com/PokeAPI/sprites/1dce80ceb372675e9fc7e9f101b71845ef587de2/sprites/pokemon/10046.png,https://raw.githubusercontent.com/PokeAPI/sprites/1dce80ceb372675e9fc7e9f101b71845ef587de2/sprites/pokemon/back/10046.png,not_individually_verified,not_individually_verified
dex:scizor:base:dynamax,212,巨钳螳螂 · 极巨化,dynamax,https://raw.githubusercontent.com/PokeAPI/sprites/1dce80ceb372675e9fc7e9f101b71845ef587de2/sprites/pokemon/212.png,https://raw.githubusercontent.com/PokeAPI/sprites/1dce80ceb372675e9fc7e9f101b71845ef587de2/sprites/pokemon/back/212.png,not_individually_verified,not_individually_verified
dex:shuckle:base,213,壶壶,base,https://raw.githubusercontent.com/PokeAPI/sprites/1dce80ceb372675e9fc7e9f101b71845ef587de2/sprites/pokemon/213.png,https://raw.githubusercontent.com/PokeAPI/sprites/1dce80ceb372675e9fc7e9f101b71845ef587de2/sprites/pokemon/back/213.png,not_individually_verified,not_individually_verified
dex:shuckle:base:dynamax,213,壶壶 · 极巨化,dynamax,https://raw.githubusercontent.com/PokeAPI/sprites/1dce80ceb372675e9fc7e9f101b71845ef587de2/sprites/pokemon/213.png,https://raw.githubusercontent.com/PokeAPI/sprites/1dce80ceb372675e9fc7e9f101b71845ef587de2/sprites/pokemon/back/213.png,not_individually_verified,not_individually_verified
dex:heracross:base,214,赫拉克罗斯,base,https://raw.githubusercontent.com/PokeAPI/sprites/1dce80ceb372675e9fc7e9f101b71845ef587de2/sprites/pokemon/214.png,https://raw.githubusercontent.com/PokeAPI/sprites/1dce80ceb372675e9fc7e9f101b71845ef587de2/sprites/pokemon/back/214.png,not_individually_verified,not_individually_verified
dex:form:heracrossmega,214,赫拉克罗斯 · 超级进化,mega,https://raw.githubusercontent.com/PokeAPI/sprites/1dce80ceb372675e9fc7e9f101b71845ef587de2/sprites/pokemon/10047.png,https://raw.githubusercontent.com/PokeAPI/sprites/1dce80ceb372675e9fc7e9f101b71845ef587de2/sprites/pokemon/back/10047.png,not_individually_verified,not_individually_verified
dex:heracross:base:dynamax,214,赫拉克罗斯 · 极巨化,dynamax,https://raw.githubusercontent.com/PokeAPI/sprites/1dce80ceb372675e9fc7e9f101b71845ef587de2/sprites/pokemon/214.png,https://raw.githubusercontent.com/PokeAPI/sprites/1dce80ceb372675e9fc7e9f101b71845ef587de2/sprites/pokemon/back/214.png,not_individually_verified,not_individually_verified
dex:sneasel:base,215,狃拉,base,https://raw.githubusercontent.com/PokeAPI/sprites/1dce80ceb372675e9fc7e9f101b71845ef587de2/sprites/pokemon/215.png,https://raw.githubusercontent.com/PokeAPI/sprites/1dce80ceb372675e9fc7e9f101b71845ef587de2/sprites/pokemon/back/215.png,not_individually_verified,not_individually_verified
dex:form:sneaselhisui,215,狃拉 · 洗翠,regional,https://raw.githubusercontent.com/PokeAPI/sprites/1dce80ceb372675e9fc7e9f101b71845ef587de2/sprites/pokemon/10235.png,https://raw.githubusercontent.com/PokeAPI/sprites/1dce80ceb372675e9fc7e9f101b71845ef587de2/sprites/pokemon/back/10235.png,not_individually_verified,not_individually_verified
dex:sneasel:base:dynamax,215,狃拉 · 极巨化,dynamax,https://raw.githubusercontent.com/PokeAPI/sprites/1dce80ceb372675e9fc7e9f101b71845ef587de2/sprites/pokemon/215.png,https://raw.githubusercontent.com/PokeAPI/sprites/1dce80ceb372675e9fc7e9f101b71845ef587de2/sprites/pokemon/back/215.png,not_individually_verified,not_individually_verified
dex:teddiursa:base,216,熊宝宝,base,https://raw.githubusercontent.com/PokeAPI/sprites/1dce80ceb372675e9fc7e9f101b71845ef587de2/sprites/pokemon/216.png,https://raw.githubusercontent.com/PokeAPI/sprites/1dce80ceb372675e9fc7e9f101b71845ef587de2/sprites/pokemon/back/216.png,not_individually_verified,not_individually_verified
dex:ursaring:base,217,圈圈熊,base,https://raw.githubusercontent.com/PokeAPI/sprites/1dce80ceb372675e9fc7e9f101b71845ef587de2/sprites/pokemon/217.png,https://raw.githubusercontent.com/PokeAPI/sprites/1dce80ceb372675e9fc7e9f101b71845ef587de2/sprites/pokemon/back/217.png,not_individually_verified,not_individually_verified
dex:slugma:base,218,熔岩虫,base,https://raw.githubusercontent.com/PokeAPI/sprites/1dce80ceb372675e9fc7e9f101b71845ef587de2/sprites/pokemon/218.png,https://raw.githubusercontent.com/PokeAPI/sprites/1dce80ceb372675e9fc7e9f101b71845ef587de2/sprites/pokemon/back/218.png,not_individually_verified,not_individually_verified
dex:magcargo:base,219,熔岩蜗牛,base,https://raw.githubusercontent.com/PokeAPI/sprites/1dce80ceb372675e9fc7e9f101b71845ef587de2/sprites/pokemon/219.png,https://raw.githubusercontent.com/PokeAPI/sprites/1dce80ceb372675e9fc7e9f101b71845ef587de2/sprites/pokemon/back/219.png,not_individually_verified,not_individually_verified
dex:swinub:base,220,小山猪,base,https://raw.githubusercontent.com/PokeAPI/sprites/1dce80ceb372675e9fc7e9f101b71845ef587de2/sprites/pokemon/220.png,https://raw.githubusercontent.com/PokeAPI/sprites/1dce80ceb372675e9fc7e9f101b71845ef587de2/sprites/pokemon/back/220.png,not_individually_verified,not_individually_verified
dex:swinub:base:dynamax,220,小山猪 · 极巨化,dynamax,https://raw.githubusercontent.com/PokeAPI/sprites/1dce80ceb372675e9fc7e9f101b71845ef587de2/sprites/pokemon/220.png,https://raw.githubusercontent.com/PokeAPI/sprites/1dce80ceb372675e9fc7e9f101b71845ef587de2/sprites/pokemon/back/220.png,not_individually_verified,not_individually_verified
dex:piloswine:base,221,长毛猪,base,https://raw.githubusercontent.com/PokeAPI/sprites/1dce80ceb372675e9fc7e9f101b71845ef587de2/sprites/pokemon/221.png,https://raw.githubusercontent.com/PokeAPI/sprites/1dce80ceb372675e9fc7e9f101b71845ef587de2/sprites/pokemon/back/221.png,not_individually_verified,not_individually_verified
dex:piloswine:base:dynamax,221,长毛猪 · 极巨化,dynamax,https://raw.githubusercontent.com/PokeAPI/sprites/1dce80ceb372675e9fc7e9f101b71845ef587de2/sprites/pokemon/221.png,https://raw.githubusercontent.com/PokeAPI/sprites/1dce80ceb372675e9fc7e9f101b71845ef587de2/sprites/pokemon/back/221.png,not_individually_verified,not_individually_verified
dex:corsola:base,222,太阳珊瑚,base,https://raw.githubusercontent.com/PokeAPI/sprites/1dce80ceb372675e9fc7e9f101b71845ef587de2/sprites/pokemon/222.png,https://raw.githubusercontent.com/PokeAPI/sprites/1dce80ceb372675e9fc7e9f101b71845ef587de2/sprites/pokemon/back/222.png,not_individually_verified,not_individually_verified
dex:form:corsolagalar,222,太阳珊瑚 · 伽勒尔的样子,regional,https://raw.githubusercontent.com/PokeAPI/sprites/1dce80ceb372675e9fc7e9f101b71845ef587de2/sprites/pokemon/10173.png,https://raw.githubusercontent.com/PokeAPI/sprites/1dce80ceb372675e9fc7e9f101b71845ef587de2/sprites/pokemon/back/10173.png,not_individually_verified,not_individually_verified
dex:corsola:base:dynamax,222,太阳珊瑚 · 极巨化,dynamax,https://raw.githubusercontent.com/PokeAPI/sprites/1dce80ceb372675e9fc7e9f101b71845ef587de2/sprites/pokemon/222.png,https://raw.githubusercontent.com/PokeAPI/sprites/1dce80ceb372675e9fc7e9f101b71845ef587de2/sprites/pokemon/back/222.png,not_individually_verified,not_individually_verified
dex:form:corsolagalar:dynamax,222,太阳珊瑚 · 伽勒尔的样子 · 极巨化,dynamax,https://raw.githubusercontent.com/PokeAPI/sprites/1dce80ceb372675e9fc7e9f101b71845ef587de2/sprites/pokemon/10173.png,https://raw.githubusercontent.com/PokeAPI/sprites/1dce80ceb372675e9fc7e9f101b71845ef587de2/sprites/pokemon/back/10173.png,not_individually_verified,not_individually_verified
dex:remoraid:base,223,铁炮鱼,base,https://raw.githubusercontent.com/PokeAPI/sprites/1dce80ceb372675e9fc7e9f101b71845ef587de2/sprites/pokemon/223.png,https://raw.githubusercontent.com/PokeAPI/sprites/1dce80ceb372675e9fc7e9f101b71845ef587de2/sprites/pokemon/back/223.png,not_individually_verified,not_individually_verified
dex:remoraid:base:dynamax,223,铁炮鱼 · 极巨化,dynamax,https://raw.githubusercontent.com/PokeAPI/sprites/1dce80ceb372675e9fc7e9f101b71845ef587de2/sprites/pokemon/223.png,https://raw.githubusercontent.com/PokeAPI/sprites/1dce80ceb372675e9fc7e9f101b71845ef587de2/sprites/pokemon/back/223.png,not_individually_verified,not_individually_verified
dex:octillery:base,224,章鱼桶,base,https://raw.githubusercontent.com/PokeAPI/sprites/1dce80ceb372675e9fc7e9f101b71845ef587de2/sprites/pokemon/224.png,https://raw.githubusercontent.com/PokeAPI/sprites/1dce80ceb372675e9fc7e9f101b71845ef587de2/sprites/pokemon/back/224.png,not_individually_verified,not_individually_verified
dex:octillery:base:dynamax,224,章鱼桶 · 极巨化,dynamax,https://raw.githubusercontent.com/PokeAPI/sprites/1dce80ceb372675e9fc7e9f101b71845ef587de2/sprites/pokemon/224.png,https://raw.githubusercontent.com/PokeAPI/sprites/1dce80ceb372675e9fc7e9f101b71845ef587de2/sprites/pokemon/back/224.png,not_individually_verified,not_individually_verified
dex:delibird:base,225,信使鸟,base,https://raw.githubusercontent.com/PokeAPI/sprites/1dce80ceb372675e9fc7e9f101b71845ef587de2/sprites/pokemon/225.png,https://raw.githubusercontent.com/PokeAPI/sprites/1dce80ceb372675e9fc7e9f101b71845ef587de2/sprites/pokemon/back/225.png,not_individually_verified,not_individually_verified
dex:delibird:base:dynamax,225,信使鸟 · 极巨化,dynamax,https://raw.githubusercontent.com/PokeAPI/sprites/1dce80ceb372675e9fc7e9f101b71845ef587de2/sprites/pokemon/225.png,https://raw.githubusercontent.com/PokeAPI/sprites/1dce80ceb372675e9fc7e9f101b71845ef587de2/sprites/pokemon/back/225.png,not_individually_verified,not_individually_verified
dex:mantine:base,226,巨翅飞鱼,base,https://raw.githubusercontent.com/PokeAPI/sprites/1dce80ceb372675e9fc7e9f101b71845ef587de2/sprites/pokemon/226.png,https://raw.githubusercontent.com/PokeAPI/sprites/1dce80ceb372675e9fc7e9f101b71845ef587de2/sprites/pokemon/back/226.png,not_individually_verified,not_individually_verified
dex:mantine:base:dynamax,226,巨翅飞鱼 · 极巨化,dynamax,https://raw.githubusercontent.com/PokeAPI/sprites/1dce80ceb372675e9fc7e9f101b71845ef587de2/sprites/pokemon/226.png,https://raw.githubusercontent.com/PokeAPI/sprites/1dce80ceb372675e9fc7e9f101b71845ef587de2/sprites/pokemon/back/226.png,not_individually_verified,not_individually_verified
dex:skarmory:base,227,盔甲鸟,base,https://raw.githubusercontent.com/PokeAPI/sprites/1dce80ceb372675e9fc7e9f101b71845ef587de2/sprites/pokemon/227.png,https://raw.githubusercontent.com/PokeAPI/sprites/1dce80ceb372675e9fc7e9f101b71845ef587de2/sprites/pokemon/back/227.png,not_individually_verified,not_individually_verified
dex:form:skarmorymega,227,盔甲鸟 · 超级进化,mega,https://raw.githubusercontent.com/PokeAPI/sprites/1dce80ceb372675e9fc7e9f101b71845ef587de2/sprites/pokemon/10284.png,https://raw.githubusercontent.com/PokeAPI/sprites/1dce80ceb372675e9fc7e9f101b71845ef587de2/sprites/pokemon/back/10284.png,not_individually_verified,not_individually_verified
dex:omni:rocket-bond:skarmory,227,盔甲鸟 · 羁绊,rocket_bond_candidate,/rocket-art/skarmory-front_default.png,/rocket-art/skarmory-back_default.png,not_individually_verified,not_individually_verified
dex:skarmory:base:dynamax,227,盔甲鸟 · 极巨化,dynamax,https://raw.githubusercontent.com/PokeAPI/sprites/1dce80ceb372675e9fc7e9f101b71845ef587de2/sprites/pokemon/227.png,https://raw.githubusercontent.com/PokeAPI/sprites/1dce80ceb372675e9fc7e9f101b71845ef587de2/sprites/pokemon/back/227.png,not_individually_verified,not_individually_verified
dex:houndour:base,228,戴鲁比,base,https://raw.githubusercontent.com/PokeAPI/sprites/1dce80ceb372675e9fc7e9f101b71845ef587de2/sprites/pokemon/228.png,https://raw.githubusercontent.com/PokeAPI/sprites/1dce80ceb372675e9fc7e9f101b71845ef587de2/sprites/pokemon/back/228.png,not_individually_verified,not_individually_verified
dex:houndoom:base,229,黑鲁加,base,https://raw.githubusercontent.com/PokeAPI/sprites/1dce80ceb372675e9fc7e9f101b71845ef587de2/sprites/pokemon/229.png,https://raw.githubusercontent.com/PokeAPI/sprites/1dce80ceb372675e9fc7e9f101b71845ef587de2/sprites/pokemon/back/229.png,not_individually_verified,not_individually_verified
dex:form:houndoommega,229,黑鲁加 · 超级进化,mega,https://raw.githubusercontent.com/PokeAPI/sprites/1dce80ceb372675e9fc7e9f101b71845ef587de2/sprites/pokemon/10048.png,https://raw.githubusercontent.com/PokeAPI/sprites/1dce80ceb372675e9fc7e9f101b71845ef587de2/sprites/pokemon/back/10048.png,not_individually_verified,not_individually_verified
dex:kingdra:base,230,刺龙王,base,https://raw.githubusercontent.com/PokeAPI/sprites/1dce80ceb372675e9fc7e9f101b71845ef587de2/sprites/pokemon/230.png,https://raw.githubusercontent.com/PokeAPI/sprites/1dce80ceb372675e9fc7e9f101b71845ef587de2/sprites/pokemon/back/230.png,not_individually_verified,not_individually_verified
dex:omni:rocket-bond:kingdra,230,刺龙王 · 羁绊,rocket_bond_candidate,/rocket-art/kingdra-front_default.png,/rocket-art/kingdra-back_default.png,not_individually_verified,not_individually_verified
dex:kingdra:base:dynamax,230,刺龙王 · 极巨化,dynamax,https://raw.githubusercontent.com/PokeAPI/sprites/1dce80ceb372675e9fc7e9f101b71845ef587de2/sprites/pokemon/230.png,https://raw.githubusercontent.com/PokeAPI/sprites/1dce80ceb372675e9fc7e9f101b71845ef587de2/sprites/pokemon/back/230.png,not_individually_verified,not_individually_verified
dex:phanpy:base,231,小小象,base,https://raw.githubusercontent.com/PokeAPI/sprites/1dce80ceb372675e9fc7e9f101b71845ef587de2/sprites/pokemon/231.png,https://raw.githubusercontent.com/PokeAPI/sprites/1dce80ceb372675e9fc7e9f101b71845ef587de2/sprites/pokemon/back/231.png,not_individually_verified,not_individually_verified
dex:donphan:base,232,顿甲,base,https://raw.githubusercontent.com/PokeAPI/sprites/1dce80ceb372675e9fc7e9f101b71845ef587de2/sprites/pokemon/232.png,https://raw.githubusercontent.com/PokeAPI/sprites/1dce80ceb372675e9fc7e9f101b71845ef587de2/sprites/pokemon/back/232.png,not_individually_verified,not_individually_verified
dex:porygon2:base,233,多边兽２型,base,https://raw.githubusercontent.com/PokeAPI/sprites/1dce80ceb372675e9fc7e9f101b71845ef587de2/sprites/pokemon/233.png,https://raw.githubusercontent.com/PokeAPI/sprites/1dce80ceb372675e9fc7e9f101b71845ef587de2/sprites/pokemon/back/233.png,not_individually_verified,not_individually_verified
dex:porygon2:base:dynamax,233,多边兽２型 · 极巨化,dynamax,https://raw.githubusercontent.com/PokeAPI/sprites/1dce80ceb372675e9fc7e9f101b71845ef587de2/sprites/pokemon/233.png,https://raw.githubusercontent.com/PokeAPI/sprites/1dce80ceb372675e9fc7e9f101b71845ef587de2/sprites/pokemon/back/233.png,not_individually_verified,not_individually_verified
dex:stantler:base,234,惊角鹿,base,https://raw.githubusercontent.com/PokeAPI/sprites/1dce80ceb372675e9fc7e9f101b71845ef587de2/sprites/pokemon/234.png,https://raw.githubusercontent.com/PokeAPI/sprites/1dce80ceb372675e9fc7e9f101b71845ef587de2/sprites/pokemon/back/234.png,not_individually_verified,not_individually_verified
dex:smeargle:base,235,图图犬,base,https://raw.githubusercontent.com/PokeAPI/sprites/1dce80ceb372675e9fc7e9f101b71845ef587de2/sprites/pokemon/235.png,https://raw.githubusercontent.com/PokeAPI/sprites/1dce80ceb372675e9fc7e9f101b71845ef587de2/sprites/pokemon/back/235.png,not_individually_verified,not_individually_verified
dex:tyrogue:base,236,无畏小子,base,https://raw.githubusercontent.com/PokeAPI/sprites/1dce80ceb372675e9fc7e9f101b71845ef587de2/sprites/pokemon/236.png,https://raw.githubusercontent.com/PokeAPI/sprites/1dce80ceb372675e9fc7e9f101b71845ef587de2/sprites/pokemon/back/236.png,not_individually_verified,not_individually_verified
dex:tyrogue:base:dynamax,236,无畏小子 · 极巨化,dynamax,https://raw.githubusercontent.com/PokeAPI/sprites/1dce80ceb372675e9fc7e9f101b71845ef587de2/sprites/pokemon/236.png,https://raw.githubusercontent.com/PokeAPI/sprites/1dce80ceb372675e9fc7e9f101b71845ef587de2/sprites/pokemon/back/236.png,not_individually_verified,not_individually_verified
dex:hitmontop:base,237,战舞郎,base,https://raw.githubusercontent.com/PokeAPI/sprites/1dce80ceb372675e9fc7e9f101b71845ef587de2/sprites/pokemon/237.png,https://raw.githubusercontent.com/PokeAPI/sprites/1dce80ceb372675e9fc7e9f101b71845ef587de2/sprites/pokemon/back/237.png,not_individually_verified,not_individually_verified
dex:hitmontop:base:dynamax,237,战舞郎 · 极巨化,dynamax,https://raw.githubusercontent.com/PokeAPI/sprites/1dce80ceb372675e9fc7e9f101b71845ef587de2/sprites/pokemon/237.png,https://raw.githubusercontent.com/PokeAPI/sprites/1dce80ceb372675e9fc7e9f101b71845ef587de2/sprites/pokemon/back/237.png,not_individually_verified,not_individually_verified
dex:smoochum:base,238,迷唇娃,base,https://raw.githubusercontent.com/PokeAPI/sprites/1dce80ceb372675e9fc7e9f101b71845ef587de2/sprites/pokemon/238.png,https://raw.githubusercontent.com/PokeAPI/sprites/1dce80ceb372675e9fc7e9f101b71845ef587de2/sprites/pokemon/back/238.png,not_individually_verified,not_individually_verified
dex:smoochum:base:dynamax,238,迷唇娃 · 极巨化,dynamax,https://raw.githubusercontent.com/PokeAPI/sprites/1dce80ceb372675e9fc7e9f101b71845ef587de2/sprites/pokemon/238.png,https://raw.githubusercontent.com/PokeAPI/sprites/1dce80ceb372675e9fc7e9f101b71845ef587de2/sprites/pokemon/back/238.png,not_individually_verified,not_individually_verified
dex:elekid:base,239,电击怪,base,https://raw.githubusercontent.com/PokeAPI/sprites/1dce80ceb372675e9fc7e9f101b71845ef587de2/sprites/pokemon/239.png,https://raw.githubusercontent.com/PokeAPI/sprites/1dce80ceb372675e9fc7e9f101b71845ef587de2/sprites/pokemon/back/239.png,not_individually_verified,not_individually_verified
dex:elekid:base:dynamax,239,电击怪 · 极巨化,dynamax,https://raw.githubusercontent.com/PokeAPI/sprites/1dce80ceb372675e9fc7e9f101b71845ef587de2/sprites/pokemon/239.png,https://raw.githubusercontent.com/PokeAPI/sprites/1dce80ceb372675e9fc7e9f101b71845ef587de2/sprites/pokemon/back/239.png,not_individually_verified,not_individually_verified
dex:magby:base,240,鸭嘴宝宝,base,https://raw.githubusercontent.com/PokeAPI/sprites/1dce80ceb372675e9fc7e9f101b71845ef587de2/sprites/pokemon/240.png,https://raw.githubusercontent.com/PokeAPI/sprites/1dce80ceb372675e9fc7e9f101b71845ef587de2/sprites/pokemon/back/240.png,not_individually_verified,not_individually_verified
dex:magby:base:dynamax,240,鸭嘴宝宝 · 极巨化,dynamax,https://raw.githubusercontent.com/PokeAPI/sprites/1dce80ceb372675e9fc7e9f101b71845ef587de2/sprites/pokemon/240.png,https://raw.githubusercontent.com/PokeAPI/sprites/1dce80ceb372675e9fc7e9f101b71845ef587de2/sprites/pokemon/back/240.png,not_individually_verified,not_individually_verified
dex:miltank:base,241,大奶罐,base,https://raw.githubusercontent.com/PokeAPI/sprites/1dce80ceb372675e9fc7e9f101b71845ef587de2/sprites/pokemon/241.png,https://raw.githubusercontent.com/PokeAPI/sprites/1dce80ceb372675e9fc7e9f101b71845ef587de2/sprites/pokemon/back/241.png,not_individually_verified,not_individually_verified
dex:miltank:base:dynamax,241,大奶罐 · 极巨化,dynamax,https://raw.githubusercontent.com/PokeAPI/sprites/1dce80ceb372675e9fc7e9f101b71845ef587de2/sprites/pokemon/241.png,https://raw.githubusercontent.com/PokeAPI/sprites/1dce80ceb372675e9fc7e9f101b71845ef587de2/sprites/pokemon/back/241.png,not_individually_verified,not_individually_verified
dex:blissey:base,242,幸福蛋,base,https://raw.githubusercontent.com/PokeAPI/sprites/1dce80ceb372675e9fc7e9f101b71845ef587de2/sprites/pokemon/242.png,https://raw.githubusercontent.com/PokeAPI/sprites/1dce80ceb372675e9fc7e9f101b71845ef587de2/sprites/pokemon/back/242.png,not_individually_verified,not_individually_verified
dex:blissey:base:dynamax,242,幸福蛋 · 极巨化,dynamax,https://raw.githubusercontent.com/PokeAPI/sprites/1dce80ceb372675e9fc7e9f101b71845ef587de2/sprites/pokemon/242.png,https://raw.githubusercontent.com/PokeAPI/sprites/1dce80ceb372675e9fc7e9f101b71845ef587de2/sprites/pokemon/back/242.png,not_individually_verified,not_individually_verified
dex:raikou:base,243,雷公,base,https://raw.githubusercontent.com/PokeAPI/sprites/1dce80ceb372675e9fc7e9f101b71845ef587de2/sprites/pokemon/243.png,https://raw.githubusercontent.com/PokeAPI/sprites/1dce80ceb372675e9fc7e9f101b71845ef587de2/sprites/pokemon/back/243.png,not_individually_verified,not_individually_verified
dex:raikou:base:dynamax,243,雷公 · 极巨化,dynamax,https://raw.githubusercontent.com/PokeAPI/sprites/1dce80ceb372675e9fc7e9f101b71845ef587de2/sprites/pokemon/243.png,https://raw.githubusercontent.com/PokeAPI/sprites/1dce80ceb372675e9fc7e9f101b71845ef587de2/sprites/pokemon/back/243.png,not_individually_verified,not_individually_verified
dex:entei:base,244,炎帝,base,https://raw.githubusercontent.com/PokeAPI/sprites/1dce80ceb372675e9fc7e9f101b71845ef587de2/sprites/pokemon/244.png,https://raw.githubusercontent.com/PokeAPI/sprites/1dce80ceb372675e9fc7e9f101b71845ef587de2/sprites/pokemon/back/244.png,not_individually_verified,not_individually_verified
dex:entei:base:dynamax,244,炎帝 · 极巨化,dynamax,https://raw.githubusercontent.com/PokeAPI/sprites/1dce80ceb372675e9fc7e9f101b71845ef587de2/sprites/pokemon/244.png,https://raw.githubusercontent.com/PokeAPI/sprites/1dce80ceb372675e9fc7e9f101b71845ef587de2/sprites/pokemon/back/244.png,not_individually_verified,not_individually_verified
dex:suicune:base,245,水君,base,https://raw.githubusercontent.com/PokeAPI/sprites/1dce80ceb372675e9fc7e9f101b71845ef587de2/sprites/pokemon/245.png,https://raw.githubusercontent.com/PokeAPI/sprites/1dce80ceb372675e9fc7e9f101b71845ef587de2/sprites/pokemon/back/245.png,not_individually_verified,not_individually_verified
dex:suicune:base:dynamax,245,水君 · 极巨化,dynamax,https://raw.githubusercontent.com/PokeAPI/sprites/1dce80ceb372675e9fc7e9f101b71845ef587de2/sprites/pokemon/245.png,https://raw.githubusercontent.com/PokeAPI/sprites/1dce80ceb372675e9fc7e9f101b71845ef587de2/sprites/pokemon/back/245.png,not_individually_verified,not_individually_verified
dex:larvitar:base,246,幼基拉斯,base,https://raw.githubusercontent.com/PokeAPI/sprites/1dce80ceb372675e9fc7e9f101b71845ef587de2/sprites/pokemon/246.png,https://raw.githubusercontent.com/PokeAPI/sprites/1dce80ceb372675e9fc7e9f101b71845ef587de2/sprites/pokemon/back/246.png,not_individually_verified,not_individually_verified
dex:larvitar:base:dynamax,246,幼基拉斯 · 极巨化,dynamax,https://raw.githubusercontent.com/PokeAPI/sprites/1dce80ceb372675e9fc7e9f101b71845ef587de2/sprites/pokemon/246.png,https://raw.githubusercontent.com/PokeAPI/sprites/1dce80ceb372675e9fc7e9f101b71845ef587de2/sprites/pokemon/back/246.png,not_individually_verified,not_individually_verified
dex:pupitar:base,247,沙基拉斯,base,https://raw.githubusercontent.com/PokeAPI/sprites/1dce80ceb372675e9fc7e9f101b71845ef587de2/sprites/pokemon/247.png,https://raw.githubusercontent.com/PokeAPI/sprites/1dce80ceb372675e9fc7e9f101b71845ef587de2/sprites/pokemon/back/247.png,not_individually_verified,not_individually_verified
dex:pupitar:base:dynamax,247,沙基拉斯 · 极巨化,dynamax,https://raw.githubusercontent.com/PokeAPI/sprites/1dce80ceb372675e9fc7e9f101b71845ef587de2/sprites/pokemon/247.png,https://raw.githubusercontent.com/PokeAPI/sprites/1dce80ceb372675e9fc7e9f101b71845ef587de2/sprites/pokemon/back/247.png,not_individually_verified,not_individually_verified
dex:tyranitar:base,248,班基拉斯,base,https://raw.githubusercontent.com/PokeAPI/sprites/1dce80ceb372675e9fc7e9f101b71845ef587de2/sprites/pokemon/248.png,https://raw.githubusercontent.com/PokeAPI/sprites/1dce80ceb372675e9fc7e9f101b71845ef587de2/sprites/pokemon/back/248.png,not_individually_verified,not_individually_verified
dex:form:tyranitarmega,248,班基拉斯 · 超级进化,mega,https://raw.githubusercontent.com/PokeAPI/sprites/1dce80ceb372675e9fc7e9f101b71845ef587de2/sprites/pokemon/10049.png,https://raw.githubusercontent.com/PokeAPI/sprites/1dce80ceb372675e9fc7e9f101b71845ef587de2/sprites/pokemon/back/10049.png,not_individually_verified,not_individually_verified
dex:tyranitar:base:dynamax,248,班基拉斯 · 极巨化,dynamax,https://raw.githubusercontent.com/PokeAPI/sprites/1dce80ceb372675e9fc7e9f101b71845ef587de2/sprites/pokemon/248.png,https://raw.githubusercontent.com/PokeAPI/sprites/1dce80ceb372675e9fc7e9f101b71845ef587de2/sprites/pokemon/back/248.png,not_individually_verified,not_individually_verified
dex:lugia:base,249,洛奇亚,base,https://raw.githubusercontent.com/PokeAPI/sprites/1dce80ceb372675e9fc7e9f101b71845ef587de2/sprites/pokemon/249.png,https://raw.githubusercontent.com/PokeAPI/sprites/1dce80ceb372675e9fc7e9f101b71845ef587de2/sprites/pokemon/back/249.png,not_individually_verified,not_individually_verified
dex:lugia:base:dynamax,249,洛奇亚 · 极巨化,dynamax,https://raw.githubusercontent.com/PokeAPI/sprites/1dce80ceb372675e9fc7e9f101b71845ef587de2/sprites/pokemon/249.png,https://raw.githubusercontent.com/PokeAPI/sprites/1dce80ceb372675e9fc7e9f101b71845ef587de2/sprites/pokemon/back/249.png,not_individually_verified,not_individually_verified
dex:omni:ultra58:1079,249,暗黑洛奇亚,source_variant,/ultra-art/1079-front_default.png,/ultra-art/1079-back_default.png,not_individually_verified,not_individually_verified
dex:omni:ultra58:1383,249,洛奇亚 · 光之石形态,source_variant,/ultra-art/1383-front_default.png,/ultra-art/1383-back_default.png,not_individually_verified,not_individually_verified
dex:hooh:base,250,凤王,base,https://raw.githubusercontent.com/PokeAPI/sprites/1dce80ceb372675e9fc7e9f101b71845ef587de2/sprites/pokemon/250.png,https://raw.githubusercontent.com/PokeAPI/sprites/1dce80ceb372675e9fc7e9f101b71845ef587de2/sprites/pokemon/back/250.png,not_individually_verified,not_individually_verified
dex:hooh:base:dynamax,250,凤王 · 极巨化,dynamax,https://raw.githubusercontent.com/PokeAPI/sprites/1dce80ceb372675e9fc7e9f101b71845ef587de2/sprites/pokemon/250.png,https://raw.githubusercontent.com/PokeAPI/sprites/1dce80ceb372675e9fc7e9f101b71845ef587de2/sprites/pokemon/back/250.png,not_individually_verified,not_individually_verified
dex:omni:ultra58:1384,250,凤王 · 火之石形态,source_variant,/ultra-art/1384-front_default.png,/ultra-art/1384-back_default.png,not_individually_verified,not_individually_verified
dex:celebi:base,251,时拉比,base,https://raw.githubusercontent.com/PokeAPI/sprites/1dce80ceb372675e9fc7e9f101b71845ef587de2/sprites/pokemon/251.png,https://raw.githubusercontent.com/PokeAPI/sprites/1dce80ceb372675e9fc7e9f101b71845ef587de2/sprites/pokemon/back/251.png,not_individually_verified,not_individually_verified
dex:celebi:base:dynamax,251,时拉比 · 极巨化,dynamax,https://raw.githubusercontent.com/PokeAPI/sprites/1dce80ceb372675e9fc7e9f101b71845ef587de2/sprites/pokemon/251.png,https://raw.githubusercontent.com/PokeAPI/sprites/1dce80ceb372675e9fc7e9f101b71845ef587de2/sprites/pokemon/back/251.png,not_individually_verified,not_individually_verified
dex:treecko:base,252,木守宫,base,https://raw.githubusercontent.com/PokeAPI/sprites/1dce80ceb372675e9fc7e9f101b71845ef587de2/sprites/pokemon/252.png,https://raw.githubusercontent.com/PokeAPI/sprites/1dce80ceb372675e9fc7e9f101b71845ef587de2/sprites/pokemon/back/252.png,not_individually_verified,not_individually_verified
dex:treecko:base:dynamax,252,木守宫 · 极巨化,dynamax,https://raw.githubusercontent.com/PokeAPI/sprites/1dce80ceb372675e9fc7e9f101b71845ef587de2/sprites/pokemon/252.png,https://raw.githubusercontent.com/PokeAPI/sprites/1dce80ceb372675e9fc7e9f101b71845ef587de2/sprites/pokemon/back/252.png,not_individually_verified,not_individually_verified
dex:grovyle:base,253,森林蜥蜴,base,https://raw.githubusercontent.com/PokeAPI/sprites/1dce80ceb372675e9fc7e9f101b71845ef587de2/sprites/pokemon/253.png,https://raw.githubusercontent.com/PokeAPI/sprites/1dce80ceb372675e9fc7e9f101b71845ef587de2/sprites/pokemon/back/253.png,not_individually_verified,not_individually_verified
dex:grovyle:base:dynamax,253,森林蜥蜴 · 极巨化,dynamax,https://raw.githubusercontent.com/PokeAPI/sprites/1dce80ceb372675e9fc7e9f101b71845ef587de2/sprites/pokemon/253.png,https://raw.githubusercontent.com/PokeAPI/sprites/1dce80ceb372675e9fc7e9f101b71845ef587de2/sprites/pokemon/back/253.png,not_individually_verified,not_individually_verified
dex:sceptile:base,254,蜥蜴王,base,https://raw.githubusercontent.com/PokeAPI/sprites/1dce80ceb372675e9fc7e9f101b71845ef587de2/sprites/pokemon/254.png,https://raw.githubusercontent.com/PokeAPI/sprites/1dce80ceb372675e9fc7e9f101b71845ef587de2/sprites/pokemon/back/254.png,not_individually_verified,not_individually_verified
dex:form:sceptilemega,254,蜥蜴王 · 超级进化,mega,https://raw.githubusercontent.com/PokeAPI/sprites/1dce80ceb372675e9fc7e9f101b71845ef587de2/sprites/pokemon/10065.png,https://raw.githubusercontent.com/PokeAPI/sprites/1dce80ceb372675e9fc7e9f101b71845ef587de2/sprites/pokemon/back/10065.png,not_individually_verified,not_individually_verified
dex:sceptile:base:dynamax,254,蜥蜴王 · 极巨化,dynamax,https://raw.githubusercontent.com/PokeAPI/sprites/1dce80ceb372675e9fc7e9f101b71845ef587de2/sprites/pokemon/254.png,https://raw.githubusercontent.com/PokeAPI/sprites/1dce80ceb372675e9fc7e9f101b71845ef587de2/sprites/pokemon/back/254.png,not_individually_verified,not_individually_verified
dex:torchic:base,255,火稚鸡,base,https://raw.githubusercontent.com/PokeAPI/sprites/1dce80ceb372675e9fc7e9f101b71845ef587de2/sprites/pokemon/255.png,https://raw.githubusercontent.com/PokeAPI/sprites/1dce80ceb372675e9fc7e9f101b71845ef587de2/sprites/pokemon/back/255.png,not_individually_verified,not_individually_verified
dex:torchic:base:dynamax,255,火稚鸡 · 极巨化,dynamax,https://raw.githubusercontent.com/PokeAPI/sprites/1dce80ceb372675e9fc7e9f101b71845ef587de2/sprites/pokemon/255.png,https://raw.githubusercontent.com/PokeAPI/sprites/1dce80ceb372675e9fc7e9f101b71845ef587de2/sprites/pokemon/back/255.png,not_individually_verified,not_individually_verified
dex:combusken:base,256,力壮鸡,base,https://raw.githubusercontent.com/PokeAPI/sprites/1dce80ceb372675e9fc7e9f101b71845ef587de2/sprites/pokemon/256.png,https://raw.githubusercontent.com/PokeAPI/sprites/1dce80ceb372675e9fc7e9f101b71845ef587de2/sprites/pokemon/back/256.png,not_individually_verified,not_individually_verified
dex:combusken:base:dynamax,256,力壮鸡 · 极巨化,dynamax,https://raw.githubusercontent.com/PokeAPI/sprites/1dce80ceb372675e9fc7e9f101b71845ef587de2/sprites/pokemon/256.png,https://raw.githubusercontent.com/PokeAPI/sprites/1dce80ceb372675e9fc7e9f101b71845ef587de2/sprites/pokemon/back/256.png,not_individually_verified,not_individually_verified
dex:blaziken:base,257,火焰鸡,base,https://raw.githubusercontent.com/PokeAPI/sprites/1dce80ceb372675e9fc7e9f101b71845ef587de2/sprites/pokemon/257.png,https://raw.githubusercontent.com/PokeAPI/sprites/1dce80ceb372675e9fc7e9f101b71845ef587de2/sprites/pokemon/back/257.png,not_individually_verified,not_individually_verified
dex:form:blazikenmega,257,火焰鸡 · 超级进化,mega,https://raw.githubusercontent.com/PokeAPI/sprites/1dce80ceb372675e9fc7e9f101b71845ef587de2/sprites/pokemon/10050.png,https://raw.githubusercontent.com/PokeAPI/sprites/1dce80ceb372675e9fc7e9f101b71845ef587de2/sprites/pokemon/back/10050.png,not_individually_verified,not_individually_verified
dex:blaziken:base:dynamax,257,火焰鸡 · 极巨化,dynamax,https://raw.githubusercontent.com/PokeAPI/sprites/1dce80ceb372675e9fc7e9f101b71845ef587de2/sprites/pokemon/257.png,https://raw.githubusercontent.com/PokeAPI/sprites/1dce80ceb372675e9fc7e9f101b71845ef587de2/sprites/pokemon/back/257.png,not_individually_verified,not_individually_verified
dex:mudkip:base,258,水跃鱼,base,https://raw.githubusercontent.com/PokeAPI/sprites/1dce80ceb372675e9fc7e9f101b71845ef587de2/sprites/pokemon/258.png,https://raw.githubusercontent.com/PokeAPI/sprites/1dce80ceb372675e9fc7e9f101b71845ef587de2/sprites/pokemon/back/258.png,not_individually_verified,not_individually_verified
dex:mudkip:base:dynamax,258,水跃鱼 · 极巨化,dynamax,https://raw.githubusercontent.com/PokeAPI/sprites/1dce80ceb372675e9fc7e9f101b71845ef587de2/sprites/pokemon/258.png,https://raw.githubusercontent.com/PokeAPI/sprites/1dce80ceb372675e9fc7e9f101b71845ef587de2/sprites/pokemon/back/258.png,not_individually_verified,not_individually_verified
dex:marshtomp:base,259,沼跃鱼,base,https://raw.githubusercontent.com/PokeAPI/sprites/1dce80ceb372675e9fc7e9f101b71845ef587de2/sprites/pokemon/259.png,https://raw.githubusercontent.com/PokeAPI/sprites/1dce80ceb372675e9fc7e9f101b71845ef587de2/sprites/pokemon/back/259.png,not_individually_verified,not_individually_verified
dex:marshtomp:base:dynamax,259,沼跃鱼 · 极巨化,dynamax,https://raw.githubusercontent.com/PokeAPI/sprites/1dce80ceb372675e9fc7e9f101b71845ef587de2/sprites/pokemon/259.png,https://raw.githubusercontent.com/PokeAPI/sprites/1dce80ceb372675e9fc7e9f101b71845ef587de2/sprites/pokemon/back/259.png,not_individually_verified,not_individually_verified
dex:swampert:base,260,巨沼怪,base,https://raw.githubusercontent.com/PokeAPI/sprites/1dce80ceb372675e9fc7e9f101b71845ef587de2/sprites/pokemon/260.png,https://raw.githubusercontent.com/PokeAPI/sprites/1dce80ceb372675e9fc7e9f101b71845ef587de2/sprites/pokemon/back/260.png,not_individually_verified,not_individually_verified
dex:form:swampertmega,260,巨沼怪 · 超级进化,mega,https://raw.githubusercontent.com/PokeAPI/sprites/1dce80ceb372675e9fc7e9f101b71845ef587de2/sprites/pokemon/10064.png,https://raw.githubusercontent.com/PokeAPI/sprites/1dce80ceb372675e9fc7e9f101b71845ef587de2/sprites/pokemon/back/10064.png,not_individually_verified,not_individually_verified
dex:swampert:base:dynamax,260,巨沼怪 · 极巨化,dynamax,https://raw.githubusercontent.com/PokeAPI/sprites/1dce80ceb372675e9fc7e9f101b71845ef587de2/sprites/pokemon/260.png,https://raw.githubusercontent.com/PokeAPI/sprites/1dce80ceb372675e9fc7e9f101b71845ef587de2/sprites/pokemon/back/260.png,not_individually_verified,not_individually_verified
dex:poochyena:base,261,土狼犬,base,https://raw.githubusercontent.com/PokeAPI/sprites/1dce80ceb372675e9fc7e9f101b71845ef587de2/sprites/pokemon/261.png,https://raw.githubusercontent.com/PokeAPI/sprites/1dce80ceb372675e9fc7e9f101b71845ef587de2/sprites/pokemon/back/261.png,not_individually_verified,not_individually_verified
dex:mightyena:base,262,大狼犬,base,https://raw.githubusercontent.com/PokeAPI/sprites/1dce80ceb372675e9fc7e9f101b71845ef587de2/sprites/pokemon/262.png,https://raw.githubusercontent.com/PokeAPI/sprites/1dce80ceb372675e9fc7e9f101b71845ef587de2/sprites/pokemon/back/262.png,not_individually_verified,not_individually_verified
dex:zigzagoon:base,263,蛇纹熊,base,https://raw.githubusercontent.com/PokeAPI/sprites/1dce80ceb372675e9fc7e9f101b71845ef587de2/sprites/pokemon/263.png,https://raw.githubusercontent.com/PokeAPI/sprites/1dce80ceb372675e9fc7e9f101b71845ef587de2/sprites/pokemon/back/263.png,not_individually_verified,not_individually_verified
dex:form:zigzagoongalar,263,蛇纹熊 · 伽勒尔的样子,regional,https://raw.githubusercontent.com/PokeAPI/sprites/1dce80ceb372675e9fc7e9f101b71845ef587de2/sprites/pokemon/10174.png,https://raw.githubusercontent.com/PokeAPI/sprites/1dce80ceb372675e9fc7e9f101b71845ef587de2/sprites/pokemon/back/10174.png,not_individually_verified,not_individually_verified
dex:form:zigzagoongalar:dynamax,263,蛇纹熊 · 伽勒尔的样子 · 极巨化,dynamax,https://raw.githubusercontent.com/PokeAPI/sprites/1dce80ceb372675e9fc7e9f101b71845ef587de2/sprites/pokemon/10174.png,https://raw.githubusercontent.com/PokeAPI/sprites/1dce80ceb372675e9fc7e9f101b71845ef587de2/sprites/pokemon/back/10174.png,not_individually_verified,not_individually_verified
dex:zigzagoon:base:dynamax,263,蛇纹熊 · 极巨化,dynamax,https://raw.githubusercontent.com/PokeAPI/sprites/1dce80ceb372675e9fc7e9f101b71845ef587de2/sprites/pokemon/263.png,https://raw.githubusercontent.com/PokeAPI/sprites/1dce80ceb372675e9fc7e9f101b71845ef587de2/sprites/pokemon/back/263.png,not_individually_verified,not_individually_verified
dex:linoone:base,264,直冲熊,base,https://raw.githubusercontent.com/PokeAPI/sprites/1dce80ceb372675e9fc7e9f101b71845ef587de2/sprites/pokemon/264.png,https://raw.githubusercontent.com/PokeAPI/sprites/1dce80ceb372675e9fc7e9f101b71845ef587de2/sprites/pokemon/back/264.png,not_individually_verified,not_individually_verified
dex:form:linoonegalar,264,直冲熊 · 伽勒尔的样子,regional,https://raw.githubusercontent.com/PokeAPI/sprites/1dce80ceb372675e9fc7e9f101b71845ef587de2/sprites/pokemon/10175.png,https://raw.githubusercontent.com/PokeAPI/sprites/1dce80ceb372675e9fc7e9f101b71845ef587de2/sprites/pokemon/back/10175.png,not_individually_verified,not_individually_verified
dex:form:linoonegalar:dynamax,264,直冲熊 · 伽勒尔的样子 · 极巨化,dynamax,https://raw.githubusercontent.com/PokeAPI/sprites/1dce80ceb372675e9fc7e9f101b71845ef587de2/sprites/pokemon/10175.png,https://raw.githubusercontent.com/PokeAPI/sprites/1dce80ceb372675e9fc7e9f101b71845ef587de2/sprites/pokemon/back/10175.png,not_individually_verified,not_individually_verified
dex:linoone:base:dynamax,264,直冲熊 · 极巨化,dynamax,https://raw.githubusercontent.com/PokeAPI/sprites/1dce80ceb372675e9fc7e9f101b71845ef587de2/sprites/pokemon/264.png,https://raw.githubusercontent.com/PokeAPI/sprites/1dce80ceb372675e9fc7e9f101b71845ef587de2/sprites/pokemon/back/264.png,not_individually_verified,not_individually_verified
dex:wurmple:base,265,刺尾虫,base,https://raw.githubusercontent.com/PokeAPI/sprites/1dce80ceb372675e9fc7e9f101b71845ef587de2/sprites/pokemon/265.png,https://raw.githubusercontent.com/PokeAPI/sprites/1dce80ceb372675e9fc7e9f101b71845ef587de2/sprites/pokemon/back/265.png,not_individually_verified,not_individually_verified
dex:silcoon:base,266,甲壳茧,base,https://raw.githubusercontent.com/PokeAPI/sprites/1dce80ceb372675e9fc7e9f101b71845ef587de2/sprites/pokemon/266.png,https://raw.githubusercontent.com/PokeAPI/sprites/1dce80ceb372675e9fc7e9f101b71845ef587de2/sprites/pokemon/back/266.png,not_individually_verified,not_individually_verified
dex:beautifly:base,267,狩猎凤蝶,base,https://raw.githubusercontent.com/PokeAPI/sprites/1dce80ceb372675e9fc7e9f101b71845ef587de2/sprites/pokemon/267.png,https://raw.githubusercontent.com/PokeAPI/sprites/1dce80ceb372675e9fc7e9f101b71845ef587de2/sprites/pokemon/back/267.png,not_individually_verified,not_individually_verified
dex:cascoon:base,268,盾甲茧,base,https://raw.githubusercontent.com/PokeAPI/sprites/1dce80ceb372675e9fc7e9f101b71845ef587de2/sprites/pokemon/268.png,https://raw.githubusercontent.com/PokeAPI/sprites/1dce80ceb372675e9fc7e9f101b71845ef587de2/sprites/pokemon/back/268.png,not_individually_verified,not_individually_verified
dex:dustox:base,269,毒粉蛾,base,https://raw.githubusercontent.com/PokeAPI/sprites/1dce80ceb372675e9fc7e9f101b71845ef587de2/sprites/pokemon/269.png,https://raw.githubusercontent.com/PokeAPI/sprites/1dce80ceb372675e9fc7e9f101b71845ef587de2/sprites/pokemon/back/269.png,not_individually_verified,not_individually_verified
dex:lotad:base,270,莲叶童子,base,https://raw.githubusercontent.com/PokeAPI/sprites/1dce80ceb372675e9fc7e9f101b71845ef587de2/sprites/pokemon/270.png,https://raw.githubusercontent.com/PokeAPI/sprites/1dce80ceb372675e9fc7e9f101b71845ef587de2/sprites/pokemon/back/270.png,not_individually_verified,not_individually_verified
dex:lotad:base:dynamax,270,莲叶童子 · 极巨化,dynamax,https://raw.githubusercontent.com/PokeAPI/sprites/1dce80ceb372675e9fc7e9f101b71845ef587de2/sprites/pokemon/270.png,https://raw.githubusercontent.com/PokeAPI/sprites/1dce80ceb372675e9fc7e9f101b71845ef587de2/sprites/pokemon/back/270.png,not_individually_verified,not_individually_verified
dex:lombre:base,271,莲帽小童,base,https://raw.githubusercontent.com/PokeAPI/sprites/1dce80ceb372675e9fc7e9f101b71845ef587de2/sprites/pokemon/271.png,https://raw.githubusercontent.com/PokeAPI/sprites/1dce80ceb372675e9fc7e9f101b71845ef587de2/sprites/pokemon/back/271.png,not_individually_verified,not_individually_verified
dex:lombre:base:dynamax,271,莲帽小童 · 极巨化,dynamax,https://raw.githubusercontent.com/PokeAPI/sprites/1dce80ceb372675e9fc7e9f101b71845ef587de2/sprites/pokemon/271.png,https://raw.githubusercontent.com/PokeAPI/sprites/1dce80ceb372675e9fc7e9f101b71845ef587de2/sprites/pokemon/back/271.png,not_individually_verified,not_individually_verified
dex:ludicolo:base,272,乐天河童,base,https://raw.githubusercontent.com/PokeAPI/sprites/1dce80ceb372675e9fc7e9f101b71845ef587de2/sprites/pokemon/272.png,https://raw.githubusercontent.com/PokeAPI/sprites/1dce80ceb372675e9fc7e9f101b71845ef587de2/sprites/pokemon/back/272.png,not_individually_verified,not_individually_verified
dex:ludicolo:base:dynamax,272,乐天河童 · 极巨化,dynamax,https://raw.githubusercontent.com/PokeAPI/sprites/1dce80ceb372675e9fc7e9f101b71845ef587de2/sprites/pokemon/272.png,https://raw.githubusercontent.com/PokeAPI/sprites/1dce80ceb372675e9fc7e9f101b71845ef587de2/sprites/pokemon/back/272.png,not_individually_verified,not_individually_verified
dex:seedot:base,273,橡实果,base,https://raw.githubusercontent.com/PokeAPI/sprites/1dce80ceb372675e9fc7e9f101b71845ef587de2/sprites/pokemon/273.png,https://raw.githubusercontent.com/PokeAPI/sprites/1dce80ceb372675e9fc7e9f101b71845ef587de2/sprites/pokemon/back/273.png,not_individually_verified,not_individually_verified
dex:seedot:base:dynamax,273,橡实果 · 极巨化,dynamax,https://raw.githubusercontent.com/PokeAPI/sprites/1dce80ceb372675e9fc7e9f101b71845ef587de2/sprites/pokemon/273.png,https://raw.githubusercontent.com/PokeAPI/sprites/1dce80ceb372675e9fc7e9f101b71845ef587de2/sprites/pokemon/back/273.png,not_individually_verified,not_individually_verified
dex:nuzleaf:base,274,长鼻叶,base,https://raw.githubusercontent.com/PokeAPI/sprites/1dce80ceb372675e9fc7e9f101b71845ef587de2/sprites/pokemon/274.png,https://raw.githubusercontent.com/PokeAPI/sprites/1dce80ceb372675e9fc7e9f101b71845ef587de2/sprites/pokemon/back/274.png,not_individually_verified,not_individually_verified
dex:nuzleaf:base:dynamax,274,长鼻叶 · 极巨化,dynamax,https://raw.githubusercontent.com/PokeAPI/sprites/1dce80ceb372675e9fc7e9f101b71845ef587de2/sprites/pokemon/274.png,https://raw.githubusercontent.com/PokeAPI/sprites/1dce80ceb372675e9fc7e9f101b71845ef587de2/sprites/pokemon/back/274.png,not_individually_verified,not_individually_verified
dex:shiftry:base,275,狡猾天狗,base,https://raw.githubusercontent.com/PokeAPI/sprites/1dce80ceb372675e9fc7e9f101b71845ef587de2/sprites/pokemon/275.png,https://raw.githubusercontent.com/PokeAPI/sprites/1dce80ceb372675e9fc7e9f101b71845ef587de2/sprites/pokemon/back/275.png,not_individually_verified,not_individually_verified
dex:shiftry:base:dynamax,275,狡猾天狗 · 极巨化,dynamax,https://raw.githubusercontent.com/PokeAPI/sprites/1dce80ceb372675e9fc7e9f101b71845ef587de2/sprites/pokemon/275.png,https://raw.githubusercontent.com/PokeAPI/sprites/1dce80ceb372675e9fc7e9f101b71845ef587de2/sprites/pokemon/back/275.png,not_individually_verified,not_individually_verified
dex:taillow:base,276,傲骨燕,base,https://raw.githubusercontent.com/PokeAPI/sprites/1dce80ceb372675e9fc7e9f101b71845ef587de2/sprites/pokemon/276.png,https://raw.githubusercontent.com/PokeAPI/sprites/1dce80ceb372675e9fc7e9f101b71845ef587de2/sprites/pokemon/back/276.png,not_individually_verified,not_individually_verified
dex:swellow:base,277,大王燕,base,https://raw.githubusercontent.com/PokeAPI/sprites/1dce80ceb372675e9fc7e9f101b71845ef587de2/sprites/pokemon/277.png,https://raw.githubusercontent.com/PokeAPI/sprites/1dce80ceb372675e9fc7e9f101b71845ef587de2/sprites/pokemon/back/277.png,not_individually_verified,not_individually_verified
dex:wingull:base,278,长翅鸥,base,https://raw.githubusercontent.com/PokeAPI/sprites/1dce80ceb372675e9fc7e9f101b71845ef587de2/sprites/pokemon/278.png,https://raw.githubusercontent.com/PokeAPI/sprites/1dce80ceb372675e9fc7e9f101b71845ef587de2/sprites/pokemon/back/278.png,not_individually_verified,not_individually_verified
dex:wingull:base:dynamax,278,长翅鸥 · 极巨化,dynamax,https://raw.githubusercontent.com/PokeAPI/sprites/1dce80ceb372675e9fc7e9f101b71845ef587de2/sprites/pokemon/278.png,https://raw.githubusercontent.com/PokeAPI/sprites/1dce80ceb372675e9fc7e9f101b71845ef587de2/sprites/pokemon/back/278.png,not_individually_verified,not_individually_verified
dex:pelipper:base,279,大嘴鸥,base,https://raw.githubusercontent.com/PokeAPI/sprites/1dce80ceb372675e9fc7e9f101b71845ef587de2/sprites/pokemon/279.png,https://raw.githubusercontent.com/PokeAPI/sprites/1dce80ceb372675e9fc7e9f101b71845ef587de2/sprites/pokemon/back/279.png,not_individually_verified,not_individually_verified
dex:pelipper:base:dynamax,279,大嘴鸥 · 极巨化,dynamax,https://raw.githubusercontent.com/PokeAPI/sprites/1dce80ceb372675e9fc7e9f101b71845ef587de2/sprites/pokemon/279.png,https://raw.githubusercontent.com/PokeAPI/sprites/1dce80ceb372675e9fc7e9f101b71845ef587de2/sprites/pokemon/back/279.png,not_individually_verified,not_individually_verified
dex:ralts:base,280,拉鲁拉丝,base,https://raw.githubusercontent.com/PokeAPI/sprites/1dce80ceb372675e9fc7e9f101b71845ef587de2/sprites/pokemon/280.png,https://raw.githubusercontent.com/PokeAPI/sprites/1dce80ceb372675e9fc7e9f101b71845ef587de2/sprites/pokemon/back/280.png,not_individually_verified,not_individually_verified
dex:ralts:base:dynamax,280,拉鲁拉丝 · 极巨化,dynamax,https://raw.githubusercontent.com/PokeAPI/sprites/1dce80ceb372675e9fc7e9f101b71845ef587de2/sprites/pokemon/280.png,https://raw.githubusercontent.com/PokeAPI/sprites/1dce80ceb372675e9fc7e9f101b71845ef587de2/sprites/pokemon/back/280.png,not_individually_verified,not_individually_verified
dex:kirlia:base,281,奇鲁莉安,base,https://raw.githubusercontent.com/PokeAPI/sprites/1dce80ceb372675e9fc7e9f101b71845ef587de2/sprites/pokemon/281.png,https://raw.githubusercontent.com/PokeAPI/sprites/1dce80ceb372675e9fc7e9f101b71845ef587de2/sprites/pokemon/back/281.png,not_individually_verified,not_individually_verified
dex:kirlia:base:dynamax,281,奇鲁莉安 · 极巨化,dynamax,https://raw.githubusercontent.com/PokeAPI/sprites/1dce80ceb372675e9fc7e9f101b71845ef587de2/sprites/pokemon/281.png,https://raw.githubusercontent.com/PokeAPI/sprites/1dce80ceb372675e9fc7e9f101b71845ef587de2/sprites/pokemon/back/281.png,not_individually_verified,not_individually_verified
dex:gardevoir:base,282,沙奈朵,base,https://raw.githubusercontent.com/PokeAPI/sprites/1dce80ceb372675e9fc7e9f101b71845ef587de2/sprites/pokemon/282.png,https://raw.githubusercontent.com/PokeAPI/sprites/1dce80ceb372675e9fc7e9f101b71845ef587de2/sprites/pokemon/back/282.png,not_individually_verified,not_individually_verified
dex:form:gardevoirmega,282,沙奈朵 · 超级进化,mega,https://raw.githubusercontent.com/PokeAPI/sprites/1dce80ceb372675e9fc7e9f101b71845ef587de2/sprites/pokemon/10051.png,https://raw.githubusercontent.com/PokeAPI/sprites/1dce80ceb372675e9fc7e9f101b71845ef587de2/sprites/pokemon/back/10051.png,not_individually_verified,not_individually_verified
dex:gardevoir:base:dynamax,282,沙奈朵 · 极巨化,dynamax,https://raw.githubusercontent.com/PokeAPI/sprites/1dce80ceb372675e9fc7e9f101b71845ef587de2/sprites/pokemon/282.png,https://raw.githubusercontent.com/PokeAPI/sprites/1dce80ceb372675e9fc7e9f101b71845ef587de2/sprites/pokemon/back/282.png,not_individually_verified,not_individually_verified
dex:surskit:base,283,溜溜糖球,base,https://raw.githubusercontent.com/PokeAPI/sprites/1dce80ceb372675e9fc7e9f101b71845ef587de2/sprites/pokemon/283.png,https://raw.githubusercontent.com/PokeAPI/sprites/1dce80ceb372675e9fc7e9f101b71845ef587de2/sprites/pokemon/back/283.png,not_individually_verified,not_individually_verified
dex:masquerain:base,284,雨翅蛾,base,https://raw.githubusercontent.com/PokeAPI/sprites/1dce80ceb372675e9fc7e9f101b71845ef587de2/sprites/pokemon/284.png,https://raw.githubusercontent.com/PokeAPI/sprites/1dce80ceb372675e9fc7e9f101b71845ef587de2/sprites/pokemon/back/284.png,not_individually_verified,not_individually_verified
dex:shroomish:base,285,蘑蘑菇,base,https://raw.githubusercontent.com/PokeAPI/sprites/1dce80ceb372675e9fc7e9f101b71845ef587de2/sprites/pokemon/285.png,https://raw.githubusercontent.com/PokeAPI/sprites/1dce80ceb372675e9fc7e9f101b71845ef587de2/sprites/pokemon/back/285.png,not_individually_verified,not_individually_verified
dex:breloom:base,286,斗笠菇,base,https://raw.githubusercontent.com/PokeAPI/sprites/1dce80ceb372675e9fc7e9f101b71845ef587de2/sprites/pokemon/286.png,https://raw.githubusercontent.com/PokeAPI/sprites/1dce80ceb372675e9fc7e9f101b71845ef587de2/sprites/pokemon/back/286.png,not_individually_verified,not_individually_verified
dex:slakoth:base,287,懒人獭,base,https://raw.githubusercontent.com/PokeAPI/sprites/1dce80ceb372675e9fc7e9f101b71845ef587de2/sprites/pokemon/287.png,https://raw.githubusercontent.com/PokeAPI/sprites/1dce80ceb372675e9fc7e9f101b71845ef587de2/sprites/pokemon/back/287.png,not_individually_verified,not_individually_verified
dex:vigoroth:base,288,过动猿,base,https://raw.githubusercontent.com/PokeAPI/sprites/1dce80ceb372675e9fc7e9f101b71845ef587de2/sprites/pokemon/288.png,https://raw.githubusercontent.com/PokeAPI/sprites/1dce80ceb372675e9fc7e9f101b71845ef587de2/sprites/pokemon/back/288.png,not_individually_verified,not_individually_verified
dex:slaking:base,289,请假王,base,https://raw.githubusercontent.com/PokeAPI/sprites/1dce80ceb372675e9fc7e9f101b71845ef587de2/sprites/pokemon/289.png,https://raw.githubusercontent.com/PokeAPI/sprites/1dce80ceb372675e9fc7e9f101b71845ef587de2/sprites/pokemon/back/289.png,not_individually_verified,not_individually_verified
dex:nincada:base,290,土居忍士,base,https://raw.githubusercontent.com/PokeAPI/sprites/1dce80ceb372675e9fc7e9f101b71845ef587de2/sprites/pokemon/290.png,https://raw.githubusercontent.com/PokeAPI/sprites/1dce80ceb372675e9fc7e9f101b71845ef587de2/sprites/pokemon/back/290.png,not_individually_verified,not_individually_verified
dex:nincada:base:dynamax,290,土居忍士 · 极巨化,dynamax,https://raw.githubusercontent.com/PokeAPI/sprites/1dce80ceb372675e9fc7e9f101b71845ef587de2/sprites/pokemon/290.png,https://raw.githubusercontent.com/PokeAPI/sprites/1dce80ceb372675e9fc7e9f101b71845ef587de2/sprites/pokemon/back/290.png,not_individually_verified,not_individually_verified
dex:ninjask:base,291,铁面忍者,base,https://raw.githubusercontent.com/PokeAPI/sprites/1dce80ceb372675e9fc7e9f101b71845ef587de2/sprites/pokemon/291.png,https://raw.githubusercontent.com/PokeAPI/sprites/1dce80ceb372675e9fc7e9f101b71845ef587de2/sprites/pokemon/back/291.png,not_individually_verified,not_individually_verified
dex:ninjask:base:dynamax,291,铁面忍者 · 极巨化,dynamax,https://raw.githubusercontent.com/PokeAPI/sprites/1dce80ceb372675e9fc7e9f101b71845ef587de2/sprites/pokemon/291.png,https://raw.githubusercontent.com/PokeAPI/sprites/1dce80ceb372675e9fc7e9f101b71845ef587de2/sprites/pokemon/back/291.png,not_individually_verified,not_individually_verified
dex:shedinja:base,292,脱壳忍者,base,https://raw.githubusercontent.com/PokeAPI/sprites/1dce80ceb372675e9fc7e9f101b71845ef587de2/sprites/pokemon/292.png,https://raw.githubusercontent.com/PokeAPI/sprites/1dce80ceb372675e9fc7e9f101b71845ef587de2/sprites/pokemon/back/292.png,not_individually_verified,not_individually_verified
dex:shedinja:base:dynamax,292,脱壳忍者 · 极巨化,dynamax,https://raw.githubusercontent.com/PokeAPI/sprites/1dce80ceb372675e9fc7e9f101b71845ef587de2/sprites/pokemon/292.png,https://raw.githubusercontent.com/PokeAPI/sprites/1dce80ceb372675e9fc7e9f101b71845ef587de2/sprites/pokemon/back/292.png,not_individually_verified,not_individually_verified
dex:whismur:base,293,咕妞妞,base,https://raw.githubusercontent.com/PokeAPI/sprites/1dce80ceb372675e9fc7e9f101b71845ef587de2/sprites/pokemon/293.png,https://raw.githubusercontent.com/PokeAPI/sprites/1dce80ceb372675e9fc7e9f101b71845ef587de2/sprites/pokemon/back/293.png,not_individually_verified,not_individually_verified
dex:whismur:base:dynamax,293,咕妞妞 · 极巨化,dynamax,https://raw.githubusercontent.com/PokeAPI/sprites/1dce80ceb372675e9fc7e9f101b71845ef587de2/sprites/pokemon/293.png,https://raw.githubusercontent.com/PokeAPI/sprites/1dce80ceb372675e9fc7e9f101b71845ef587de2/sprites/pokemon/back/293.png,not_individually_verified,not_individually_verified
dex:loudred:base,294,吼爆弹,base,https://raw.githubusercontent.com/PokeAPI/sprites/1dce80ceb372675e9fc7e9f101b71845ef587de2/sprites/pokemon/294.png,https://raw.githubusercontent.com/PokeAPI/sprites/1dce80ceb372675e9fc7e9f101b71845ef587de2/sprites/pokemon/back/294.png,not_individually_verified,not_individually_verified
dex:loudred:base:dynamax,294,吼爆弹 · 极巨化,dynamax,https://raw.githubusercontent.com/PokeAPI/sprites/1dce80ceb372675e9fc7e9f101b71845ef587de2/sprites/pokemon/294.png,https://raw.githubusercontent.com/PokeAPI/sprites/1dce80ceb372675e9fc7e9f101b71845ef587de2/sprites/pokemon/back/294.png,not_individually_verified,not_individually_verified
dex:exploud:base,295,爆音怪,base,https://raw.githubusercontent.com/PokeAPI/sprites/1dce80ceb372675e9fc7e9f101b71845ef587de2/sprites/pokemon/295.png,https://raw.githubusercontent.com/PokeAPI/sprites/1dce80ceb372675e9fc7e9f101b71845ef587de2/sprites/pokemon/back/295.png,not_individually_verified,not_individually_verified
dex:exploud:base:dynamax,295,爆音怪 · 极巨化,dynamax,https://raw.githubusercontent.com/PokeAPI/sprites/1dce80ceb372675e9fc7e9f101b71845ef587de2/sprites/pokemon/295.png,https://raw.githubusercontent.com/PokeAPI/sprites/1dce80ceb372675e9fc7e9f101b71845ef587de2/sprites/pokemon/back/295.png,not_individually_verified,not_individually_verified
dex:makuhita:base,296,幕下力士,base,https://raw.githubusercontent.com/PokeAPI/sprites/1dce80ceb372675e9fc7e9f101b71845ef587de2/sprites/pokemon/296.png,https://raw.githubusercontent.com/PokeAPI/sprites/1dce80ceb372675e9fc7e9f101b71845ef587de2/sprites/pokemon/back/296.png,not_individually_verified,not_individually_verified
dex:hariyama:base,297,铁掌力士,base,https://raw.githubusercontent.com/PokeAPI/sprites/1dce80ceb372675e9fc7e9f101b71845ef587de2/sprites/pokemon/297.png,https://raw.githubusercontent.com/PokeAPI/sprites/1dce80ceb372675e9fc7e9f101b71845ef587de2/sprites/pokemon/back/297.png,not_individually_verified,not_individually_verified
dex:azurill:base,298,露力丽,base,https://raw.githubusercontent.com/PokeAPI/sprites/1dce80ceb372675e9fc7e9f101b71845ef587de2/sprites/pokemon/298.png,https://raw.githubusercontent.com/PokeAPI/sprites/1dce80ceb372675e9fc7e9f101b71845ef587de2/sprites/pokemon/back/298.png,not_individually_verified,not_individually_verified
dex:azurill:base:dynamax,298,露力丽 · 极巨化,dynamax,https://raw.githubusercontent.com/PokeAPI/sprites/1dce80ceb372675e9fc7e9f101b71845ef587de2/sprites/pokemon/298.png,https://raw.githubusercontent.com/PokeAPI/sprites/1dce80ceb372675e9fc7e9f101b71845ef587de2/sprites/pokemon/back/298.png,not_individually_verified,not_individually_verified
dex:nosepass:base,299,朝北鼻,base,https://raw.githubusercontent.com/PokeAPI/sprites/1dce80ceb372675e9fc7e9f101b71845ef587de2/sprites/pokemon/299.png,https://raw.githubusercontent.com/PokeAPI/sprites/1dce80ceb372675e9fc7e9f101b71845ef587de2/sprites/pokemon/back/299.png,not_individually_verified,not_individually_verified
dex:skitty:base,300,向尾喵,base,https://raw.githubusercontent.com/PokeAPI/sprites/1dce80ceb372675e9fc7e9f101b71845ef587de2/sprites/pokemon/300.png,https://raw.githubusercontent.com/PokeAPI/sprites/1dce80ceb372675e9fc7e9f101b71845ef587de2/sprites/pokemon/back/300.png,not_individually_verified,not_individually_verified
dex:delcatty:base,301,优雅猫,base,https://raw.githubusercontent.com/PokeAPI/sprites/1dce80ceb372675e9fc7e9f101b71845ef587de2/sprites/pokemon/301.png,https://raw.githubusercontent.com/PokeAPI/sprites/1dce80ceb372675e9fc7e9f101b71845ef587de2/sprites/pokemon/back/301.png,not_individually_verified,not_individually_verified
dex:sableye:base,302,勾魂眼,base,https://raw.githubusercontent.com/PokeAPI/sprites/1dce80ceb372675e9fc7e9f101b71845ef587de2/sprites/pokemon/302.png,https://raw.githubusercontent.com/PokeAPI/sprites/1dce80ceb372675e9fc7e9f101b71845ef587de2/sprites/pokemon/back/302.png,not_individually_verified,not_individually_verified
dex:form:sableyemega,302,勾魂眼 · 超级进化,mega,https://raw.githubusercontent.com/PokeAPI/sprites/1dce80ceb372675e9fc7e9f101b71845ef587de2/sprites/pokemon/10066.png,https://raw.githubusercontent.com/PokeAPI/sprites/1dce80ceb372675e9fc7e9f101b71845ef587de2/sprites/pokemon/back/10066.png,not_individually_verified,not_individually_verified
dex:sableye:base:dynamax,302,勾魂眼 · 极巨化,dynamax,https://raw.githubusercontent.com/PokeAPI/sprites/1dce80ceb372675e9fc7e9f101b71845ef587de2/sprites/pokemon/302.png,https://raw.githubusercontent.com/PokeAPI/sprites/1dce80ceb372675e9fc7e9f101b71845ef587de2/sprites/pokemon/back/302.png,not_individually_verified,not_individually_verified
dex:mawile:base,303,大嘴娃,base,https://raw.githubusercontent.com/PokeAPI/sprites/1dce80ceb372675e9fc7e9f101b71845ef587de2/sprites/pokemon/303.png,https://raw.githubusercontent.com/PokeAPI/sprites/1dce80ceb372675e9fc7e9f101b71845ef587de2/sprites/pokemon/back/303.png,not_individually_verified,not_individually_verified
dex:form:mawilemega,303,大嘴娃 · 超级进化,mega,https://raw.githubusercontent.com/PokeAPI/sprites/1dce80ceb372675e9fc7e9f101b71845ef587de2/sprites/pokemon/10052.png,https://raw.githubusercontent.com/PokeAPI/sprites/1dce80ceb372675e9fc7e9f101b71845ef587de2/sprites/pokemon/back/10052.png,not_individually_verified,not_individually_verified
dex:mawile:base:dynamax,303,大嘴娃 · 极巨化,dynamax,https://raw.githubusercontent.com/PokeAPI/sprites/1dce80ceb372675e9fc7e9f101b71845ef587de2/sprites/pokemon/303.png,https://raw.githubusercontent.com/PokeAPI/sprites/1dce80ceb372675e9fc7e9f101b71845ef587de2/sprites/pokemon/back/303.png,not_individually_verified,not_individually_verified
dex:aron:base,304,可可多拉,base,https://raw.githubusercontent.com/PokeAPI/sprites/1dce80ceb372675e9fc7e9f101b71845ef587de2/sprites/pokemon/304.png,https://raw.githubusercontent.com/PokeAPI/sprites/1dce80ceb372675e9fc7e9f101b71845ef587de2/sprites/pokemon/back/304.png,not_individually_verified,not_individually_verified
dex:aron:base:dynamax,304,可可多拉 · 极巨化,dynamax,https://raw.githubusercontent.com/PokeAPI/sprites/1dce80ceb372675e9fc7e9f101b71845ef587de2/sprites/pokemon/304.png,https://raw.githubusercontent.com/PokeAPI/sprites/1dce80ceb372675e9fc7e9f101b71845ef587de2/sprites/pokemon/back/304.png,not_individually_verified,not_individually_verified
dex:lairon:base,305,可多拉,base,https://raw.githubusercontent.com/PokeAPI/sprites/1dce80ceb372675e9fc7e9f101b71845ef587de2/sprites/pokemon/305.png,https://raw.githubusercontent.com/PokeAPI/sprites/1dce80ceb372675e9fc7e9f101b71845ef587de2/sprites/pokemon/back/305.png,not_individually_verified,not_individually_verified
dex:lairon:base:dynamax,305,可多拉 · 极巨化,dynamax,https://raw.githubusercontent.com/PokeAPI/sprites/1dce80ceb372675e9fc7e9f101b71845ef587de2/sprites/pokemon/305.png,https://raw.githubusercontent.com/PokeAPI/sprites/1dce80ceb372675e9fc7e9f101b71845ef587de2/sprites/pokemon/back/305.png,not_individually_verified,not_individually_verified
dex:aggron:base,306,波士可多拉,base,https://raw.githubusercontent.com/PokeAPI/sprites/1dce80ceb372675e9fc7e9f101b71845ef587de2/sprites/pokemon/306.png,https://raw.githubusercontent.com/PokeAPI/sprites/1dce80ceb372675e9fc7e9f101b71845ef587de2/sprites/pokemon/back/306.png,not_individually_verified,not_individually_verified
dex:form:aggronmega,306,波士可多拉 · 超级进化,mega,https://raw.githubusercontent.com/PokeAPI/sprites/1dce80ceb372675e9fc7e9f101b71845ef587de2/sprites/pokemon/10053.png,https://raw.githubusercontent.com/PokeAPI/sprites/1dce80ceb372675e9fc7e9f101b71845ef587de2/sprites/pokemon/back/10053.png,not_individually_verified,not_individually_verified
dex:aggron:base:dynamax,306,波士可多拉 · 极巨化,dynamax,https://raw.githubusercontent.com/PokeAPI/sprites/1dce80ceb372675e9fc7e9f101b71845ef587de2/sprites/pokemon/306.png,https://raw.githubusercontent.com/PokeAPI/sprites/1dce80ceb372675e9fc7e9f101b71845ef587de2/sprites/pokemon/back/306.png,not_individually_verified,not_individually_verified
dex:meditite:base,307,玛沙那,base,https://raw.githubusercontent.com/PokeAPI/sprites/1dce80ceb372675e9fc7e9f101b71845ef587de2/sprites/pokemon/307.png,https://raw.githubusercontent.com/PokeAPI/sprites/1dce80ceb372675e9fc7e9f101b71845ef587de2/sprites/pokemon/back/307.png,not_individually_verified,not_individually_verified
dex:medicham:base,308,恰雷姆,base,https://raw.githubusercontent.com/PokeAPI/sprites/1dce80ceb372675e9fc7e9f101b71845ef587de2/sprites/pokemon/308.png,https://raw.githubusercontent.com/PokeAPI/sprites/1dce80ceb372675e9fc7e9f101b71845ef587de2/sprites/pokemon/back/308.png,not_individually_verified,not_individually_verified
dex:form:medichammega,308,恰雷姆 · 超级进化,mega,https://raw.githubusercontent.com/PokeAPI/sprites/1dce80ceb372675e9fc7e9f101b71845ef587de2/sprites/pokemon/10054.png,https://raw.githubusercontent.com/PokeAPI/sprites/1dce80ceb372675e9fc7e9f101b71845ef587de2/sprites/pokemon/back/10054.png,not_individually_verified,not_individually_verified
dex:electrike:base,309,落雷兽,base,https://raw.githubusercontent.com/PokeAPI/sprites/1dce80ceb372675e9fc7e9f101b71845ef587de2/sprites/pokemon/309.png,https://raw.githubusercontent.com/PokeAPI/sprites/1dce80ceb372675e9fc7e9f101b71845ef587de2/sprites/pokemon/back/309.png,not_individually_verified,not_individually_verified
dex:electrike:base:dynamax,309,落雷兽 · 极巨化,dynamax,https://raw.githubusercontent.com/PokeAPI/sprites/1dce80ceb372675e9fc7e9f101b71845ef587de2/sprites/pokemon/309.png,https://raw.githubusercontent.com/PokeAPI/sprites/1dce80ceb372675e9fc7e9f101b71845ef587de2/sprites/pokemon/back/309.png,not_individually_verified,not_individually_verified
dex:manectric:base,310,雷电兽,base,https://raw.githubusercontent.com/PokeAPI/sprites/1dce80ceb372675e9fc7e9f101b71845ef587de2/sprites/pokemon/310.png,https://raw.githubusercontent.com/PokeAPI/sprites/1dce80ceb372675e9fc7e9f101b71845ef587de2/sprites/pokemon/back/310.png,not_individually_verified,not_individually_verified
dex:form:manectricmega,310,雷电兽 · 超级进化,mega,https://raw.githubusercontent.com/PokeAPI/sprites/1dce80ceb372675e9fc7e9f101b71845ef587de2/sprites/pokemon/10055.png,https://raw.githubusercontent.com/PokeAPI/sprites/1dce80ceb372675e9fc7e9f101b71845ef587de2/sprites/pokemon/back/10055.png,not_individually_verified,not_individually_verified
dex:manectric:base:dynamax,310,雷电兽 · 极巨化,dynamax,https://raw.githubusercontent.com/PokeAPI/sprites/1dce80ceb372675e9fc7e9f101b71845ef587de2/sprites/pokemon/310.png,https://raw.githubusercontent.com/PokeAPI/sprites/1dce80ceb372675e9fc7e9f101b71845ef587de2/sprites/pokemon/back/310.png,not_individually_verified,not_individually_verified
dex:plusle:base,311,正电拍拍,base,https://raw.githubusercontent.com/PokeAPI/sprites/1dce80ceb372675e9fc7e9f101b71845ef587de2/sprites/pokemon/311.png,https://raw.githubusercontent.com/PokeAPI/sprites/1dce80ceb372675e9fc7e9f101b71845ef587de2/sprites/pokemon/back/311.png,not_individually_verified,not_individually_verified
dex:minun:base,312,負电拍拍,base,https://raw.githubusercontent.com/PokeAPI/sprites/1dce80ceb372675e9fc7e9f101b71845ef587de2/sprites/pokemon/312.png,https://raw.githubusercontent.com/PokeAPI/sprites/1dce80ceb372675e9fc7e9f101b71845ef587de2/sprites/pokemon/back/312.png,not_individually_verified,not_individually_verified
dex:volbeat:base,313,电萤虫,base,https://raw.githubusercontent.com/PokeAPI/sprites/1dce80ceb372675e9fc7e9f101b71845ef587de2/sprites/pokemon/313.png,https://raw.githubusercontent.com/PokeAPI/sprites/1dce80ceb372675e9fc7e9f101b71845ef587de2/sprites/pokemon/back/313.png,not_individually_verified,not_individually_verified
dex:illumise:base,314,甜甜萤,base,https://raw.githubusercontent.com/PokeAPI/sprites/1dce80ceb372675e9fc7e9f101b71845ef587de2/sprites/pokemon/314.png,https://raw.githubusercontent.com/PokeAPI/sprites/1dce80ceb372675e9fc7e9f101b71845ef587de2/sprites/pokemon/back/314.png,not_individually_verified,not_individually_verified
dex:roselia:base,315,毒蔷薇,base,https://raw.githubusercontent.com/PokeAPI/sprites/1dce80ceb372675e9fc7e9f101b71845ef587de2/sprites/pokemon/315.png,https://raw.githubusercontent.com/PokeAPI/sprites/1dce80ceb372675e9fc7e9f101b71845ef587de2/sprites/pokemon/back/315.png,not_individually_verified,not_individually_verified
dex:roselia:base:dynamax,315,毒蔷薇 · 极巨化,dynamax,https://raw.githubusercontent.com/PokeAPI/sprites/1dce80ceb372675e9fc7e9f101b71845ef587de2/sprites/pokemon/315.png,https://raw.githubusercontent.com/PokeAPI/sprites/1dce80ceb372675e9fc7e9f101b71845ef587de2/sprites/pokemon/back/315.png,not_individually_verified,not_individually_verified
dex:gulpin:base,316,溶食兽,base,https://raw.githubusercontent.com/PokeAPI/sprites/1dce80ceb372675e9fc7e9f101b71845ef587de2/sprites/pokemon/316.png,https://raw.githubusercontent.com/PokeAPI/sprites/1dce80ceb372675e9fc7e9f101b71845ef587de2/sprites/pokemon/back/316.png,not_individually_verified,not_individually_verified
dex:swalot:base,317,吞食兽,base,https://raw.githubusercontent.com/PokeAPI/sprites/1dce80ceb372675e9fc7e9f101b71845ef587de2/sprites/pokemon/317.png,https://raw.githubusercontent.com/PokeAPI/sprites/1dce80ceb372675e9fc7e9f101b71845ef587de2/sprites/pokemon/back/317.png,not_individually_verified,not_individually_verified
dex:carvanha:base,318,利牙鱼,base,https://raw.githubusercontent.com/PokeAPI/sprites/1dce80ceb372675e9fc7e9f101b71845ef587de2/sprites/pokemon/318.png,https://raw.githubusercontent.com/PokeAPI/sprites/1dce80ceb372675e9fc7e9f101b71845ef587de2/sprites/pokemon/back/318.png,not_individually_verified,not_individually_verified
dex:carvanha:base:dynamax,318,利牙鱼 · 极巨化,dynamax,https://raw.githubusercontent.com/PokeAPI/sprites/1dce80ceb372675e9fc7e9f101b71845ef587de2/sprites/pokemon/318.png,https://raw.githubusercontent.com/PokeAPI/sprites/1dce80ceb372675e9fc7e9f101b71845ef587de2/sprites/pokemon/back/318.png,not_individually_verified,not_individually_verified
dex:sharpedo:base,319,巨牙鲨,base,https://raw.githubusercontent.com/PokeAPI/sprites/1dce80ceb372675e9fc7e9f101b71845ef587de2/sprites/pokemon/319.png,https://raw.githubusercontent.com/PokeAPI/sprites/1dce80ceb372675e9fc7e9f101b71845ef587de2/sprites/pokemon/back/319.png,not_individually_verified,not_individually_verified
dex:form:sharpedomega,319,巨牙鲨 · 超级进化,mega,https://raw.githubusercontent.com/PokeAPI/sprites/1dce80ceb372675e9fc7e9f101b71845ef587de2/sprites/pokemon/10070.png,https://raw.githubusercontent.com/PokeAPI/sprites/1dce80ceb372675e9fc7e9f101b71845ef587de2/sprites/pokemon/back/10070.png,not_individually_verified,not_individually_verified
dex:sharpedo:base:dynamax,319,巨牙鲨 · 极巨化,dynamax,https://raw.githubusercontent.com/PokeAPI/sprites/1dce80ceb372675e9fc7e9f101b71845ef587de2/sprites/pokemon/319.png,https://raw.githubusercontent.com/PokeAPI/sprites/1dce80ceb372675e9fc7e9f101b71845ef587de2/sprites/pokemon/back/319.png,not_individually_verified,not_individually_verified
dex:wailmer:base,320,吼吼鲸,base,https://raw.githubusercontent.com/PokeAPI/sprites/1dce80ceb372675e9fc7e9f101b71845ef587de2/sprites/pokemon/320.png,https://raw.githubusercontent.com/PokeAPI/sprites/1dce80ceb372675e9fc7e9f101b71845ef587de2/sprites/pokemon/back/320.png,not_individually_verified,not_individually_verified
dex:wailmer:base:dynamax,320,吼吼鲸 · 极巨化,dynamax,https://raw.githubusercontent.com/PokeAPI/sprites/1dce80ceb372675e9fc7e9f101b71845ef587de2/sprites/pokemon/320.png,https://raw.githubusercontent.com/PokeAPI/sprites/1dce80ceb372675e9fc7e9f101b71845ef587de2/sprites/pokemon/back/320.png,not_individually_verified,not_individually_verified
dex:wailord:base,321,吼鲸王,base,https://raw.githubusercontent.com/PokeAPI/sprites/1dce80ceb372675e9fc7e9f101b71845ef587de2/sprites/pokemon/321.png,https://raw.githubusercontent.com/PokeAPI/sprites/1dce80ceb372675e9fc7e9f101b71845ef587de2/sprites/pokemon/back/321.png,not_individually_verified,not_individually_verified
dex:wailord:base:dynamax,321,吼鲸王 · 极巨化,dynamax,https://raw.githubusercontent.com/PokeAPI/sprites/1dce80ceb372675e9fc7e9f101b71845ef587de2/sprites/pokemon/321.png,https://raw.githubusercontent.com/PokeAPI/sprites/1dce80ceb372675e9fc7e9f101b71845ef587de2/sprites/pokemon/back/321.png,not_individually_verified,not_individually_verified
dex:numel:base,322,呆火驼,base,https://raw.githubusercontent.com/PokeAPI/sprites/1dce80ceb372675e9fc7e9f101b71845ef587de2/sprites/pokemon/322.png,https://raw.githubusercontent.com/PokeAPI/sprites/1dce80ceb372675e9fc7e9f101b71845ef587de2/sprites/pokemon/back/322.png,not_individually_verified,not_individually_verified
dex:camerupt:base,323,喷火驼,base,https://raw.githubusercontent.com/PokeAPI/sprites/1dce80ceb372675e9fc7e9f101b71845ef587de2/sprites/pokemon/323.png,https://raw.githubusercontent.com/PokeAPI/sprites/1dce80ceb372675e9fc7e9f101b71845ef587de2/sprites/pokemon/back/323.png,not_individually_verified,not_individually_verified
dex:form:cameruptmega,323,喷火驼 · 超级进化,mega,https://raw.githubusercontent.com/PokeAPI/sprites/1dce80ceb372675e9fc7e9f101b71845ef587de2/sprites/pokemon/10087.png,https://raw.githubusercontent.com/PokeAPI/sprites/1dce80ceb372675e9fc7e9f101b71845ef587de2/sprites/pokemon/back/10087.png,not_individually_verified,not_individually_verified
dex:torkoal:base,324,煤炭龟,base,https://raw.githubusercontent.com/PokeAPI/sprites/1dce80ceb372675e9fc7e9f101b71845ef587de2/sprites/pokemon/324.png,https://raw.githubusercontent.com/PokeAPI/sprites/1dce80ceb372675e9fc7e9f101b71845ef587de2/sprites/pokemon/back/324.png,not_individually_verified,not_individually_verified
dex:torkoal:base:dynamax,324,煤炭龟 · 极巨化,dynamax,https://raw.githubusercontent.com/PokeAPI/sprites/1dce80ceb372675e9fc7e9f101b71845ef587de2/sprites/pokemon/324.png,https://raw.githubusercontent.com/PokeAPI/sprites/1dce80ceb372675e9fc7e9f101b71845ef587de2/sprites/pokemon/back/324.png,not_individually_verified,not_individually_verified
dex:spoink:base,325,跳跳猪,base,https://raw.githubusercontent.com/PokeAPI/sprites/1dce80ceb372675e9fc7e9f101b71845ef587de2/sprites/pokemon/325.png,https://raw.githubusercontent.com/PokeAPI/sprites/1dce80ceb372675e9fc7e9f101b71845ef587de2/sprites/pokemon/back/325.png,not_individually_verified,not_individually_verified
dex:grumpig:base,326,噗噗猪,base,https://raw.githubusercontent.com/PokeAPI/sprites/1dce80ceb372675e9fc7e9f101b71845ef587de2/sprites/pokemon/326.png,https://raw.githubusercontent.com/PokeAPI/sprites/1dce80ceb372675e9fc7e9f101b71845ef587de2/sprites/pokemon/back/326.png,not_individually_verified,not_individually_verified
dex:spinda:base,327,晃晃斑,base,https://raw.githubusercontent.com/PokeAPI/sprites/1dce80ceb372675e9fc7e9f101b71845ef587de2/sprites/pokemon/327.png,https://raw.githubusercontent.com/PokeAPI/sprites/1dce80ceb372675e9fc7e9f101b71845ef587de2/sprites/pokemon/back/327.png,not_individually_verified,not_individually_verified
dex:trapinch:base,328,大颚蚁,base,https://raw.githubusercontent.com/PokeAPI/sprites/1dce80ceb372675e9fc7e9f101b71845ef587de2/sprites/pokemon/328.png,https://raw.githubusercontent.com/PokeAPI/sprites/1dce80ceb372675e9fc7e9f101b71845ef587de2/sprites/pokemon/back/328.png,not_individually_verified,not_individually_verified
dex:trapinch:base:dynamax,328,大颚蚁 · 极巨化,dynamax,https://raw.githubusercontent.com/PokeAPI/sprites/1dce80ceb372675e9fc7e9f101b71845ef587de2/sprites/pokemon/328.png,https://raw.githubusercontent.com/PokeAPI/sprites/1dce80ceb372675e9fc7e9f101b71845ef587de2/sprites/pokemon/back/328.png,not_individually_verified,not_individually_verified
dex:vibrava:base,329,超音波幼虫,base,https://raw.githubusercontent.com/PokeAPI/sprites/1dce80ceb372675e9fc7e9f101b71845ef587de2/sprites/pokemon/329.png,https://raw.githubusercontent.com/PokeAPI/sprites/1dce80ceb372675e9fc7e9f101b71845ef587de2/sprites/pokemon/back/329.png,not_individually_verified,not_individually_verified
dex:vibrava:base:dynamax,329,超音波幼虫 · 极巨化,dynamax,https://raw.githubusercontent.com/PokeAPI/sprites/1dce80ceb372675e9fc7e9f101b71845ef587de2/sprites/pokemon/329.png,https://raw.githubusercontent.com/PokeAPI/sprites/1dce80ceb372675e9fc7e9f101b71845ef587de2/sprites/pokemon/back/329.png,not_individually_verified,not_individually_verified
dex:flygon:base,330,沙漠蜻蜓,base,https://raw.githubusercontent.com/PokeAPI/sprites/1dce80ceb372675e9fc7e9f101b71845ef587de2/sprites/pokemon/330.png,https://raw.githubusercontent.com/PokeAPI/sprites/1dce80ceb372675e9fc7e9f101b71845ef587de2/sprites/pokemon/back/330.png,not_individually_verified,not_individually_verified
dex:flygon:base:dynamax,330,沙漠蜻蜓 · 极巨化,dynamax,https://raw.githubusercontent.com/PokeAPI/sprites/1dce80ceb372675e9fc7e9f101b71845ef587de2/sprites/pokemon/330.png,https://raw.githubusercontent.com/PokeAPI/sprites/1dce80ceb372675e9fc7e9f101b71845ef587de2/sprites/pokemon/back/330.png,not_individually_verified,not_individually_verified
dex:omni:ultra58:1106,330,沙漠蜻蜓 · 神战超进化,source_variant,/ultra-art/1106-front_default.png,/ultra-art/1106-back_default.png,not_individually_verified,not_individually_verified
dex:cacnea:base,331,刺球仙人掌,base,https://raw.githubusercontent.com/PokeAPI/sprites/1dce80ceb372675e9fc7e9f101b71845ef587de2/sprites/pokemon/331.png,https://raw.githubusercontent.com/PokeAPI/sprites/1dce80ceb372675e9fc7e9f101b71845ef587de2/sprites/pokemon/back/331.png,not_individually_verified,not_individually_verified
dex:cacturne:base,332,梦歌仙人掌,base,https://raw.githubusercontent.com/PokeAPI/sprites/1dce80ceb372675e9fc7e9f101b71845ef587de2/sprites/pokemon/332.png,https://raw.githubusercontent.com/PokeAPI/sprites/1dce80ceb372675e9fc7e9f101b71845ef587de2/sprites/pokemon/back/332.png,not_individually_verified,not_individually_verified
dex:swablu:base,333,青绵鸟,base,https://raw.githubusercontent.com/PokeAPI/sprites/1dce80ceb372675e9fc7e9f101b71845ef587de2/sprites/pokemon/333.png,https://raw.githubusercontent.com/PokeAPI/sprites/1dce80ceb372675e9fc7e9f101b71845ef587de2/sprites/pokemon/back/333.png,not_individually_verified,not_individually_verified
dex:swablu:base:dynamax,333,青绵鸟 · 极巨化,dynamax,https://raw.githubusercontent.com/PokeAPI/sprites/1dce80ceb372675e9fc7e9f101b71845ef587de2/sprites/pokemon/333.png,https://raw.githubusercontent.com/PokeAPI/sprites/1dce80ceb372675e9fc7e9f101b71845ef587de2/sprites/pokemon/back/333.png,not_individually_verified,not_individually_verified
dex:altaria:base,334,七夕青鸟,base,https://raw.githubusercontent.com/PokeAPI/sprites/1dce80ceb372675e9fc7e9f101b71845ef587de2/sprites/pokemon/334.png,https://raw.githubusercontent.com/PokeAPI/sprites/1dce80ceb372675e9fc7e9f101b71845ef587de2/sprites/pokemon/back/334.png,not_individually_verified,not_individually_verified
dex:form:altariamega,334,七夕青鸟 · 超级进化,mega,https://raw.githubusercontent.com/PokeAPI/sprites/1dce80ceb372675e9fc7e9f101b71845ef587de2/sprites/pokemon/10067.png,https://raw.githubusercontent.com/PokeAPI/sprites/1dce80ceb372675e9fc7e9f101b71845ef587de2/sprites/pokemon/back/10067.png,not_individually_verified,not_individually_verified
dex:altaria:base:dynamax,334,七夕青鸟 · 极巨化,dynamax,https://raw.githubusercontent.com/PokeAPI/sprites/1dce80ceb372675e9fc7e9f101b71845ef587de2/sprites/pokemon/334.png,https://raw.githubusercontent.com/PokeAPI/sprites/1dce80ceb372675e9fc7e9f101b71845ef587de2/sprites/pokemon/back/334.png,not_individually_verified,not_individually_verified
dex:zangoose:base,335,猫鼬斩,base,https://raw.githubusercontent.com/PokeAPI/sprites/1dce80ceb372675e9fc7e9f101b71845ef587de2/sprites/pokemon/335.png,https://raw.githubusercontent.com/PokeAPI/sprites/1dce80ceb372675e9fc7e9f101b71845ef587de2/sprites/pokemon/back/335.png,not_individually_verified,not_individually_verified
dex:seviper:base,336,饭匙蛇,base,https://raw.githubusercontent.com/PokeAPI/sprites/1dce80ceb372675e9fc7e9f101b71845ef587de2/sprites/pokemon/336.png,https://raw.githubusercontent.com/PokeAPI/sprites/1dce80ceb372675e9fc7e9f101b71845ef587de2/sprites/pokemon/back/336.png,not_individually_verified,not_individually_verified
dex:lunatone:base,337,月石,base,https://raw.githubusercontent.com/PokeAPI/sprites/1dce80ceb372675e9fc7e9f101b71845ef587de2/sprites/pokemon/337.png,https://raw.githubusercontent.com/PokeAPI/sprites/1dce80ceb372675e9fc7e9f101b71845ef587de2/sprites/pokemon/back/337.png,not_individually_verified,not_individually_verified
dex:lunatone:base:dynamax,337,月石 · 极巨化,dynamax,https://raw.githubusercontent.com/PokeAPI/sprites/1dce80ceb372675e9fc7e9f101b71845ef587de2/sprites/pokemon/337.png,https://raw.githubusercontent.com/PokeAPI/sprites/1dce80ceb372675e9fc7e9f101b71845ef587de2/sprites/pokemon/back/337.png,not_individually_verified,not_individually_verified
dex:solrock:base,338,太阳岩,base,https://raw.githubusercontent.com/PokeAPI/sprites/1dce80ceb372675e9fc7e9f101b71845ef587de2/sprites/pokemon/338.png,https://raw.githubusercontent.com/PokeAPI/sprites/1dce80ceb372675e9fc7e9f101b71845ef587de2/sprites/pokemon/back/338.png,not_individually_verified,not_individually_verified
dex:solrock:base:dynamax,338,太阳岩 · 极巨化,dynamax,https://raw.githubusercontent.com/PokeAPI/sprites/1dce80ceb372675e9fc7e9f101b71845ef587de2/sprites/pokemon/338.png,https://raw.githubusercontent.com/PokeAPI/sprites/1dce80ceb372675e9fc7e9f101b71845ef587de2/sprites/pokemon/back/338.png,not_individually_verified,not_individually_verified
dex:barboach:base,339,泥泥鳅,base,https://raw.githubusercontent.com/PokeAPI/sprites/1dce80ceb372675e9fc7e9f101b71845ef587de2/sprites/pokemon/339.png,https://raw.githubusercontent.com/PokeAPI/sprites/1dce80ceb372675e9fc7e9f101b71845ef587de2/sprites/pokemon/back/339.png,not_individually_verified,not_individually_verified
dex:barboach:base:dynamax,339,泥泥鳅 · 极巨化,dynamax,https://raw.githubusercontent.com/PokeAPI/sprites/1dce80ceb372675e9fc7e9f101b71845ef587de2/sprites/pokemon/339.png,https://raw.githubusercontent.com/PokeAPI/sprites/1dce80ceb372675e9fc7e9f101b71845ef587de2/sprites/pokemon/back/339.png,not_individually_verified,not_individually_verified
dex:whiscash:base,340,鲶鱼王,base,https://raw.githubusercontent.com/PokeAPI/sprites/1dce80ceb372675e9fc7e9f101b71845ef587de2/sprites/pokemon/340.png,https://raw.githubusercontent.com/PokeAPI/sprites/1dce80ceb372675e9fc7e9f101b71845ef587de2/sprites/pokemon/back/340.png,not_individually_verified,not_individually_verified
dex:whiscash:base:dynamax,340,鲶鱼王 · 极巨化,dynamax,https://raw.githubusercontent.com/PokeAPI/sprites/1dce80ceb372675e9fc7e9f101b71845ef587de2/sprites/pokemon/340.png,https://raw.githubusercontent.com/PokeAPI/sprites/1dce80ceb372675e9fc7e9f101b71845ef587de2/sprites/pokemon/back/340.png,not_individually_verified,not_individually_verified
dex:corphish:base,341,龙虾小兵,base,https://raw.githubusercontent.com/PokeAPI/sprites/1dce80ceb372675e9fc7e9f101b71845ef587de2/sprites/pokemon/341.png,https://raw.githubusercontent.com/PokeAPI/sprites/1dce80ceb372675e9fc7e9f101b71845ef587de2/sprites/pokemon/back/341.png,not_individually_verified,not_individually_verified
dex:corphish:base:dynamax,341,龙虾小兵 · 极巨化,dynamax,https://raw.githubusercontent.com/PokeAPI/sprites/1dce80ceb372675e9fc7e9f101b71845ef587de2/sprites/pokemon/341.png,https://raw.githubusercontent.com/PokeAPI/sprites/1dce80ceb372675e9fc7e9f101b71845ef587de2/sprites/pokemon/back/341.png,not_individually_verified,not_individually_verified
dex:crawdaunt:base,342,铁螯龙虾,base,https://raw.githubusercontent.com/PokeAPI/sprites/1dce80ceb372675e9fc7e9f101b71845ef587de2/sprites/pokemon/342.png,https://raw.githubusercontent.com/PokeAPI/sprites/1dce80ceb372675e9fc7e9f101b71845ef587de2/sprites/pokemon/back/342.png,not_individually_verified,not_individually_verified
dex:crawdaunt:base:dynamax,342,铁螯龙虾 · 极巨化,dynamax,https://raw.githubusercontent.com/PokeAPI/sprites/1dce80ceb372675e9fc7e9f101b71845ef587de2/sprites/pokemon/342.png,https://raw.githubusercontent.com/PokeAPI/sprites/1dce80ceb372675e9fc7e9f101b71845ef587de2/sprites/pokemon/back/342.png,not_individually_verified,not_individually_verified
dex:baltoy:base,343,天秤偶,base,https://raw.githubusercontent.com/PokeAPI/sprites/1dce80ceb372675e9fc7e9f101b71845ef587de2/sprites/pokemon/343.png,https://raw.githubusercontent.com/PokeAPI/sprites/1dce80ceb372675e9fc7e9f101b71845ef587de2/sprites/pokemon/back/343.png,not_individually_verified,not_individually_verified
dex:baltoy:base:dynamax,343,天秤偶 · 极巨化,dynamax,https://raw.githubusercontent.com/PokeAPI/sprites/1dce80ceb372675e9fc7e9f101b71845ef587de2/sprites/pokemon/343.png,https://raw.githubusercontent.com/PokeAPI/sprites/1dce80ceb372675e9fc7e9f101b71845ef587de2/sprites/pokemon/back/343.png,not_individually_verified,not_individually_verified
dex:claydol:base,344,念力土偶,base,https://raw.githubusercontent.com/PokeAPI/sprites/1dce80ceb372675e9fc7e9f101b71845ef587de2/sprites/pokemon/344.png,https://raw.githubusercontent.com/PokeAPI/sprites/1dce80ceb372675e9fc7e9f101b71845ef587de2/sprites/pokemon/back/344.png,not_individually_verified,not_individually_verified
dex:claydol:base:dynamax,344,念力土偶 · 极巨化,dynamax,https://raw.githubusercontent.com/PokeAPI/sprites/1dce80ceb372675e9fc7e9f101b71845ef587de2/sprites/pokemon/344.png,https://raw.githubusercontent.com/PokeAPI/sprites/1dce80ceb372675e9fc7e9f101b71845ef587de2/sprites/pokemon/back/344.png,not_individually_verified,not_individually_verified
dex:lileep:base,345,触手百合,base,https://raw.githubusercontent.com/PokeAPI/sprites/1dce80ceb372675e9fc7e9f101b71845ef587de2/sprites/pokemon/345.png,https://raw.githubusercontent.com/PokeAPI/sprites/1dce80ceb372675e9fc7e9f101b71845ef587de2/sprites/pokemon/back/345.png,not_individually_verified,not_individually_verified
dex:lileep:base:dynamax,345,触手百合 · 极巨化,dynamax,https://raw.githubusercontent.com/PokeAPI/sprites/1dce80ceb372675e9fc7e9f101b71845ef587de2/sprites/pokemon/345.png,https://raw.githubusercontent.com/PokeAPI/sprites/1dce80ceb372675e9fc7e9f101b71845ef587de2/sprites/pokemon/back/345.png,not_individually_verified,not_individually_verified
dex:cradily:base,346,摇篮百合,base,https://raw.githubusercontent.com/PokeAPI/sprites/1dce80ceb372675e9fc7e9f101b71845ef587de2/sprites/pokemon/346.png,https://raw.githubusercontent.com/PokeAPI/sprites/1dce80ceb372675e9fc7e9f101b71845ef587de2/sprites/pokemon/back/346.png,not_individually_verified,not_individually_verified
dex:cradily:base:dynamax,346,摇篮百合 · 极巨化,dynamax,https://raw.githubusercontent.com/PokeAPI/sprites/1dce80ceb372675e9fc7e9f101b71845ef587de2/sprites/pokemon/346.png,https://raw.githubusercontent.com/PokeAPI/sprites/1dce80ceb372675e9fc7e9f101b71845ef587de2/sprites/pokemon/back/346.png,not_individually_verified,not_individually_verified
dex:anorith:base,347,太古羽虫,base,https://raw.githubusercontent.com/PokeAPI/sprites/1dce80ceb372675e9fc7e9f101b71845ef587de2/sprites/pokemon/347.png,https://raw.githubusercontent.com/PokeAPI/sprites/1dce80ceb372675e9fc7e9f101b71845ef587de2/sprites/pokemon/back/347.png,not_individually_verified,not_individually_verified
dex:anorith:base:dynamax,347,太古羽虫 · 极巨化,dynamax,https://raw.githubusercontent.com/PokeAPI/sprites/1dce80ceb372675e9fc7e9f101b71845ef587de2/sprites/pokemon/347.png,https://raw.githubusercontent.com/PokeAPI/sprites/1dce80ceb372675e9fc7e9f101b71845ef587de2/sprites/pokemon/back/347.png,not_individually_verified,not_individually_verified
dex:armaldo:base,348,太古盔甲,base,https://raw.githubusercontent.com/PokeAPI/sprites/1dce80ceb372675e9fc7e9f101b71845ef587de2/sprites/pokemon/348.png,https://raw.githubusercontent.com/PokeAPI/sprites/1dce80ceb372675e9fc7e9f101b71845ef587de2/sprites/pokemon/back/348.png,not_individually_verified,not_individually_verified
dex:armaldo:base:dynamax,348,太古盔甲 · 极巨化,dynamax,https://raw.githubusercontent.com/PokeAPI/sprites/1dce80ceb372675e9fc7e9f101b71845ef587de2/sprites/pokemon/348.png,https://raw.githubusercontent.com/PokeAPI/sprites/1dce80ceb372675e9fc7e9f101b71845ef587de2/sprites/pokemon/back/348.png,not_individually_verified,not_individually_verified
dex:feebas:base,349,丑丑鱼,base,https://raw.githubusercontent.com/PokeAPI/sprites/1dce80ceb372675e9fc7e9f101b71845ef587de2/sprites/pokemon/349.png,https://raw.githubusercontent.com/PokeAPI/sprites/1dce80ceb372675e9fc7e9f101b71845ef587de2/sprites/pokemon/back/349.png,not_individually_verified,not_individually_verified
dex:feebas:base:dynamax,349,丑丑鱼 · 极巨化,dynamax,https://raw.githubusercontent.com/PokeAPI/sprites/1dce80ceb372675e9fc7e9f101b71845ef587de2/sprites/pokemon/349.png,https://raw.githubusercontent.com/PokeAPI/sprites/1dce80ceb372675e9fc7e9f101b71845ef587de2/sprites/pokemon/back/349.png,not_individually_verified,not_individually_verified
dex:milotic:base,350,美纳斯,base,https://raw.githubusercontent.com/PokeAPI/sprites/1dce80ceb372675e9fc7e9f101b71845ef587de2/sprites/pokemon/350.png,https://raw.githubusercontent.com/PokeAPI/sprites/1dce80ceb372675e9fc7e9f101b71845ef587de2/sprites/pokemon/back/350.png,not_individually_verified,not_individually_verified
dex:omni:rocket-bond:milotic,350,美纳斯 · 羁绊,rocket_bond_candidate,/rocket-art/milotic-front_default.png,/rocket-art/milotic-back_default.png,not_individually_verified,not_individually_verified
dex:milotic:base:dynamax,350,美纳斯 · 极巨化,dynamax,https://raw.githubusercontent.com/PokeAPI/sprites/1dce80ceb372675e9fc7e9f101b71845ef587de2/sprites/pokemon/350.png,https://raw.githubusercontent.com/PokeAPI/sprites/1dce80ceb372675e9fc7e9f101b71845ef587de2/sprites/pokemon/back/350.png,not_individually_verified,not_individually_verified
dex:omni:ultra58:415,350,美纳斯 Z,source_variant,/ultra-art/415-front_default.png,/ultra-art/415-back_default.png,not_individually_verified,not_individually_verified
dex:castform:base,351,飘浮泡泡,base,https://raw.githubusercontent.com/PokeAPI/sprites/1dce80ceb372675e9fc7e9f101b71845ef587de2/sprites/pokemon/351.png,https://raw.githubusercontent.com/PokeAPI/sprites/1dce80ceb372675e9fc7e9f101b71845ef587de2/sprites/pokemon/back/351.png,not_individually_verified,not_individually_verified
dex:form:castformrainy,351,飘浮泡泡 · 雨水的样子,battle_state,https://raw.githubusercontent.com/PokeAPI/sprites/1dce80ceb372675e9fc7e9f101b71845ef587de2/sprites/pokemon/10014.png,https://raw.githubusercontent.com/PokeAPI/sprites/1dce80ceb372675e9fc7e9f101b71845ef587de2/sprites/pokemon/back/10014.png,not_individually_verified,not_individually_verified
dex:form:castformsnowy,351,飘浮泡泡 · 雪云的样子,battle_state,https://raw.githubusercontent.com/PokeAPI/sprites/1dce80ceb372675e9fc7e9f101b71845ef587de2/sprites/pokemon/10015.png,https://raw.githubusercontent.com/PokeAPI/sprites/1dce80ceb372675e9fc7e9f101b71845ef587de2/sprites/pokemon/back/10015.png,not_individually_verified,not_individually_verified
dex:form:castformsunny,351,飘浮泡泡 · 太阳的样子,battle_state,https://raw.githubusercontent.com/PokeAPI/sprites/1dce80ceb372675e9fc7e9f101b71845ef587de2/sprites/pokemon/10013.png,https://raw.githubusercontent.com/PokeAPI/sprites/1dce80ceb372675e9fc7e9f101b71845ef587de2/sprites/pokemon/back/10013.png,not_individually_verified,not_individually_verified
dex:kecleon:base,352,变隐龙,base,https://raw.githubusercontent.com/PokeAPI/sprites/1dce80ceb372675e9fc7e9f101b71845ef587de2/sprites/pokemon/352.png,https://raw.githubusercontent.com/PokeAPI/sprites/1dce80ceb372675e9fc7e9f101b71845ef587de2/sprites/pokemon/back/352.png,not_individually_verified,not_individually_verified
dex:shuppet:base,353,怨影娃娃,base,https://raw.githubusercontent.com/PokeAPI/sprites/1dce80ceb372675e9fc7e9f101b71845ef587de2/sprites/pokemon/353.png,https://raw.githubusercontent.com/PokeAPI/sprites/1dce80ceb372675e9fc7e9f101b71845ef587de2/sprites/pokemon/back/353.png,not_individually_verified,not_individually_verified
dex:banette:base,354,诅咒娃娃,base,https://raw.githubusercontent.com/PokeAPI/sprites/1dce80ceb372675e9fc7e9f101b71845ef587de2/sprites/pokemon/354.png,https://raw.githubusercontent.com/PokeAPI/sprites/1dce80ceb372675e9fc7e9f101b71845ef587de2/sprites/pokemon/back/354.png,not_individually_verified,not_individually_verified
dex:form:banettemega,354,诅咒娃娃 · 超级进化,mega,https://raw.githubusercontent.com/PokeAPI/sprites/1dce80ceb372675e9fc7e9f101b71845ef587de2/sprites/pokemon/10056.png,https://raw.githubusercontent.com/PokeAPI/sprites/1dce80ceb372675e9fc7e9f101b71845ef587de2/sprites/pokemon/back/10056.png,not_individually_verified,not_individually_verified
dex:duskull:base,355,夜巡灵,base,https://raw.githubusercontent.com/PokeAPI/sprites/1dce80ceb372675e9fc7e9f101b71845ef587de2/sprites/pokemon/355.png,https://raw.githubusercontent.com/PokeAPI/sprites/1dce80ceb372675e9fc7e9f101b71845ef587de2/sprites/pokemon/back/355.png,not_individually_verified,not_individually_verified
dex:duskull:base:dynamax,355,夜巡灵 · 极巨化,dynamax,https://raw.githubusercontent.com/PokeAPI/sprites/1dce80ceb372675e9fc7e9f101b71845ef587de2/sprites/pokemon/355.png,https://raw.githubusercontent.com/PokeAPI/sprites/1dce80ceb372675e9fc7e9f101b71845ef587de2/sprites/pokemon/back/355.png,not_individually_verified,not_individually_verified
dex:dusclops:base,356,彷徨夜灵,base,https://raw.githubusercontent.com/PokeAPI/sprites/1dce80ceb372675e9fc7e9f101b71845ef587de2/sprites/pokemon/356.png,https://raw.githubusercontent.com/PokeAPI/sprites/1dce80ceb372675e9fc7e9f101b71845ef587de2/sprites/pokemon/back/356.png,not_individually_verified,not_individually_verified
dex:dusclops:base:dynamax,356,彷徨夜灵 · 极巨化,dynamax,https://raw.githubusercontent.com/PokeAPI/sprites/1dce80ceb372675e9fc7e9f101b71845ef587de2/sprites/pokemon/356.png,https://raw.githubusercontent.com/PokeAPI/sprites/1dce80ceb372675e9fc7e9f101b71845ef587de2/sprites/pokemon/back/356.png,not_individually_verified,not_individually_verified
dex:tropius:base,357,热带龙,base,https://raw.githubusercontent.com/PokeAPI/sprites/1dce80ceb372675e9fc7e9f101b71845ef587de2/sprites/pokemon/357.png,https://raw.githubusercontent.com/PokeAPI/sprites/1dce80ceb372675e9fc7e9f101b71845ef587de2/sprites/pokemon/back/357.png,not_individually_verified,not_individually_verified
dex:chimecho:base,358,风铃铃,base,https://raw.githubusercontent.com/PokeAPI/sprites/1dce80ceb372675e9fc7e9f101b71845ef587de2/sprites/pokemon/358.png,https://raw.githubusercontent.com/PokeAPI/sprites/1dce80ceb372675e9fc7e9f101b71845ef587de2/sprites/pokemon/back/358.png,not_individually_verified,not_individually_verified
dex:form:chimechomega,358,风铃铃 · 超级进化,mega,https://raw.githubusercontent.com/PokeAPI/sprites/1dce80ceb372675e9fc7e9f101b71845ef587de2/sprites/pokemon/10306.png,https://raw.githubusercontent.com/PokeAPI/sprites/1dce80ceb372675e9fc7e9f101b71845ef587de2/sprites/pokemon/back/10306.png,not_individually_verified,not_individually_verified
dex:absol:base,359,阿勃梭鲁,base,https://raw.githubusercontent.com/PokeAPI/sprites/1dce80ceb372675e9fc7e9f101b71845ef587de2/sprites/pokemon/359.png,https://raw.githubusercontent.com/PokeAPI/sprites/1dce80ceb372675e9fc7e9f101b71845ef587de2/sprites/pokemon/back/359.png,not_individually_verified,not_individually_verified
dex:form:absolmega,359,阿勃梭鲁 · 超级进化,mega,https://raw.githubusercontent.com/PokeAPI/sprites/1dce80ceb372675e9fc7e9f101b71845ef587de2/sprites/pokemon/10057.png,https://raw.githubusercontent.com/PokeAPI/sprites/1dce80ceb372675e9fc7e9f101b71845ef587de2/sprites/pokemon/back/10057.png,not_individually_verified,not_individually_verified
dex:form:absolmegaz,359,阿勃梭鲁 · 超级进化 Z,mega,https://raw.githubusercontent.com/PokeAPI/sprites/1dce80ceb372675e9fc7e9f101b71845ef587de2/sprites/pokemon/10307.png,https://raw.githubusercontent.com/PokeAPI/sprites/1dce80ceb372675e9fc7e9f101b71845ef587de2/sprites/pokemon/back/10307.png,not_individually_verified,not_individually_verified
dex:absol:base:dynamax,359,阿勃梭鲁 · 极巨化,dynamax,https://raw.githubusercontent.com/PokeAPI/sprites/1dce80ceb372675e9fc7e9f101b71845ef587de2/sprites/pokemon/359.png,https://raw.githubusercontent.com/PokeAPI/sprites/1dce80ceb372675e9fc7e9f101b71845ef587de2/sprites/pokemon/back/359.png,not_individually_verified,not_individually_verified
dex:wynaut:base,360,小果然,base,https://raw.githubusercontent.com/PokeAPI/sprites/1dce80ceb372675e9fc7e9f101b71845ef587de2/sprites/pokemon/360.png,https://raw.githubusercontent.com/PokeAPI/sprites/1dce80ceb372675e9fc7e9f101b71845ef587de2/sprites/pokemon/back/360.png,not_individually_verified,not_individually_verified
dex:wynaut:base:dynamax,360,小果然 · 极巨化,dynamax,https://raw.githubusercontent.com/PokeAPI/sprites/1dce80ceb372675e9fc7e9f101b71845ef587de2/sprites/pokemon/360.png,https://raw.githubusercontent.com/PokeAPI/sprites/1dce80ceb372675e9fc7e9f101b71845ef587de2/sprites/pokemon/back/360.png,not_individually_verified,not_individually_verified
dex:snorunt:base,361,雪童子,base,https://raw.githubusercontent.com/PokeAPI/sprites/1dce80ceb372675e9fc7e9f101b71845ef587de2/sprites/pokemon/361.png,https://raw.githubusercontent.com/PokeAPI/sprites/1dce80ceb372675e9fc7e9f101b71845ef587de2/sprites/pokemon/back/361.png,not_individually_verified,not_individually_verified
dex:snorunt:base:dynamax,361,雪童子 · 极巨化,dynamax,https://raw.githubusercontent.com/PokeAPI/sprites/1dce80ceb372675e9fc7e9f101b71845ef587de2/sprites/pokemon/361.png,https://raw.githubusercontent.com/PokeAPI/sprites/1dce80ceb372675e9fc7e9f101b71845ef587de2/sprites/pokemon/back/361.png,not_individually_verified,not_individually_verified
dex:glalie:base,362,冰鬼护,base,https://raw.githubusercontent.com/PokeAPI/sprites/1dce80ceb372675e9fc7e9f101b71845ef587de2/sprites/pokemon/362.png,https://raw.githubusercontent.com/PokeAPI/sprites/1dce80ceb372675e9fc7e9f101b71845ef587de2/sprites/pokemon/back/362.png,not_individually_verified,not_individually_verified
dex:form:glaliemega,362,冰鬼护 · 超级进化,mega,https://raw.githubusercontent.com/PokeAPI/sprites/1dce80ceb372675e9fc7e9f101b71845ef587de2/sprites/pokemon/10074.png,https://raw.githubusercontent.com/PokeAPI/sprites/1dce80ceb372675e9fc7e9f101b71845ef587de2/sprites/pokemon/back/10074.png,not_individually_verified,not_individually_verified
dex:glalie:base:dynamax,362,冰鬼护 · 极巨化,dynamax,https://raw.githubusercontent.com/PokeAPI/sprites/1dce80ceb372675e9fc7e9f101b71845ef587de2/sprites/pokemon/362.png,https://raw.githubusercontent.com/PokeAPI/sprites/1dce80ceb372675e9fc7e9f101b71845ef587de2/sprites/pokemon/back/362.png,not_individually_verified,not_individually_verified
dex:spheal:base,363,海豹球,base,https://raw.githubusercontent.com/PokeAPI/sprites/1dce80ceb372675e9fc7e9f101b71845ef587de2/sprites/pokemon/363.png,https://raw.githubusercontent.com/PokeAPI/sprites/1dce80ceb372675e9fc7e9f101b71845ef587de2/sprites/pokemon/back/363.png,not_individually_verified,not_individually_verified
dex:spheal:base:dynamax,363,海豹球 · 极巨化,dynamax,https://raw.githubusercontent.com/PokeAPI/sprites/1dce80ceb372675e9fc7e9f101b71845ef587de2/sprites/pokemon/363.png,https://raw.githubusercontent.com/PokeAPI/sprites/1dce80ceb372675e9fc7e9f101b71845ef587de2/sprites/pokemon/back/363.png,not_individually_verified,not_individually_verified
dex:sealeo:base,364,海魔狮,base,https://raw.githubusercontent.com/PokeAPI/sprites/1dce80ceb372675e9fc7e9f101b71845ef587de2/sprites/pokemon/364.png,https://raw.githubusercontent.com/PokeAPI/sprites/1dce80ceb372675e9fc7e9f101b71845ef587de2/sprites/pokemon/back/364.png,not_individually_verified,not_individually_verified
dex:sealeo:base:dynamax,364,海魔狮 · 极巨化,dynamax,https://raw.githubusercontent.com/PokeAPI/sprites/1dce80ceb372675e9fc7e9f101b71845ef587de2/sprites/pokemon/364.png,https://raw.githubusercontent.com/PokeAPI/sprites/1dce80ceb372675e9fc7e9f101b71845ef587de2/sprites/pokemon/back/364.png,not_individually_verified,not_individually_verified
dex:walrein:base,365,帝牙海狮,base,https://raw.githubusercontent.com/PokeAPI/sprites/1dce80ceb372675e9fc7e9f101b71845ef587de2/sprites/pokemon/365.png,https://raw.githubusercontent.com/PokeAPI/sprites/1dce80ceb372675e9fc7e9f101b71845ef587de2/sprites/pokemon/back/365.png,not_individually_verified,not_individually_verified
dex:walrein:base:dynamax,365,帝牙海狮 · 极巨化,dynamax,https://raw.githubusercontent.com/PokeAPI/sprites/1dce80ceb372675e9fc7e9f101b71845ef587de2/sprites/pokemon/365.png,https://raw.githubusercontent.com/PokeAPI/sprites/1dce80ceb372675e9fc7e9f101b71845ef587de2/sprites/pokemon/back/365.png,not_individually_verified,not_individually_verified
dex:clamperl:base,366,珍珠贝,base,https://raw.githubusercontent.com/PokeAPI/sprites/1dce80ceb372675e9fc7e9f101b71845ef587de2/sprites/pokemon/366.png,https://raw.githubusercontent.com/PokeAPI/sprites/1dce80ceb372675e9fc7e9f101b71845ef587de2/sprites/pokemon/back/366.png,not_individually_verified,not_individually_verified
dex:huntail:base,367,猎斑鱼,base,https://raw.githubusercontent.com/PokeAPI/sprites/1dce80ceb372675e9fc7e9f101b71845ef587de2/sprites/pokemon/367.png,https://raw.githubusercontent.com/PokeAPI/sprites/1dce80ceb372675e9fc7e9f101b71845ef587de2/sprites/pokemon/back/367.png,not_individually_verified,not_individually_verified
dex:gorebyss:base,368,樱花鱼,base,https://raw.githubusercontent.com/PokeAPI/sprites/1dce80ceb372675e9fc7e9f101b71845ef587de2/sprites/pokemon/368.png,https://raw.githubusercontent.com/PokeAPI/sprites/1dce80ceb372675e9fc7e9f101b71845ef587de2/sprites/pokemon/back/368.png,not_individually_verified,not_individually_verified
dex:relicanth:base,369,古空棘鱼,base,https://raw.githubusercontent.com/PokeAPI/sprites/1dce80ceb372675e9fc7e9f101b71845ef587de2/sprites/pokemon/369.png,https://raw.githubusercontent.com/PokeAPI/sprites/1dce80ceb372675e9fc7e9f101b71845ef587de2/sprites/pokemon/back/369.png,not_individually_verified,not_individually_verified
dex:relicanth:base:dynamax,369,古空棘鱼 · 极巨化,dynamax,https://raw.githubusercontent.com/PokeAPI/sprites/1dce80ceb372675e9fc7e9f101b71845ef587de2/sprites/pokemon/369.png,https://raw.githubusercontent.com/PokeAPI/sprites/1dce80ceb372675e9fc7e9f101b71845ef587de2/sprites/pokemon/back/369.png,not_individually_verified,not_individually_verified
dex:luvdisc:base,370,爱心鱼,base,https://raw.githubusercontent.com/PokeAPI/sprites/1dce80ceb372675e9fc7e9f101b71845ef587de2/sprites/pokemon/370.png,https://raw.githubusercontent.com/PokeAPI/sprites/1dce80ceb372675e9fc7e9f101b71845ef587de2/sprites/pokemon/back/370.png,not_individually_verified,not_individually_verified
dex:bagon:base,371,宝贝龙,base,https://raw.githubusercontent.com/PokeAPI/sprites/1dce80ceb372675e9fc7e9f101b71845ef587de2/sprites/pokemon/371.png,https://raw.githubusercontent.com/PokeAPI/sprites/1dce80ceb372675e9fc7e9f101b71845ef587de2/sprites/pokemon/back/371.png,not_individually_verified,not_individually_verified
dex:bagon:base:dynamax,371,宝贝龙 · 极巨化,dynamax,https://raw.githubusercontent.com/PokeAPI/sprites/1dce80ceb372675e9fc7e9f101b71845ef587de2/sprites/pokemon/371.png,https://raw.githubusercontent.com/PokeAPI/sprites/1dce80ceb372675e9fc7e9f101b71845ef587de2/sprites/pokemon/back/371.png,not_individually_verified,not_individually_verified
dex:shelgon:base,372,甲壳龙,base,https://raw.githubusercontent.com/PokeAPI/sprites/1dce80ceb372675e9fc7e9f101b71845ef587de2/sprites/pokemon/372.png,https://raw.githubusercontent.com/PokeAPI/sprites/1dce80ceb372675e9fc7e9f101b71845ef587de2/sprites/pokemon/back/372.png,not_individually_verified,not_individually_verified
dex:shelgon:base:dynamax,372,甲壳龙 · 极巨化,dynamax,https://raw.githubusercontent.com/PokeAPI/sprites/1dce80ceb372675e9fc7e9f101b71845ef587de2/sprites/pokemon/372.png,https://raw.githubusercontent.com/PokeAPI/sprites/1dce80ceb372675e9fc7e9f101b71845ef587de2/sprites/pokemon/back/372.png,not_individually_verified,not_individually_verified
dex:salamence:base,373,暴飞龙,base,https://raw.githubusercontent.com/PokeAPI/sprites/1dce80ceb372675e9fc7e9f101b71845ef587de2/sprites/pokemon/373.png,https://raw.githubusercontent.com/PokeAPI/sprites/1dce80ceb372675e9fc7e9f101b71845ef587de2/sprites/pokemon/back/373.png,not_individually_verified,not_individually_verified
dex:form:salamencemega,373,暴飞龙 · 超级进化,mega,https://raw.githubusercontent.com/PokeAPI/sprites/1dce80ceb372675e9fc7e9f101b71845ef587de2/sprites/pokemon/10089.png,https://raw.githubusercontent.com/PokeAPI/sprites/1dce80ceb372675e9fc7e9f101b71845ef587de2/sprites/pokemon/back/10089.png,not_individually_verified,not_individually_verified
dex:salamence:base:dynamax,373,暴飞龙 · 极巨化,dynamax,https://raw.githubusercontent.com/PokeAPI/sprites/1dce80ceb372675e9fc7e9f101b71845ef587de2/sprites/pokemon/373.png,https://raw.githubusercontent.com/PokeAPI/sprites/1dce80ceb372675e9fc7e9f101b71845ef587de2/sprites/pokemon/back/373.png,not_individually_verified,not_individually_verified
dex:beldum:base,374,铁哑铃,base,https://raw.githubusercontent.com/PokeAPI/sprites/1dce80ceb372675e9fc7e9f101b71845ef587de2/sprites/pokemon/374.png,https://raw.githubusercontent.com/PokeAPI/sprites/1dce80ceb372675e9fc7e9f101b71845ef587de2/sprites/pokemon/back/374.png,not_individually_verified,not_individually_verified
dex:beldum:base:dynamax,374,铁哑铃 · 极巨化,dynamax,https://raw.githubusercontent.com/PokeAPI/sprites/1dce80ceb372675e9fc7e9f101b71845ef587de2/sprites/pokemon/374.png,https://raw.githubusercontent.com/PokeAPI/sprites/1dce80ceb372675e9fc7e9f101b71845ef587de2/sprites/pokemon/back/374.png,not_individually_verified,not_individually_verified
dex:metang:base,375,金属怪,base,https://raw.githubusercontent.com/PokeAPI/sprites/1dce80ceb372675e9fc7e9f101b71845ef587de2/sprites/pokemon/375.png,https://raw.githubusercontent.com/PokeAPI/sprites/1dce80ceb372675e9fc7e9f101b71845ef587de2/sprites/pokemon/back/375.png,not_individually_verified,not_individually_verified
dex:metang:base:dynamax,375,金属怪 · 极巨化,dynamax,https://raw.githubusercontent.com/PokeAPI/sprites/1dce80ceb372675e9fc7e9f101b71845ef587de2/sprites/pokemon/375.png,https://raw.githubusercontent.com/PokeAPI/sprites/1dce80ceb372675e9fc7e9f101b71845ef587de2/sprites/pokemon/back/375.png,not_individually_verified,not_individually_verified
dex:metagross:base,376,巨金怪,base,https://raw.githubusercontent.com/PokeAPI/sprites/1dce80ceb372675e9fc7e9f101b71845ef587de2/sprites/pokemon/376.png,https://raw.githubusercontent.com/PokeAPI/sprites/1dce80ceb372675e9fc7e9f101b71845ef587de2/sprites/pokemon/back/376.png,not_individually_verified,not_individually_verified
dex:form:metagrossmega,376,巨金怪 · 超级进化,mega,https://raw.githubusercontent.com/PokeAPI/sprites/1dce80ceb372675e9fc7e9f101b71845ef587de2/sprites/pokemon/10076.png,https://raw.githubusercontent.com/PokeAPI/sprites/1dce80ceb372675e9fc7e9f101b71845ef587de2/sprites/pokemon/back/10076.png,not_individually_verified,not_individually_verified
dex:metagross:base:dynamax,376,巨金怪 · 极巨化,dynamax,https://raw.githubusercontent.com/PokeAPI/sprites/1dce80ceb372675e9fc7e9f101b71845ef587de2/sprites/pokemon/376.png,https://raw.githubusercontent.com/PokeAPI/sprites/1dce80ceb372675e9fc7e9f101b71845ef587de2/sprites/pokemon/back/376.png,not_individually_verified,not_individually_verified
dex:regirock:base,377,雷吉洛克,base,https://raw.githubusercontent.com/PokeAPI/sprites/1dce80ceb372675e9fc7e9f101b71845ef587de2/sprites/pokemon/377.png,https://raw.githubusercontent.com/PokeAPI/sprites/1dce80ceb372675e9fc7e9f101b71845ef587de2/sprites/pokemon/back/377.png,not_individually_verified,not_individually_verified
dex:regirock:base:dynamax,377,雷吉洛克 · 极巨化,dynamax,https://raw.githubusercontent.com/PokeAPI/sprites/1dce80ceb372675e9fc7e9f101b71845ef587de2/sprites/pokemon/377.png,https://raw.githubusercontent.com/PokeAPI/sprites/1dce80ceb372675e9fc7e9f101b71845ef587de2/sprites/pokemon/back/377.png,not_individually_verified,not_individually_verified
dex:regice:base,378,雷吉艾斯,base,https://raw.githubusercontent.com/PokeAPI/sprites/1dce80ceb372675e9fc7e9f101b71845ef587de2/sprites/pokemon/378.png,https://raw.githubusercontent.com/PokeAPI/sprites/1dce80ceb372675e9fc7e9f101b71845ef587de2/sprites/pokemon/back/378.png,not_individually_verified,not_individually_verified
dex:regice:base:dynamax,378,雷吉艾斯 · 极巨化,dynamax,https://raw.githubusercontent.com/PokeAPI/sprites/1dce80ceb372675e9fc7e9f101b71845ef587de2/sprites/pokemon/378.png,https://raw.githubusercontent.com/PokeAPI/sprites/1dce80ceb372675e9fc7e9f101b71845ef587de2/sprites/pokemon/back/378.png,not_individually_verified,not_individually_verified
dex:registeel:base,379,雷吉斯奇鲁,base,https://raw.githubusercontent.com/PokeAPI/sprites/1dce80ceb372675e9fc7e9f101b71845ef587de2/sprites/pokemon/379.png,https://raw.githubusercontent.com/PokeAPI/sprites/1dce80ceb372675e9fc7e9f101b71845ef587de2/sprites/pokemon/back/379.png,not_individually_verified,not_individually_verified
dex:registeel:base:dynamax,379,雷吉斯奇鲁 · 极巨化,dynamax,https://raw.githubusercontent.com/PokeAPI/sprites/1dce80ceb372675e9fc7e9f101b71845ef587de2/sprites/pokemon/379.png,https://raw.githubusercontent.com/PokeAPI/sprites/1dce80ceb372675e9fc7e9f101b71845ef587de2/sprites/pokemon/back/379.png,not_individually_verified,not_individually_verified
dex:latias:base,380,拉帝亚斯,base,https://raw.githubusercontent.com/PokeAPI/sprites/1dce80ceb372675e9fc7e9f101b71845ef587de2/sprites/pokemon/380.png,https://raw.githubusercontent.com/PokeAPI/sprites/1dce80ceb372675e9fc7e9f101b71845ef587de2/sprites/pokemon/back/380.png,not_individually_verified,not_individually_verified
dex:form:latiasmega,380,拉帝亚斯 · 超级进化,mega,https://raw.githubusercontent.com/PokeAPI/sprites/1dce80ceb372675e9fc7e9f101b71845ef587de2/sprites/pokemon/10062.png,https://raw.githubusercontent.com/PokeAPI/sprites/1dce80ceb372675e9fc7e9f101b71845ef587de2/sprites/pokemon/back/10062.png,not_individually_verified,not_individually_verified
dex:latias:base:dynamax,380,拉帝亚斯 · 极巨化,dynamax,https://raw.githubusercontent.com/PokeAPI/sprites/1dce80ceb372675e9fc7e9f101b71845ef587de2/sprites/pokemon/380.png,https://raw.githubusercontent.com/PokeAPI/sprites/1dce80ceb372675e9fc7e9f101b71845ef587de2/sprites/pokemon/back/380.png,not_individually_verified,not_individually_verified
dex:latios:base,381,拉帝欧斯,base,https://raw.githubusercontent.com/PokeAPI/sprites/1dce80ceb372675e9fc7e9f101b71845ef587de2/sprites/pokemon/381.png,https://raw.githubusercontent.com/PokeAPI/sprites/1dce80ceb372675e9fc7e9f101b71845ef587de2/sprites/pokemon/back/381.png,not_individually_verified,not_individually_verified
dex:form:latiosmega,381,拉帝欧斯 · 超级进化,mega,https://raw.githubusercontent.com/PokeAPI/sprites/1dce80ceb372675e9fc7e9f101b71845ef587de2/sprites/pokemon/10063.png,https://raw.githubusercontent.com/PokeAPI/sprites/1dce80ceb372675e9fc7e9f101b71845ef587de2/sprites/pokemon/back/10063.png,not_individually_verified,not_individually_verified
dex:latios:base:dynamax,381,拉帝欧斯 · 极巨化,dynamax,https://raw.githubusercontent.com/PokeAPI/sprites/1dce80ceb372675e9fc7e9f101b71845ef587de2/sprites/pokemon/381.png,https://raw.githubusercontent.com/PokeAPI/sprites/1dce80ceb372675e9fc7e9f101b71845ef587de2/sprites/pokemon/back/381.png,not_individually_verified,not_individually_verified
dex:kyogre:base,382,盖欧卡,base,https://raw.githubusercontent.com/PokeAPI/sprites/1dce80ceb372675e9fc7e9f101b71845ef587de2/sprites/pokemon/382.png,https://raw.githubusercontent.com/PokeAPI/sprites/1dce80ceb372675e9fc7e9f101b71845ef587de2/sprites/pokemon/back/382.png,not_individually_verified,not_individually_verified
dex:form:kyogreprimal,382,盖欧卡 · 原始回归的样子,primal_reversion,https://raw.githubusercontent.com/PokeAPI/sprites/1dce80ceb372675e9fc7e9f101b71845ef587de2/sprites/pokemon/10077.png,https://raw.githubusercontent.com/PokeAPI/sprites/1dce80ceb372675e9fc7e9f101b71845ef587de2/sprites/pokemon/back/10077.png,not_individually_verified,not_individually_verified
dex:kyogre:base:dynamax,382,盖欧卡 · 极巨化,dynamax,https://raw.githubusercontent.com/PokeAPI/sprites/1dce80ceb372675e9fc7e9f101b71845ef587de2/sprites/pokemon/382.png,https://raw.githubusercontent.com/PokeAPI/sprites/1dce80ceb372675e9fc7e9f101b71845ef587de2/sprites/pokemon/back/382.png,not_individually_verified,not_individually_verified
dex:groudon:base,383,固拉多,base,https://raw.githubusercontent.com/PokeAPI/sprites/1dce80ceb372675e9fc7e9f101b71845ef587de2/sprites/pokemon/383.png,https://raw.githubusercontent.com/PokeAPI/sprites/1dce80ceb372675e9fc7e9f101b71845ef587de2/sprites/pokemon/back/383.png,not_individually_verified,not_individually_verified
dex:form:groudonprimal,383,固拉多 · 原始回归的样子,primal_reversion,https://raw.githubusercontent.com/PokeAPI/sprites/1dce80ceb372675e9fc7e9f101b71845ef587de2/sprites/pokemon/10078.png,https://raw.githubusercontent.com/PokeAPI/sprites/1dce80ceb372675e9fc7e9f101b71845ef587de2/sprites/pokemon/back/10078.png,not_individually_verified,not_individually_verified
dex:groudon:base:dynamax,383,固拉多 · 极巨化,dynamax,https://raw.githubusercontent.com/PokeAPI/sprites/1dce80ceb372675e9fc7e9f101b71845ef587de2/sprites/pokemon/383.png,https://raw.githubusercontent.com/PokeAPI/sprites/1dce80ceb372675e9fc7e9f101b71845ef587de2/sprites/pokemon/back/383.png,not_individually_verified,not_individually_verified
dex:rayquaza:base,384,烈空坐,base,https://raw.githubusercontent.com/PokeAPI/sprites/1dce80ceb372675e9fc7e9f101b71845ef587de2/sprites/pokemon/384.png,https://raw.githubusercontent.com/PokeAPI/sprites/1dce80ceb372675e9fc7e9f101b71845ef587de2/sprites/pokemon/back/384.png,not_individually_verified,not_individually_verified
dex:form:rayquazamega,384,烈空坐 · 超级进化,mega,https://raw.githubusercontent.com/PokeAPI/sprites/1dce80ceb372675e9fc7e9f101b71845ef587de2/sprites/pokemon/10079.png,https://raw.githubusercontent.com/PokeAPI/sprites/1dce80ceb372675e9fc7e9f101b71845ef587de2/sprites/pokemon/back/10079.png,not_individually_verified,not_individually_verified
dex:rayquaza:base:dynamax,384,烈空坐 · 极巨化,dynamax,https://raw.githubusercontent.com/PokeAPI/sprites/1dce80ceb372675e9fc7e9f101b71845ef587de2/sprites/pokemon/384.png,https://raw.githubusercontent.com/PokeAPI/sprites/1dce80ceb372675e9fc7e9f101b71845ef587de2/sprites/pokemon/back/384.png,not_individually_verified,not_individually_verified
dex:jirachi:base,385,基拉祈,base,https://raw.githubusercontent.com/PokeAPI/sprites/1dce80ceb372675e9fc7e9f101b71845ef587de2/sprites/pokemon/385.png,https://raw.githubusercontent.com/PokeAPI/sprites/1dce80ceb372675e9fc7e9f101b71845ef587de2/sprites/pokemon/back/385.png,not_individually_verified,not_individually_verified
dex:omni:rocket-bond:jirachi,385,基拉祈 · 羁绊,rocket_bond_candidate,/rocket-art/jirachi-front_default.png,/rocket-art/jirachi-back_default.png,not_individually_verified,not_individually_verified
dex:jirachi:base:dynamax,385,基拉祈 · 极巨化,dynamax,https://raw.githubusercontent.com/PokeAPI/sprites/1dce80ceb372675e9fc7e9f101b71845ef587de2/sprites/pokemon/385.png,https://raw.githubusercontent.com/PokeAPI/sprites/1dce80ceb372675e9fc7e9f101b71845ef587de2/sprites/pokemon/back/385.png,not_individually_verified,not_individually_verified
dex:deoxys:base,386,代欧奇希斯,base,https://raw.githubusercontent.com/PokeAPI/sprites/1dce80ceb372675e9fc7e9f101b71845ef587de2/sprites/pokemon/386.png,https://raw.githubusercontent.com/PokeAPI/sprites/1dce80ceb372675e9fc7e9f101b71845ef587de2/sprites/pokemon/back/386.png,not_individually_verified,not_individually_verified
dex:form:deoxysattack,386,代欧奇希斯 · 攻击形态,special_form,https://raw.githubusercontent.com/PokeAPI/sprites/1dce80ceb372675e9fc7e9f101b71845ef587de2/sprites/pokemon/10001.png,https://raw.githubusercontent.com/PokeAPI/sprites/1dce80ceb372675e9fc7e9f101b71845ef587de2/sprites/pokemon/back/10001.png,not_individually_verified,not_individually_verified
dex:form:deoxysdefense,386,代欧奇希斯 · 防御形态,special_form,https://raw.githubusercontent.com/PokeAPI/sprites/1dce80ceb372675e9fc7e9f101b71845ef587de2/sprites/pokemon/10002.png,https://raw.githubusercontent.com/PokeAPI/sprites/1dce80ceb372675e9fc7e9f101b71845ef587de2/sprites/pokemon/back/10002.png,not_individually_verified,not_individually_verified
dex:form:deoxysspeed,386,代欧奇希斯 · 速度形态,special_form,https://raw.githubusercontent.com/PokeAPI/sprites/1dce80ceb372675e9fc7e9f101b71845ef587de2/sprites/pokemon/10003.png,https://raw.githubusercontent.com/PokeAPI/sprites/1dce80ceb372675e9fc7e9f101b71845ef587de2/sprites/pokemon/back/10003.png,not_individually_verified,not_individually_verified
dex:turtwig:base,387,草苗龟,base,https://raw.githubusercontent.com/PokeAPI/sprites/1dce80ceb372675e9fc7e9f101b71845ef587de2/sprites/pokemon/387.png,https://raw.githubusercontent.com/PokeAPI/sprites/1dce80ceb372675e9fc7e9f101b71845ef587de2/sprites/pokemon/back/387.png,not_individually_verified,not_individually_verified
dex:grotle:base,388,树林龟,base,https://raw.githubusercontent.com/PokeAPI/sprites/1dce80ceb372675e9fc7e9f101b71845ef587de2/sprites/pokemon/388.png,https://raw.githubusercontent.com/PokeAPI/sprites/1dce80ceb372675e9fc7e9f101b71845ef587de2/sprites/pokemon/back/388.png,not_individually_verified,not_individually_verified
dex:torterra:base,389,土台龟,base,https://raw.githubusercontent.com/PokeAPI/sprites/1dce80ceb372675e9fc7e9f101b71845ef587de2/sprites/pokemon/389.png,https://raw.githubusercontent.com/PokeAPI/sprites/1dce80ceb372675e9fc7e9f101b71845ef587de2/sprites/pokemon/back/389.png,not_individually_verified,not_individually_verified
dex:chimchar:base,390,小火焰猴,base,https://raw.githubusercontent.com/PokeAPI/sprites/1dce80ceb372675e9fc7e9f101b71845ef587de2/sprites/pokemon/390.png,https://raw.githubusercontent.com/PokeAPI/sprites/1dce80ceb372675e9fc7e9f101b71845ef587de2/sprites/pokemon/back/390.png,not_individually_verified,not_individually_verified
dex:monferno:base,391,猛火猴,base,https://raw.githubusercontent.com/PokeAPI/sprites/1dce80ceb372675e9fc7e9f101b71845ef587de2/sprites/pokemon/391.png,https://raw.githubusercontent.com/PokeAPI/sprites/1dce80ceb372675e9fc7e9f101b71845ef587de2/sprites/pokemon/back/391.png,not_individually_verified,not_individually_verified
dex:infernape:base,392,烈焰猴,base,https://raw.githubusercontent.com/PokeAPI/sprites/1dce80ceb372675e9fc7e9f101b71845ef587de2/sprites/pokemon/392.png,https://raw.githubusercontent.com/PokeAPI/sprites/1dce80ceb372675e9fc7e9f101b71845ef587de2/sprites/pokemon/back/392.png,not_individually_verified,not_individually_verified
dex:omni:ultra58:416,392,烈焰猴 X,source_variant,/ultra-art/416-front_default.png,/ultra-art/416-back_default.png,not_individually_verified,not_individually_verified
dex:piplup:base,393,波加曼,base,https://raw.githubusercontent.com/PokeAPI/sprites/1dce80ceb372675e9fc7e9f101b71845ef587de2/sprites/pokemon/393.png,https://raw.githubusercontent.com/PokeAPI/sprites/1dce80ceb372675e9fc7e9f101b71845ef587de2/sprites/pokemon/back/393.png,not_individually_verified,not_individually_verified
dex:prinplup:base,394,波皇子,base,https://raw.githubusercontent.com/PokeAPI/sprites/1dce80ceb372675e9fc7e9f101b71845ef587de2/sprites/pokemon/394.png,https://raw.githubusercontent.com/PokeAPI/sprites/1dce80ceb372675e9fc7e9f101b71845ef587de2/sprites/pokemon/back/394.png,not_individually_verified,not_individually_verified
dex:empoleon:base,395,帝王拿波,base,https://raw.githubusercontent.com/PokeAPI/sprites/1dce80ceb372675e9fc7e9f101b71845ef587de2/sprites/pokemon/395.png,https://raw.githubusercontent.com/PokeAPI/sprites/1dce80ceb372675e9fc7e9f101b71845ef587de2/sprites/pokemon/back/395.png,not_individually_verified,not_individually_verified
dex:omni:ultra58:423,395,帝王拿波 X,source_variant,/ultra-art/423-front_default.png,/ultra-art/423-back_default.png,not_individually_verified,not_individually_verified
dex:starly:base,396,姆克儿,base,https://raw.githubusercontent.com/PokeAPI/sprites/1dce80ceb372675e9fc7e9f101b71845ef587de2/sprites/pokemon/396.png,https://raw.githubusercontent.com/PokeAPI/sprites/1dce80ceb372675e9fc7e9f101b71845ef587de2/sprites/pokemon/back/396.png,not_individually_verified,not_individually_verified
dex:staravia:base,397,姆克鸟,base,https://raw.githubusercontent.com/PokeAPI/sprites/1dce80ceb372675e9fc7e9f101b71845ef587de2/sprites/pokemon/397.png,https://raw.githubusercontent.com/PokeAPI/sprites/1dce80ceb372675e9fc7e9f101b71845ef587de2/sprites/pokemon/back/397.png,not_individually_verified,not_individually_verified
dex:staraptor:base,398,姆克鹰,base,https://raw.githubusercontent.com/PokeAPI/sprites/1dce80ceb372675e9fc7e9f101b71845ef587de2/sprites/pokemon/398.png,https://raw.githubusercontent.com/PokeAPI/sprites/1dce80ceb372675e9fc7e9f101b71845ef587de2/sprites/pokemon/back/398.png,not_individually_verified,not_individually_verified
dex:form:staraptormega,398,姆克鹰 · 超级进化,mega,https://raw.githubusercontent.com/PokeAPI/sprites/1dce80ceb372675e9fc7e9f101b71845ef587de2/sprites/pokemon/10308.png,https://raw.githubusercontent.com/PokeAPI/sprites/1dce80ceb372675e9fc7e9f101b71845ef587de2/sprites/pokemon/back/10308.png,not_individually_verified,not_individually_verified
dex:bidoof:base,399,大牙狸,base,https://raw.githubusercontent.com/PokeAPI/sprites/1dce80ceb372675e9fc7e9f101b71845ef587de2/sprites/pokemon/399.png,https://raw.githubusercontent.com/PokeAPI/sprites/1dce80ceb372675e9fc7e9f101b71845ef587de2/sprites/pokemon/back/399.png,not_individually_verified,not_individually_verified
dex:bibarel:base,400,大尾狸,base,https://raw.githubusercontent.com/PokeAPI/sprites/1dce80ceb372675e9fc7e9f101b71845ef587de2/sprites/pokemon/400.png,https://raw.githubusercontent.com/PokeAPI/sprites/1dce80ceb372675e9fc7e9f101b71845ef587de2/sprites/pokemon/back/400.png,not_individually_verified,not_individually_verified
dex:kricketot:base,401,圆法师,base,https://raw.githubusercontent.com/PokeAPI/sprites/1dce80ceb372675e9fc7e9f101b71845ef587de2/sprites/pokemon/401.png,https://raw.githubusercontent.com/PokeAPI/sprites/1dce80ceb372675e9fc7e9f101b71845ef587de2/sprites/pokemon/back/401.png,not_individually_verified,not_individually_verified
dex:kricketune:base,402,音箱蟀,base,https://raw.githubusercontent.com/PokeAPI/sprites/1dce80ceb372675e9fc7e9f101b71845ef587de2/sprites/pokemon/402.png,https://raw.githubusercontent.com/PokeAPI/sprites/1dce80ceb372675e9fc7e9f101b71845ef587de2/sprites/pokemon/back/402.png,not_individually_verified,not_individually_verified
dex:shinx:base,403,小猫怪,base,https://raw.githubusercontent.com/PokeAPI/sprites/1dce80ceb372675e9fc7e9f101b71845ef587de2/sprites/pokemon/403.png,https://raw.githubusercontent.com/PokeAPI/sprites/1dce80ceb372675e9fc7e9f101b71845ef587de2/sprites/pokemon/back/403.png,not_individually_verified,not_individually_verified
dex:shinx:base:dynamax,403,小猫怪 · 极巨化,dynamax,https://raw.githubusercontent.com/PokeAPI/sprites/1dce80ceb372675e9fc7e9f101b71845ef587de2/sprites/pokemon/403.png,https://raw.githubusercontent.com/PokeAPI/sprites/1dce80ceb372675e9fc7e9f101b71845ef587de2/sprites/pokemon/back/403.png,not_individually_verified,not_individually_verified
dex:luxio:base,404,勒克猫,base,https://raw.githubusercontent.com/PokeAPI/sprites/1dce80ceb372675e9fc7e9f101b71845ef587de2/sprites/pokemon/404.png,https://raw.githubusercontent.com/PokeAPI/sprites/1dce80ceb372675e9fc7e9f101b71845ef587de2/sprites/pokemon/back/404.png,not_individually_verified,not_individually_verified
dex:luxio:base:dynamax,404,勒克猫 · 极巨化,dynamax,https://raw.githubusercontent.com/PokeAPI/sprites/1dce80ceb372675e9fc7e9f101b71845ef587de2/sprites/pokemon/404.png,https://raw.githubusercontent.com/PokeAPI/sprites/1dce80ceb372675e9fc7e9f101b71845ef587de2/sprites/pokemon/back/404.png,not_individually_verified,not_individually_verified
dex:luxray:base,405,伦琴猫,base,https://raw.githubusercontent.com/PokeAPI/sprites/1dce80ceb372675e9fc7e9f101b71845ef587de2/sprites/pokemon/405.png,https://raw.githubusercontent.com/PokeAPI/sprites/1dce80ceb372675e9fc7e9f101b71845ef587de2/sprites/pokemon/back/405.png,not_individually_verified,not_individually_verified
dex:luxray:base:dynamax,405,伦琴猫 · 极巨化,dynamax,https://raw.githubusercontent.com/PokeAPI/sprites/1dce80ceb372675e9fc7e9f101b71845ef587de2/sprites/pokemon/405.png,https://raw.githubusercontent.com/PokeAPI/sprites/1dce80ceb372675e9fc7e9f101b71845ef587de2/sprites/pokemon/back/405.png,not_individually_verified,not_individually_verified
dex:budew:base,406,含羞苞,base,https://raw.githubusercontent.com/PokeAPI/sprites/1dce80ceb372675e9fc7e9f101b71845ef587de2/sprites/pokemon/406.png,https://raw.githubusercontent.com/PokeAPI/sprites/1dce80ceb372675e9fc7e9f101b71845ef587de2/sprites/pokemon/back/406.png,not_individually_verified,not_individually_verified
dex:budew:base:dynamax,406,含羞苞 · 极巨化,dynamax,https://raw.githubusercontent.com/PokeAPI/sprites/1dce80ceb372675e9fc7e9f101b71845ef587de2/sprites/pokemon/406.png,https://raw.githubusercontent.com/PokeAPI/sprites/1dce80ceb372675e9fc7e9f101b71845ef587de2/sprites/pokemon/back/406.png,not_individually_verified,not_individually_verified
dex:roserade:base,407,罗丝雷朵,base,https://raw.githubusercontent.com/PokeAPI/sprites/1dce80ceb372675e9fc7e9f101b71845ef587de2/sprites/pokemon/407.png,https://raw.githubusercontent.com/PokeAPI/sprites/1dce80ceb372675e9fc7e9f101b71845ef587de2/sprites/pokemon/back/407.png,not_individually_verified,not_individually_verified
dex:roserade:base:dynamax,407,罗丝雷朵 · 极巨化,dynamax,https://raw.githubusercontent.com/PokeAPI/sprites/1dce80ceb372675e9fc7e9f101b71845ef587de2/sprites/pokemon/407.png,https://raw.githubusercontent.com/PokeAPI/sprites/1dce80ceb372675e9fc7e9f101b71845ef587de2/sprites/pokemon/back/407.png,not_individually_verified,not_individually_verified
dex:cranidos:base,408,头盖龙,base,https://raw.githubusercontent.com/PokeAPI/sprites/1dce80ceb372675e9fc7e9f101b71845ef587de2/sprites/pokemon/408.png,https://raw.githubusercontent.com/PokeAPI/sprites/1dce80ceb372675e9fc7e9f101b71845ef587de2/sprites/pokemon/back/408.png,not_individually_verified,not_individually_verified
dex:rampardos:base,409,战槌龙,base,https://raw.githubusercontent.com/PokeAPI/sprites/1dce80ceb372675e9fc7e9f101b71845ef587de2/sprites/pokemon/409.png,https://raw.githubusercontent.com/PokeAPI/sprites/1dce80ceb372675e9fc7e9f101b71845ef587de2/sprites/pokemon/back/409.png,not_individually_verified,not_individually_verified
dex:shieldon:base,410,盾甲龙,base,https://raw.githubusercontent.com/PokeAPI/sprites/1dce80ceb372675e9fc7e9f101b71845ef587de2/sprites/pokemon/410.png,https://raw.githubusercontent.com/PokeAPI/sprites/1dce80ceb372675e9fc7e9f101b71845ef587de2/sprites/pokemon/back/410.png,not_individually_verified,not_individually_verified
dex:bastiodon:base,411,护城龙,base,https://raw.githubusercontent.com/PokeAPI/sprites/1dce80ceb372675e9fc7e9f101b71845ef587de2/sprites/pokemon/411.png,https://raw.githubusercontent.com/PokeAPI/sprites/1dce80ceb372675e9fc7e9f101b71845ef587de2/sprites/pokemon/back/411.png,not_individually_verified,not_individually_verified
dex:burmy:base,412,结草儿,base,https://raw.githubusercontent.com/PokeAPI/sprites/1dce80ceb372675e9fc7e9f101b71845ef587de2/sprites/pokemon/412.png,https://raw.githubusercontent.com/PokeAPI/sprites/1dce80ceb372675e9fc7e9f101b71845ef587de2/sprites/pokemon/back/412.png,not_individually_verified,not_individually_verified
dex:form:burmysandy,412,结草儿 · 砂土蓑衣,cosmetic,https://raw.githubusercontent.com/PokeAPI/sprites/1dce80ceb372675e9fc7e9f101b71845ef587de2/sprites/pokemon/412-sandy.png,https://raw.githubusercontent.com/PokeAPI/sprites/1dce80ceb372675e9fc7e9f101b71845ef587de2/sprites/pokemon/back/412-sandy.png,not_individually_verified,not_individually_verified
dex:form:burmytrash,412,结草儿 · 垃圾蓑衣,cosmetic,https://raw.githubusercontent.com/PokeAPI/sprites/1dce80ceb372675e9fc7e9f101b71845ef587de2/sprites/pokemon/412-trash.png,https://raw.githubusercontent.com/PokeAPI/sprites/1dce80ceb372675e9fc7e9f101b71845ef587de2/sprites/pokemon/back/412-trash.png,not_individually_verified,not_individually_verified
dex:wormadam:base,413,结草贵妇,base,https://raw.githubusercontent.com/PokeAPI/sprites/1dce80ceb372675e9fc7e9f101b71845ef587de2/sprites/pokemon/413.png,https://raw.githubusercontent.com/PokeAPI/sprites/1dce80ceb372675e9fc7e9f101b71845ef587de2/sprites/pokemon/back/413.png,not_individually_verified,not_individually_verified
dex:form:wormadamsandy,413,结草贵妇 · 砂土蓑衣,special_form,https://raw.githubusercontent.com/PokeAPI/sprites/1dce80ceb372675e9fc7e9f101b71845ef587de2/sprites/pokemon/10004.png,https://raw.githubusercontent.com/PokeAPI/sprites/1dce80ceb372675e9fc7e9f101b71845ef587de2/sprites/pokemon/back/10004.png,not_individually_verified,not_individually_verified
dex:form:wormadamtrash,413,结草贵妇 · 垃圾蓑衣,special_form,https://raw.githubusercontent.com/PokeAPI/sprites/1dce80ceb372675e9fc7e9f101b71845ef587de2/sprites/pokemon/10005.png,https://raw.githubusercontent.com/PokeAPI/sprites/1dce80ceb372675e9fc7e9f101b71845ef587de2/sprites/pokemon/back/10005.png,not_individually_verified,not_individually_verified
dex:mothim:base,414,绅士蛾,base,https://raw.githubusercontent.com/PokeAPI/sprites/1dce80ceb372675e9fc7e9f101b71845ef587de2/sprites/pokemon/414.png,https://raw.githubusercontent.com/PokeAPI/sprites/1dce80ceb372675e9fc7e9f101b71845ef587de2/sprites/pokemon/back/414.png,not_individually_verified,not_individually_verified
dex:combee:base,415,三蜜蜂,base,https://raw.githubusercontent.com/PokeAPI/sprites/1dce80ceb372675e9fc7e9f101b71845ef587de2/sprites/pokemon/415.png,https://raw.githubusercontent.com/PokeAPI/sprites/1dce80ceb372675e9fc7e9f101b71845ef587de2/sprites/pokemon/back/415.png,not_individually_verified,not_individually_verified
dex:combee:base:dynamax,415,三蜜蜂 · 极巨化,dynamax,https://raw.githubusercontent.com/PokeAPI/sprites/1dce80ceb372675e9fc7e9f101b71845ef587de2/sprites/pokemon/415.png,https://raw.githubusercontent.com/PokeAPI/sprites/1dce80ceb372675e9fc7e9f101b71845ef587de2/sprites/pokemon/back/415.png,not_individually_verified,not_individually_verified
dex:vespiquen:base,416,蜂女王,base,https://raw.githubusercontent.com/PokeAPI/sprites/1dce80ceb372675e9fc7e9f101b71845ef587de2/sprites/pokemon/416.png,https://raw.githubusercontent.com/PokeAPI/sprites/1dce80ceb372675e9fc7e9f101b71845ef587de2/sprites/pokemon/back/416.png,not_individually_verified,not_individually_verified
dex:vespiquen:base:dynamax,416,蜂女王 · 极巨化,dynamax,https://raw.githubusercontent.com/PokeAPI/sprites/1dce80ceb372675e9fc7e9f101b71845ef587de2/sprites/pokemon/416.png,https://raw.githubusercontent.com/PokeAPI/sprites/1dce80ceb372675e9fc7e9f101b71845ef587de2/sprites/pokemon/back/416.png,not_individually_verified,not_individually_verified
dex:pachirisu:base,417,帕奇利兹,base,https://raw.githubusercontent.com/PokeAPI/sprites/1dce80ceb372675e9fc7e9f101b71845ef587de2/sprites/pokemon/417.png,https://raw.githubusercontent.com/PokeAPI/sprites/1dce80ceb372675e9fc7e9f101b71845ef587de2/sprites/pokemon/back/417.png,not_individually_verified,not_individually_verified
dex:buizel:base,418,泳圈鼬,base,https://raw.githubusercontent.com/PokeAPI/sprites/1dce80ceb372675e9fc7e9f101b71845ef587de2/sprites/pokemon/418.png,https://raw.githubusercontent.com/PokeAPI/sprites/1dce80ceb372675e9fc7e9f101b71845ef587de2/sprites/pokemon/back/418.png,not_individually_verified,not_individually_verified
dex:floatzel:base,419,浮潜鼬,base,https://raw.githubusercontent.com/PokeAPI/sprites/1dce80ceb372675e9fc7e9f101b71845ef587de2/sprites/pokemon/419.png,https://raw.githubusercontent.com/PokeAPI/sprites/1dce80ceb372675e9fc7e9f101b71845ef587de2/sprites/pokemon/back/419.png,not_individually_verified,not_individually_verified
dex:cherubi:base,420,樱花宝,base,https://raw.githubusercontent.com/PokeAPI/sprites/1dce80ceb372675e9fc7e9f101b71845ef587de2/sprites/pokemon/420.png,https://raw.githubusercontent.com/PokeAPI/sprites/1dce80ceb372675e9fc7e9f101b71845ef587de2/sprites/pokemon/back/420.png,not_individually_verified,not_individually_verified
dex:cherubi:base:dynamax,420,樱花宝 · 极巨化,dynamax,https://raw.githubusercontent.com/PokeAPI/sprites/1dce80ceb372675e9fc7e9f101b71845ef587de2/sprites/pokemon/420.png,https://raw.githubusercontent.com/PokeAPI/sprites/1dce80ceb372675e9fc7e9f101b71845ef587de2/sprites/pokemon/back/420.png,not_individually_verified,not_individually_verified
dex:cherrim:base,421,樱花儿,base,https://raw.githubusercontent.com/PokeAPI/sprites/1dce80ceb372675e9fc7e9f101b71845ef587de2/sprites/pokemon/421.png,https://raw.githubusercontent.com/PokeAPI/sprites/1dce80ceb372675e9fc7e9f101b71845ef587de2/sprites/pokemon/back/421.png,not_individually_verified,not_individually_verified
dex:cherrim:base:dynamax,421,樱花儿 · 极巨化,dynamax,https://raw.githubusercontent.com/PokeAPI/sprites/1dce80ceb372675e9fc7e9f101b71845ef587de2/sprites/pokemon/421.png,https://raw.githubusercontent.com/PokeAPI/sprites/1dce80ceb372675e9fc7e9f101b71845ef587de2/sprites/pokemon/back/421.png,not_individually_verified,not_individually_verified
dex:form:cherrimsunshine,421,樱花儿 · 晴天形态,battle_state,https://raw.githubusercontent.com/PokeAPI/sprites/1dce80ceb372675e9fc7e9f101b71845ef587de2/sprites/pokemon/421-sunshine.png,https://raw.githubusercontent.com/PokeAPI/sprites/1dce80ceb372675e9fc7e9f101b71845ef587de2/sprites/pokemon/back/421-sunshine.png,not_individually_verified,not_individually_verified
dex:shellos:base,422,无壳海兔,base,https://raw.githubusercontent.com/PokeAPI/sprites/1dce80ceb372675e9fc7e9f101b71845ef587de2/sprites/pokemon/422.png,https://raw.githubusercontent.com/PokeAPI/sprites/1dce80ceb372675e9fc7e9f101b71845ef587de2/sprites/pokemon/back/422.png,not_individually_verified,not_individually_verified
dex:form:shelloseast,422,无壳海兔 · 东海,cosmetic,https://raw.githubusercontent.com/PokeAPI/sprites/1dce80ceb372675e9fc7e9f101b71845ef587de2/sprites/pokemon/422-east.png,https://raw.githubusercontent.com/PokeAPI/sprites/1dce80ceb372675e9fc7e9f101b71845ef587de2/sprites/pokemon/back/422-east.png,not_individually_verified,not_individually_verified
dex:form:shelloseast:dynamax,422,无壳海兔 · 东海 · 极巨化,dynamax,https://raw.githubusercontent.com/PokeAPI/sprites/1dce80ceb372675e9fc7e9f101b71845ef587de2/sprites/pokemon/422-east.png,https://raw.githubusercontent.com/PokeAPI/sprites/1dce80ceb372675e9fc7e9f101b71845ef587de2/sprites/pokemon/back/422-east.png,not_individually_verified,not_individually_verified
dex:shellos:base:dynamax,422,无壳海兔 · 极巨化,dynamax,https://raw.githubusercontent.com/PokeAPI/sprites/1dce80ceb372675e9fc7e9f101b71845ef587de2/sprites/pokemon/422.png,https://raw.githubusercontent.com/PokeAPI/sprites/1dce80ceb372675e9fc7e9f101b71845ef587de2/sprites/pokemon/back/422.png,not_individually_verified,not_individually_verified
dex:gastrodon:base,423,海兔兽,base,https://raw.githubusercontent.com/PokeAPI/sprites/1dce80ceb372675e9fc7e9f101b71845ef587de2/sprites/pokemon/423.png,https://raw.githubusercontent.com/PokeAPI/sprites/1dce80ceb372675e9fc7e9f101b71845ef587de2/sprites/pokemon/back/423.png,not_individually_verified,not_individually_verified
dex:form:gastrodoneast,423,海兔兽 · 东海,cosmetic,https://raw.githubusercontent.com/PokeAPI/sprites/1dce80ceb372675e9fc7e9f101b71845ef587de2/sprites/pokemon/423-east.png,https://raw.githubusercontent.com/PokeAPI/sprites/1dce80ceb372675e9fc7e9f101b71845ef587de2/sprites/pokemon/back/423-east.png,not_individually_verified,not_individually_verified
dex:form:gastrodoneast:dynamax,423,海兔兽 · 东海 · 极巨化,dynamax,https://raw.githubusercontent.com/PokeAPI/sprites/1dce80ceb372675e9fc7e9f101b71845ef587de2/sprites/pokemon/423-east.png,https://raw.githubusercontent.com/PokeAPI/sprites/1dce80ceb372675e9fc7e9f101b71845ef587de2/sprites/pokemon/back/423-east.png,not_individually_verified,not_individually_verified
dex:gastrodon:base:dynamax,423,海兔兽 · 极巨化,dynamax,https://raw.githubusercontent.com/PokeAPI/sprites/1dce80ceb372675e9fc7e9f101b71845ef587de2/sprites/pokemon/423.png,https://raw.githubusercontent.com/PokeAPI/sprites/1dce80ceb372675e9fc7e9f101b71845ef587de2/sprites/pokemon/back/423.png,not_individually_verified,not_individually_verified
dex:ambipom:base,424,双尾怪手,base,https://raw.githubusercontent.com/PokeAPI/sprites/1dce80ceb372675e9fc7e9f101b71845ef587de2/sprites/pokemon/424.png,https://raw.githubusercontent.com/PokeAPI/sprites/1dce80ceb372675e9fc7e9f101b71845ef587de2/sprites/pokemon/back/424.png,not_individually_verified,not_individually_verified
dex:drifloon:base,425,飘飘球,base,https://raw.githubusercontent.com/PokeAPI/sprites/1dce80ceb372675e9fc7e9f101b71845ef587de2/sprites/pokemon/425.png,https://raw.githubusercontent.com/PokeAPI/sprites/1dce80ceb372675e9fc7e9f101b71845ef587de2/sprites/pokemon/back/425.png,not_individually_verified,not_individually_verified
dex:drifloon:base:dynamax,425,飘飘球 · 极巨化,dynamax,https://raw.githubusercontent.com/PokeAPI/sprites/1dce80ceb372675e9fc7e9f101b71845ef587de2/sprites/pokemon/425.png,https://raw.githubusercontent.com/PokeAPI/sprites/1dce80ceb372675e9fc7e9f101b71845ef587de2/sprites/pokemon/back/425.png,not_individually_verified,not_individually_verified
dex:drifblim:base,426,随风球,base,https://raw.githubusercontent.com/PokeAPI/sprites/1dce80ceb372675e9fc7e9f101b71845ef587de2/sprites/pokemon/426.png,https://raw.githubusercontent.com/PokeAPI/sprites/1dce80ceb372675e9fc7e9f101b71845ef587de2/sprites/pokemon/back/426.png,not_individually_verified,not_individually_verified
dex:drifblim:base:dynamax,426,随风球 · 极巨化,dynamax,https://raw.githubusercontent.com/PokeAPI/sprites/1dce80ceb372675e9fc7e9f101b71845ef587de2/sprites/pokemon/426.png,https://raw.githubusercontent.com/PokeAPI/sprites/1dce80ceb372675e9fc7e9f101b71845ef587de2/sprites/pokemon/back/426.png,not_individually_verified,not_individually_verified
dex:buneary:base,427,卷卷耳,base,https://raw.githubusercontent.com/PokeAPI/sprites/1dce80ceb372675e9fc7e9f101b71845ef587de2/sprites/pokemon/427.png,https://raw.githubusercontent.com/PokeAPI/sprites/1dce80ceb372675e9fc7e9f101b71845ef587de2/sprites/pokemon/back/427.png,not_individually_verified,not_individually_verified
dex:buneary:base:dynamax,427,卷卷耳 · 极巨化,dynamax,https://raw.githubusercontent.com/PokeAPI/sprites/1dce80ceb372675e9fc7e9f101b71845ef587de2/sprites/pokemon/427.png,https://raw.githubusercontent.com/PokeAPI/sprites/1dce80ceb372675e9fc7e9f101b71845ef587de2/sprites/pokemon/back/427.png,not_individually_verified,not_individually_verified
dex:lopunny:base,428,长耳兔,base,https://raw.githubusercontent.com/PokeAPI/sprites/1dce80ceb372675e9fc7e9f101b71845ef587de2/sprites/pokemon/428.png,https://raw.githubusercontent.com/PokeAPI/sprites/1dce80ceb372675e9fc7e9f101b71845ef587de2/sprites/pokemon/back/428.png,not_individually_verified,not_individually_verified
dex:form:lopunnymega,428,长耳兔 · 超级进化,mega,https://raw.githubusercontent.com/PokeAPI/sprites/1dce80ceb372675e9fc7e9f101b71845ef587de2/sprites/pokemon/10088.png,https://raw.githubusercontent.com/PokeAPI/sprites/1dce80ceb372675e9fc7e9f101b71845ef587de2/sprites/pokemon/back/10088.png,not_individually_verified,not_individually_verified
dex:lopunny:base:dynamax,428,长耳兔 · 极巨化,dynamax,https://raw.githubusercontent.com/PokeAPI/sprites/1dce80ceb372675e9fc7e9f101b71845ef587de2/sprites/pokemon/428.png,https://raw.githubusercontent.com/PokeAPI/sprites/1dce80ceb372675e9fc7e9f101b71845ef587de2/sprites/pokemon/back/428.png,not_individually_verified,not_individually_verified
dex:mismagius:base,429,梦妖魔,base,https://raw.githubusercontent.com/PokeAPI/sprites/1dce80ceb372675e9fc7e9f101b71845ef587de2/sprites/pokemon/429.png,https://raw.githubusercontent.com/PokeAPI/sprites/1dce80ceb372675e9fc7e9f101b71845ef587de2/sprites/pokemon/back/429.png,not_individually_verified,not_individually_verified
dex:honchkrow:base,430,乌鸦头头,base,https://raw.githubusercontent.com/PokeAPI/sprites/1dce80ceb372675e9fc7e9f101b71845ef587de2/sprites/pokemon/430.png,https://raw.githubusercontent.com/PokeAPI/sprites/1dce80ceb372675e9fc7e9f101b71845ef587de2/sprites/pokemon/back/430.png,not_individually_verified,not_individually_verified
dex:glameow:base,431,魅力喵,base,https://raw.githubusercontent.com/PokeAPI/sprites/1dce80ceb372675e9fc7e9f101b71845ef587de2/sprites/pokemon/431.png,https://raw.githubusercontent.com/PokeAPI/sprites/1dce80ceb372675e9fc7e9f101b71845ef587de2/sprites/pokemon/back/431.png,not_individually_verified,not_individually_verified
dex:purugly:base,432,东施喵,base,https://raw.githubusercontent.com/PokeAPI/sprites/1dce80ceb372675e9fc7e9f101b71845ef587de2/sprites/pokemon/432.png,https://raw.githubusercontent.com/PokeAPI/sprites/1dce80ceb372675e9fc7e9f101b71845ef587de2/sprites/pokemon/back/432.png,not_individually_verified,not_individually_verified
dex:chingling:base,433,铃铛响,base,https://raw.githubusercontent.com/PokeAPI/sprites/1dce80ceb372675e9fc7e9f101b71845ef587de2/sprites/pokemon/433.png,https://raw.githubusercontent.com/PokeAPI/sprites/1dce80ceb372675e9fc7e9f101b71845ef587de2/sprites/pokemon/back/433.png,not_individually_verified,not_individually_verified
dex:stunky:base,434,臭鼬噗,base,https://raw.githubusercontent.com/PokeAPI/sprites/1dce80ceb372675e9fc7e9f101b71845ef587de2/sprites/pokemon/434.png,https://raw.githubusercontent.com/PokeAPI/sprites/1dce80ceb372675e9fc7e9f101b71845ef587de2/sprites/pokemon/back/434.png,not_individually_verified,not_individually_verified
dex:stunky:base:dynamax,434,臭鼬噗 · 极巨化,dynamax,https://raw.githubusercontent.com/PokeAPI/sprites/1dce80ceb372675e9fc7e9f101b71845ef587de2/sprites/pokemon/434.png,https://raw.githubusercontent.com/PokeAPI/sprites/1dce80ceb372675e9fc7e9f101b71845ef587de2/sprites/pokemon/back/434.png,not_individually_verified,not_individually_verified
dex:skuntank:base,435,坦克臭鼬,base,https://raw.githubusercontent.com/PokeAPI/sprites/1dce80ceb372675e9fc7e9f101b71845ef587de2/sprites/pokemon/435.png,https://raw.githubusercontent.com/PokeAPI/sprites/1dce80ceb372675e9fc7e9f101b71845ef587de2/sprites/pokemon/back/435.png,not_individually_verified,not_individually_verified
dex:skuntank:base:dynamax,435,坦克臭鼬 · 极巨化,dynamax,https://raw.githubusercontent.com/PokeAPI/sprites/1dce80ceb372675e9fc7e9f101b71845ef587de2/sprites/pokemon/435.png,https://raw.githubusercontent.com/PokeAPI/sprites/1dce80ceb372675e9fc7e9f101b71845ef587de2/sprites/pokemon/back/435.png,not_individually_verified,not_individually_verified
dex:bronzor:base,436,铜镜怪,base,https://raw.githubusercontent.com/PokeAPI/sprites/1dce80ceb372675e9fc7e9f101b71845ef587de2/sprites/pokemon/436.png,https://raw.githubusercontent.com/PokeAPI/sprites/1dce80ceb372675e9fc7e9f101b71845ef587de2/sprites/pokemon/back/436.png,not_individually_verified,not_individually_verified
dex:bronzor:base:dynamax,436,铜镜怪 · 极巨化,dynamax,https://raw.githubusercontent.com/PokeAPI/sprites/1dce80ceb372675e9fc7e9f101b71845ef587de2/sprites/pokemon/436.png,https://raw.githubusercontent.com/PokeAPI/sprites/1dce80ceb372675e9fc7e9f101b71845ef587de2/sprites/pokemon/back/436.png,not_individually_verified,not_individually_verified
dex:bronzong:base,437,青铜钟,base,https://raw.githubusercontent.com/PokeAPI/sprites/1dce80ceb372675e9fc7e9f101b71845ef587de2/sprites/pokemon/437.png,https://raw.githubusercontent.com/PokeAPI/sprites/1dce80ceb372675e9fc7e9f101b71845ef587de2/sprites/pokemon/back/437.png,not_individually_verified,not_individually_verified
dex:bronzong:base:dynamax,437,青铜钟 · 极巨化,dynamax,https://raw.githubusercontent.com/PokeAPI/sprites/1dce80ceb372675e9fc7e9f101b71845ef587de2/sprites/pokemon/437.png,https://raw.githubusercontent.com/PokeAPI/sprites/1dce80ceb372675e9fc7e9f101b71845ef587de2/sprites/pokemon/back/437.png,not_individually_verified,not_individually_verified
dex:bonsly:base,438,盆才怪,base,https://raw.githubusercontent.com/PokeAPI/sprites/1dce80ceb372675e9fc7e9f101b71845ef587de2/sprites/pokemon/438.png,https://raw.githubusercontent.com/PokeAPI/sprites/1dce80ceb372675e9fc7e9f101b71845ef587de2/sprites/pokemon/back/438.png,not_individually_verified,not_individually_verified
dex:bonsly:base:dynamax,438,盆才怪 · 极巨化,dynamax,https://raw.githubusercontent.com/PokeAPI/sprites/1dce80ceb372675e9fc7e9f101b71845ef587de2/sprites/pokemon/438.png,https://raw.githubusercontent.com/PokeAPI/sprites/1dce80ceb372675e9fc7e9f101b71845ef587de2/sprites/pokemon/back/438.png,not_individually_verified,not_individually_verified
dex:mimejr:base,439,魔尼尼,base,https://raw.githubusercontent.com/PokeAPI/sprites/1dce80ceb372675e9fc7e9f101b71845ef587de2/sprites/pokemon/439.png,https://raw.githubusercontent.com/PokeAPI/sprites/1dce80ceb372675e9fc7e9f101b71845ef587de2/sprites/pokemon/back/439.png,not_individually_verified,not_individually_verified
dex:mimejr:base:dynamax,439,魔尼尼 · 极巨化,dynamax,https://raw.githubusercontent.com/PokeAPI/sprites/1dce80ceb372675e9fc7e9f101b71845ef587de2/sprites/pokemon/439.png,https://raw.githubusercontent.com/PokeAPI/sprites/1dce80ceb372675e9fc7e9f101b71845ef587de2/sprites/pokemon/back/439.png,not_individually_verified,not_individually_verified
dex:happiny:base,440,小福蛋,base,https://raw.githubusercontent.com/PokeAPI/sprites/1dce80ceb372675e9fc7e9f101b71845ef587de2/sprites/pokemon/440.png,https://raw.githubusercontent.com/PokeAPI/sprites/1dce80ceb372675e9fc7e9f101b71845ef587de2/sprites/pokemon/back/440.png,not_individually_verified,not_individually_verified
dex:happiny:base:dynamax,440,小福蛋 · 极巨化,dynamax,https://raw.githubusercontent.com/PokeAPI/sprites/1dce80ceb372675e9fc7e9f101b71845ef587de2/sprites/pokemon/440.png,https://raw.githubusercontent.com/PokeAPI/sprites/1dce80ceb372675e9fc7e9f101b71845ef587de2/sprites/pokemon/back/440.png,not_individually_verified,not_individually_verified
dex:chatot:base,441,聒噪鸟,base,https://raw.githubusercontent.com/PokeAPI/sprites/1dce80ceb372675e9fc7e9f101b71845ef587de2/sprites/pokemon/441.png,https://raw.githubusercontent.com/PokeAPI/sprites/1dce80ceb372675e9fc7e9f101b71845ef587de2/sprites/pokemon/back/441.png,not_individually_verified,not_individually_verified
dex:spiritomb:base,442,花岩怪,base,https://raw.githubusercontent.com/PokeAPI/sprites/1dce80ceb372675e9fc7e9f101b71845ef587de2/sprites/pokemon/442.png,https://raw.githubusercontent.com/PokeAPI/sprites/1dce80ceb372675e9fc7e9f101b71845ef587de2/sprites/pokemon/back/442.png,not_individually_verified,not_individually_verified
dex:spiritomb:base:dynamax,442,花岩怪 · 极巨化,dynamax,https://raw.githubusercontent.com/PokeAPI/sprites/1dce80ceb372675e9fc7e9f101b71845ef587de2/sprites/pokemon/442.png,https://raw.githubusercontent.com/PokeAPI/sprites/1dce80ceb372675e9fc7e9f101b71845ef587de2/sprites/pokemon/back/442.png,not_individually_verified,not_individually_verified
dex:gible:base,443,圆陆鲨,base,https://raw.githubusercontent.com/PokeAPI/sprites/1dce80ceb372675e9fc7e9f101b71845ef587de2/sprites/pokemon/443.png,https://raw.githubusercontent.com/PokeAPI/sprites/1dce80ceb372675e9fc7e9f101b71845ef587de2/sprites/pokemon/back/443.png,not_individually_verified,not_individually_verified
dex:gible:base:dynamax,443,圆陆鲨 · 极巨化,dynamax,https://raw.githubusercontent.com/PokeAPI/sprites/1dce80ceb372675e9fc7e9f101b71845ef587de2/sprites/pokemon/443.png,https://raw.githubusercontent.com/PokeAPI/sprites/1dce80ceb372675e9fc7e9f101b71845ef587de2/sprites/pokemon/back/443.png,not_individually_verified,not_individually_verified
dex:gabite:base,444,尖牙陆鲨,base,https://raw.githubusercontent.com/PokeAPI/sprites/1dce80ceb372675e9fc7e9f101b71845ef587de2/sprites/pokemon/444.png,https://raw.githubusercontent.com/PokeAPI/sprites/1dce80ceb372675e9fc7e9f101b71845ef587de2/sprites/pokemon/back/444.png,not_individually_verified,not_individually_verified
dex:gabite:base:dynamax,444,尖牙陆鲨 · 极巨化,dynamax,https://raw.githubusercontent.com/PokeAPI/sprites/1dce80ceb372675e9fc7e9f101b71845ef587de2/sprites/pokemon/444.png,https://raw.githubusercontent.com/PokeAPI/sprites/1dce80ceb372675e9fc7e9f101b71845ef587de2/sprites/pokemon/back/444.png,not_individually_verified,not_individually_verified
dex:garchomp:base,445,烈咬陆鲨,base,https://raw.githubusercontent.com/PokeAPI/sprites/1dce80ceb372675e9fc7e9f101b71845ef587de2/sprites/pokemon/445.png,https://raw.githubusercontent.com/PokeAPI/sprites/1dce80ceb372675e9fc7e9f101b71845ef587de2/sprites/pokemon/back/445.png,not_individually_verified,not_individually_verified
dex:form:garchompmega,445,烈咬陆鲨 · 超级进化,mega,https://raw.githubusercontent.com/PokeAPI/sprites/1dce80ceb372675e9fc7e9f101b71845ef587de2/sprites/pokemon/10058.png,https://raw.githubusercontent.com/PokeAPI/sprites/1dce80ceb372675e9fc7e9f101b71845ef587de2/sprites/pokemon/back/10058.png,not_individually_verified,not_individually_verified
dex:form:garchompmegaz,445,烈咬陆鲨 · 超级进化 Z,mega,https://raw.githubusercontent.com/PokeAPI/sprites/1dce80ceb372675e9fc7e9f101b71845ef587de2/sprites/pokemon/10309.png,https://raw.githubusercontent.com/PokeAPI/sprites/1dce80ceb372675e9fc7e9f101b71845ef587de2/sprites/pokemon/back/10309.png,not_individually_verified,not_individually_verified
dex:garchomp:base:dynamax,445,烈咬陆鲨 · 极巨化,dynamax,https://raw.githubusercontent.com/PokeAPI/sprites/1dce80ceb372675e9fc7e9f101b71845ef587de2/sprites/pokemon/445.png,https://raw.githubusercontent.com/PokeAPI/sprites/1dce80ceb372675e9fc7e9f101b71845ef587de2/sprites/pokemon/back/445.png,not_individually_verified,not_individually_verified
dex:munchlax:base,446,小卡比兽,base,https://raw.githubusercontent.com/PokeAPI/sprites/1dce80ceb372675e9fc7e9f101b71845ef587de2/sprites/pokemon/446.png,https://raw.githubusercontent.com/PokeAPI/sprites/1dce80ceb372675e9fc7e9f101b71845ef587de2/sprites/pokemon/back/446.png,not_individually_verified,not_individually_verified
dex:munchlax:base:dynamax,446,小卡比兽 · 极巨化,dynamax,https://raw.githubusercontent.com/PokeAPI/sprites/1dce80ceb372675e9fc7e9f101b71845ef587de2/sprites/pokemon/446.png,https://raw.githubusercontent.com/PokeAPI/sprites/1dce80ceb372675e9fc7e9f101b71845ef587de2/sprites/pokemon/back/446.png,not_individually_verified,not_individually_verified
dex:riolu:base,447,利欧路,base,https://raw.githubusercontent.com/PokeAPI/sprites/1dce80ceb372675e9fc7e9f101b71845ef587de2/sprites/pokemon/447.png,https://raw.githubusercontent.com/PokeAPI/sprites/1dce80ceb372675e9fc7e9f101b71845ef587de2/sprites/pokemon/back/447.png,not_individually_verified,not_individually_verified
dex:riolu:base:dynamax,447,利欧路 · 极巨化,dynamax,https://raw.githubusercontent.com/PokeAPI/sprites/1dce80ceb372675e9fc7e9f101b71845ef587de2/sprites/pokemon/447.png,https://raw.githubusercontent.com/PokeAPI/sprites/1dce80ceb372675e9fc7e9f101b71845ef587de2/sprites/pokemon/back/447.png,not_individually_verified,not_individually_verified
dex:lucario:base,448,路卡利欧,base,https://raw.githubusercontent.com/PokeAPI/sprites/1dce80ceb372675e9fc7e9f101b71845ef587de2/sprites/pokemon/448.png,https://raw.githubusercontent.com/PokeAPI/sprites/1dce80ceb372675e9fc7e9f101b71845ef587de2/sprites/pokemon/back/448.png,not_individually_verified,not_individually_verified
dex:form:lucariomega,448,路卡利欧 · 超级进化,mega,https://raw.githubusercontent.com/PokeAPI/sprites/1dce80ceb372675e9fc7e9f101b71845ef587de2/sprites/pokemon/10059.png,https://raw.githubusercontent.com/PokeAPI/sprites/1dce80ceb372675e9fc7e9f101b71845ef587de2/sprites/pokemon/back/10059.png,not_individually_verified,not_individually_verified
dex:form:lucariomegaz,448,路卡利欧 · 超级进化 Z,mega,https://raw.githubusercontent.com/PokeAPI/sprites/1dce80ceb372675e9fc7e9f101b71845ef587de2/sprites/pokemon/10310.png,https://raw.githubusercontent.com/PokeAPI/sprites/1dce80ceb372675e9fc7e9f101b71845ef587de2/sprites/pokemon/back/10310.png,not_individually_verified,not_individually_verified
dex:lucario:base:dynamax,448,路卡利欧 · 极巨化,dynamax,https://raw.githubusercontent.com/PokeAPI/sprites/1dce80ceb372675e9fc7e9f101b71845ef587de2/sprites/pokemon/448.png,https://raw.githubusercontent.com/PokeAPI/sprites/1dce80ceb372675e9fc7e9f101b71845ef587de2/sprites/pokemon/back/448.png,not_individually_verified,not_individually_verified
dex:hippopotas:base,449,沙河马,base,https://raw.githubusercontent.com/PokeAPI/sprites/1dce80ceb372675e9fc7e9f101b71845ef587de2/sprites/pokemon/449.png,https://raw.githubusercontent.com/PokeAPI/sprites/1dce80ceb372675e9fc7e9f101b71845ef587de2/sprites/pokemon/back/449.png,not_individually_verified,not_individually_verified
dex:hippopotas:base:dynamax,449,沙河马 · 极巨化,dynamax,https://raw.githubusercontent.com/PokeAPI/sprites/1dce80ceb372675e9fc7e9f101b71845ef587de2/sprites/pokemon/449.png,https://raw.githubusercontent.com/PokeAPI/sprites/1dce80ceb372675e9fc7e9f101b71845ef587de2/sprites/pokemon/back/449.png,not_individually_verified,not_individually_verified
dex:hippowdon:base,450,河马兽,base,https://raw.githubusercontent.com/PokeAPI/sprites/1dce80ceb372675e9fc7e9f101b71845ef587de2/sprites/pokemon/450.png,https://raw.githubusercontent.com/PokeAPI/sprites/1dce80ceb372675e9fc7e9f101b71845ef587de2/sprites/pokemon/back/450.png,not_individually_verified,not_individually_verified
dex:hippowdon:base:dynamax,450,河马兽 · 极巨化,dynamax,https://raw.githubusercontent.com/PokeAPI/sprites/1dce80ceb372675e9fc7e9f101b71845ef587de2/sprites/pokemon/450.png,https://raw.githubusercontent.com/PokeAPI/sprites/1dce80ceb372675e9fc7e9f101b71845ef587de2/sprites/pokemon/back/450.png,not_individually_verified,not_individually_verified
dex:skorupi:base,451,钳尾蝎,base,https://raw.githubusercontent.com/PokeAPI/sprites/1dce80ceb372675e9fc7e9f101b71845ef587de2/sprites/pokemon/451.png,https://raw.githubusercontent.com/PokeAPI/sprites/1dce80ceb372675e9fc7e9f101b71845ef587de2/sprites/pokemon/back/451.png,not_individually_verified,not_individually_verified
dex:skorupi:base:dynamax,451,钳尾蝎 · 极巨化,dynamax,https://raw.githubusercontent.com/PokeAPI/sprites/1dce80ceb372675e9fc7e9f101b71845ef587de2/sprites/pokemon/451.png,https://raw.githubusercontent.com/PokeAPI/sprites/1dce80ceb372675e9fc7e9f101b71845ef587de2/sprites/pokemon/back/451.png,not_individually_verified,not_individually_verified
dex:drapion:base,452,龙王蝎,base,https://raw.githubusercontent.com/PokeAPI/sprites/1dce80ceb372675e9fc7e9f101b71845ef587de2/sprites/pokemon/452.png,https://raw.githubusercontent.com/PokeAPI/sprites/1dce80ceb372675e9fc7e9f101b71845ef587de2/sprites/pokemon/back/452.png,not_individually_verified,not_individually_verified
dex:drapion:base:dynamax,452,龙王蝎 · 极巨化,dynamax,https://raw.githubusercontent.com/PokeAPI/sprites/1dce80ceb372675e9fc7e9f101b71845ef587de2/sprites/pokemon/452.png,https://raw.githubusercontent.com/PokeAPI/sprites/1dce80ceb372675e9fc7e9f101b71845ef587de2/sprites/pokemon/back/452.png,not_individually_verified,not_individually_verified
dex:croagunk:base,453,不良蛙,base,https://raw.githubusercontent.com/PokeAPI/sprites/1dce80ceb372675e9fc7e9f101b71845ef587de2/sprites/pokemon/453.png,https://raw.githubusercontent.com/PokeAPI/sprites/1dce80ceb372675e9fc7e9f101b71845ef587de2/sprites/pokemon/back/453.png,not_individually_verified,not_individually_verified
dex:croagunk:base:dynamax,453,不良蛙 · 极巨化,dynamax,https://raw.githubusercontent.com/PokeAPI/sprites/1dce80ceb372675e9fc7e9f101b71845ef587de2/sprites/pokemon/453.png,https://raw.githubusercontent.com/PokeAPI/sprites/1dce80ceb372675e9fc7e9f101b71845ef587de2/sprites/pokemon/back/453.png,not_individually_verified,not_individually_verified
dex:toxicroak:base,454,毒骷蛙,base,https://raw.githubusercontent.com/PokeAPI/sprites/1dce80ceb372675e9fc7e9f101b71845ef587de2/sprites/pokemon/454.png,https://raw.githubusercontent.com/PokeAPI/sprites/1dce80ceb372675e9fc7e9f101b71845ef587de2/sprites/pokemon/back/454.png,not_individually_verified,not_individually_verified
dex:toxicroak:base:dynamax,454,毒骷蛙 · 极巨化,dynamax,https://raw.githubusercontent.com/PokeAPI/sprites/1dce80ceb372675e9fc7e9f101b71845ef587de2/sprites/pokemon/454.png,https://raw.githubusercontent.com/PokeAPI/sprites/1dce80ceb372675e9fc7e9f101b71845ef587de2/sprites/pokemon/back/454.png,not_individually_verified,not_individually_verified
dex:carnivine:base,455,尖牙笼,base,https://raw.githubusercontent.com/PokeAPI/sprites/1dce80ceb372675e9fc7e9f101b71845ef587de2/sprites/pokemon/455.png,https://raw.githubusercontent.com/PokeAPI/sprites/1dce80ceb372675e9fc7e9f101b71845ef587de2/sprites/pokemon/back/455.png,not_individually_verified,not_individually_verified
dex:finneon:base,456,荧光鱼,base,https://raw.githubusercontent.com/PokeAPI/sprites/1dce80ceb372675e9fc7e9f101b71845ef587de2/sprites/pokemon/456.png,https://raw.githubusercontent.com/PokeAPI/sprites/1dce80ceb372675e9fc7e9f101b71845ef587de2/sprites/pokemon/back/456.png,not_individually_verified,not_individually_verified
dex:lumineon:base,457,霓虹鱼,base,https://raw.githubusercontent.com/PokeAPI/sprites/1dce80ceb372675e9fc7e9f101b71845ef587de2/sprites/pokemon/457.png,https://raw.githubusercontent.com/PokeAPI/sprites/1dce80ceb372675e9fc7e9f101b71845ef587de2/sprites/pokemon/back/457.png,not_individually_verified,not_individually_verified
dex:mantyke:base,458,小球飞鱼,base,https://raw.githubusercontent.com/PokeAPI/sprites/1dce80ceb372675e9fc7e9f101b71845ef587de2/sprites/pokemon/458.png,https://raw.githubusercontent.com/PokeAPI/sprites/1dce80ceb372675e9fc7e9f101b71845ef587de2/sprites/pokemon/back/458.png,not_individually_verified,not_individually_verified
dex:mantyke:base:dynamax,458,小球飞鱼 · 极巨化,dynamax,https://raw.githubusercontent.com/PokeAPI/sprites/1dce80ceb372675e9fc7e9f101b71845ef587de2/sprites/pokemon/458.png,https://raw.githubusercontent.com/PokeAPI/sprites/1dce80ceb372675e9fc7e9f101b71845ef587de2/sprites/pokemon/back/458.png,not_individually_verified,not_individually_verified
dex:snover:base,459,雪笠怪,base,https://raw.githubusercontent.com/PokeAPI/sprites/1dce80ceb372675e9fc7e9f101b71845ef587de2/sprites/pokemon/459.png,https://raw.githubusercontent.com/PokeAPI/sprites/1dce80ceb372675e9fc7e9f101b71845ef587de2/sprites/pokemon/back/459.png,not_individually_verified,not_individually_verified
dex:snover:base:dynamax,459,雪笠怪 · 极巨化,dynamax,https://raw.githubusercontent.com/PokeAPI/sprites/1dce80ceb372675e9fc7e9f101b71845ef587de2/sprites/pokemon/459.png,https://raw.githubusercontent.com/PokeAPI/sprites/1dce80ceb372675e9fc7e9f101b71845ef587de2/sprites/pokemon/back/459.png,not_individually_verified,not_individually_verified
dex:abomasnow:base,460,暴雪王,base,https://raw.githubusercontent.com/PokeAPI/sprites/1dce80ceb372675e9fc7e9f101b71845ef587de2/sprites/pokemon/460.png,https://raw.githubusercontent.com/PokeAPI/sprites/1dce80ceb372675e9fc7e9f101b71845ef587de2/sprites/pokemon/back/460.png,not_individually_verified,not_individually_verified
dex:form:abomasnowmega,460,暴雪王 · 超级进化,mega,https://raw.githubusercontent.com/PokeAPI/sprites/1dce80ceb372675e9fc7e9f101b71845ef587de2/sprites/pokemon/10060.png,https://raw.githubusercontent.com/PokeAPI/sprites/1dce80ceb372675e9fc7e9f101b71845ef587de2/sprites/pokemon/back/10060.png,not_individually_verified,not_individually_verified
dex:abomasnow:base:dynamax,460,暴雪王 · 极巨化,dynamax,https://raw.githubusercontent.com/PokeAPI/sprites/1dce80ceb372675e9fc7e9f101b71845ef587de2/sprites/pokemon/460.png,https://raw.githubusercontent.com/PokeAPI/sprites/1dce80ceb372675e9fc7e9f101b71845ef587de2/sprites/pokemon/back/460.png,not_individually_verified,not_individually_verified
dex:weavile:base,461,玛狃拉,base,https://raw.githubusercontent.com/PokeAPI/sprites/1dce80ceb372675e9fc7e9f101b71845ef587de2/sprites/pokemon/461.png,https://raw.githubusercontent.com/PokeAPI/sprites/1dce80ceb372675e9fc7e9f101b71845ef587de2/sprites/pokemon/back/461.png,not_individually_verified,not_individually_verified
dex:weavile:base:dynamax,461,玛狃拉 · 极巨化,dynamax,https://raw.githubusercontent.com/PokeAPI/sprites/1dce80ceb372675e9fc7e9f101b71845ef587de2/sprites/pokemon/461.png,https://raw.githubusercontent.com/PokeAPI/sprites/1dce80ceb372675e9fc7e9f101b71845ef587de2/sprites/pokemon/back/461.png,not_individually_verified,not_individually_verified
dex:magnezone:base,462,自爆磁怪,base,https://raw.githubusercontent.com/PokeAPI/sprites/1dce80ceb372675e9fc7e9f101b71845ef587de2/sprites/pokemon/462.png,https://raw.githubusercontent.com/PokeAPI/sprites/1dce80ceb372675e9fc7e9f101b71845ef587de2/sprites/pokemon/back/462.png,not_individually_verified,not_individually_verified
dex:magnezone:base:dynamax,462,自爆磁怪 · 极巨化,dynamax,https://raw.githubusercontent.com/PokeAPI/sprites/1dce80ceb372675e9fc7e9f101b71845ef587de2/sprites/pokemon/462.png,https://raw.githubusercontent.com/PokeAPI/sprites/1dce80ceb372675e9fc7e9f101b71845ef587de2/sprites/pokemon/back/462.png,not_individually_verified,not_individually_verified
dex:lickilicky:base,463,大舌舔,base,https://raw.githubusercontent.com/PokeAPI/sprites/1dce80ceb372675e9fc7e9f101b71845ef587de2/sprites/pokemon/463.png,https://raw.githubusercontent.com/PokeAPI/sprites/1dce80ceb372675e9fc7e9f101b71845ef587de2/sprites/pokemon/back/463.png,not_individually_verified,not_individually_verified
dex:lickilicky:base:dynamax,463,大舌舔 · 极巨化,dynamax,https://raw.githubusercontent.com/PokeAPI/sprites/1dce80ceb372675e9fc7e9f101b71845ef587de2/sprites/pokemon/463.png,https://raw.githubusercontent.com/PokeAPI/sprites/1dce80ceb372675e9fc7e9f101b71845ef587de2/sprites/pokemon/back/463.png,not_individually_verified,not_individually_verified
dex:rhyperior:base,464,超甲狂犀,base,https://raw.githubusercontent.com/PokeAPI/sprites/1dce80ceb372675e9fc7e9f101b71845ef587de2/sprites/pokemon/464.png,https://raw.githubusercontent.com/PokeAPI/sprites/1dce80ceb372675e9fc7e9f101b71845ef587de2/sprites/pokemon/back/464.png,not_individually_verified,not_individually_verified
dex:omni:rocket-bond:rhyperior,464,超甲狂犀 · 羁绊,rocket_bond_candidate,/rocket-art/rhyperior-front_default.png,/rocket-art/rhyperior-back_default.png,not_individually_verified,not_individually_verified
dex:rhyperior:base:dynamax,464,超甲狂犀 · 极巨化,dynamax,https://raw.githubusercontent.com/PokeAPI/sprites/1dce80ceb372675e9fc7e9f101b71845ef587de2/sprites/pokemon/464.png,https://raw.githubusercontent.com/PokeAPI/sprites/1dce80ceb372675e9fc7e9f101b71845ef587de2/sprites/pokemon/back/464.png,not_individually_verified,not_individually_verified
dex:tangrowth:base,465,巨蔓藤,base,https://raw.githubusercontent.com/PokeAPI/sprites/1dce80ceb372675e9fc7e9f101b71845ef587de2/sprites/pokemon/465.png,https://raw.githubusercontent.com/PokeAPI/sprites/1dce80ceb372675e9fc7e9f101b71845ef587de2/sprites/pokemon/back/465.png,not_individually_verified,not_individually_verified
dex:tangrowth:base:dynamax,465,巨蔓藤 · 极巨化,dynamax,https://raw.githubusercontent.com/PokeAPI/sprites/1dce80ceb372675e9fc7e9f101b71845ef587de2/sprites/pokemon/465.png,https://raw.githubusercontent.com/PokeAPI/sprites/1dce80ceb372675e9fc7e9f101b71845ef587de2/sprites/pokemon/back/465.png,not_individually_verified,not_individually_verified
dex:electivire:base,466,电击魔兽,base,https://raw.githubusercontent.com/PokeAPI/sprites/1dce80ceb372675e9fc7e9f101b71845ef587de2/sprites/pokemon/466.png,https://raw.githubusercontent.com/PokeAPI/sprites/1dce80ceb372675e9fc7e9f101b71845ef587de2/sprites/pokemon/back/466.png,not_individually_verified,not_individually_verified
dex:electivire:base:dynamax,466,电击魔兽 · 极巨化,dynamax,https://raw.githubusercontent.com/PokeAPI/sprites/1dce80ceb372675e9fc7e9f101b71845ef587de2/sprites/pokemon/466.png,https://raw.githubusercontent.com/PokeAPI/sprites/1dce80ceb372675e9fc7e9f101b71845ef587de2/sprites/pokemon/back/466.png,not_individually_verified,not_individually_verified
dex:omni:ultra58:421,466,电击魔兽 X,source_variant,/ultra-art/421-front_default.png,/ultra-art/421-back_default.png,not_individually_verified,not_individually_verified
dex:magmortar:base,467,鸭嘴炎兽,base,https://raw.githubusercontent.com/PokeAPI/sprites/1dce80ceb372675e9fc7e9f101b71845ef587de2/sprites/pokemon/467.png,https://raw.githubusercontent.com/PokeAPI/sprites/1dce80ceb372675e9fc7e9f101b71845ef587de2/sprites/pokemon/back/467.png,not_individually_verified,not_individually_verified
dex:magmortar:base:dynamax,467,鸭嘴炎兽 · 极巨化,dynamax,https://raw.githubusercontent.com/PokeAPI/sprites/1dce80ceb372675e9fc7e9f101b71845ef587de2/sprites/pokemon/467.png,https://raw.githubusercontent.com/PokeAPI/sprites/1dce80ceb372675e9fc7e9f101b71845ef587de2/sprites/pokemon/back/467.png,not_individually_verified,not_individually_verified
dex:omni:ultra58:426,467,鸭嘴炎兽 Y,source_variant,/ultra-art/426-front_default.png,/ultra-art/426-back_default.png,not_individually_verified,not_individually_verified
dex:togekiss:base,468,波克基斯,base,https://raw.githubusercontent.com/PokeAPI/sprites/1dce80ceb372675e9fc7e9f101b71845ef587de2/sprites/pokemon/468.png,https://raw.githubusercontent.com/PokeAPI/sprites/1dce80ceb372675e9fc7e9f101b71845ef587de2/sprites/pokemon/back/468.png,not_individually_verified,not_individually_verified
dex:togekiss:base:dynamax,468,波克基斯 · 极巨化,dynamax,https://raw.githubusercontent.com/PokeAPI/sprites/1dce80ceb372675e9fc7e9f101b71845ef587de2/sprites/pokemon/468.png,https://raw.githubusercontent.com/PokeAPI/sprites/1dce80ceb372675e9fc7e9f101b71845ef587de2/sprites/pokemon/back/468.png,not_individually_verified,not_individually_verified
dex:yanmega:base,469,远古巨蜓,base,https://raw.githubusercontent.com/PokeAPI/sprites/1dce80ceb372675e9fc7e9f101b71845ef587de2/sprites/pokemon/469.png,https://raw.githubusercontent.com/PokeAPI/sprites/1dce80ceb372675e9fc7e9f101b71845ef587de2/sprites/pokemon/back/469.png,not_individually_verified,not_individually_verified
dex:leafeon:base,470,叶伊布,base,https://raw.githubusercontent.com/PokeAPI/sprites/1dce80ceb372675e9fc7e9f101b71845ef587de2/sprites/pokemon/470.png,https://raw.githubusercontent.com/PokeAPI/sprites/1dce80ceb372675e9fc7e9f101b71845ef587de2/sprites/pokemon/back/470.png,not_individually_verified,not_individually_verified
dex:leafeon:base:dynamax,470,叶伊布 · 极巨化,dynamax,https://raw.githubusercontent.com/PokeAPI/sprites/1dce80ceb372675e9fc7e9f101b71845ef587de2/sprites/pokemon/470.png,https://raw.githubusercontent.com/PokeAPI/sprites/1dce80ceb372675e9fc7e9f101b71845ef587de2/sprites/pokemon/back/470.png,not_individually_verified,not_individually_verified
dex:glaceon:base,471,冰伊布,base,https://raw.githubusercontent.com/PokeAPI/sprites/1dce80ceb372675e9fc7e9f101b71845ef587de2/sprites/pokemon/471.png,https://raw.githubusercontent.com/PokeAPI/sprites/1dce80ceb372675e9fc7e9f101b71845ef587de2/sprites/pokemon/back/471.png,not_individually_verified,not_individually_verified
dex:glaceon:base:dynamax,471,冰伊布 · 极巨化,dynamax,https://raw.githubusercontent.com/PokeAPI/sprites/1dce80ceb372675e9fc7e9f101b71845ef587de2/sprites/pokemon/471.png,https://raw.githubusercontent.com/PokeAPI/sprites/1dce80ceb372675e9fc7e9f101b71845ef587de2/sprites/pokemon/back/471.png,not_individually_verified,not_individually_verified
dex:gliscor:base,472,天蝎王,base,https://raw.githubusercontent.com/PokeAPI/sprites/1dce80ceb372675e9fc7e9f101b71845ef587de2/sprites/pokemon/472.png,https://raw.githubusercontent.com/PokeAPI/sprites/1dce80ceb372675e9fc7e9f101b71845ef587de2/sprites/pokemon/back/472.png,not_individually_verified,not_individually_verified
dex:mamoswine:base,473,象牙猪,base,https://raw.githubusercontent.com/PokeAPI/sprites/1dce80ceb372675e9fc7e9f101b71845ef587de2/sprites/pokemon/473.png,https://raw.githubusercontent.com/PokeAPI/sprites/1dce80ceb372675e9fc7e9f101b71845ef587de2/sprites/pokemon/back/473.png,not_individually_verified,not_individually_verified
dex:omni:rocket-bond:mamoswine,473,象牙猪 · 羁绊,rocket_bond_candidate,/rocket-art/mamoswine-front_default.png,/rocket-art/mamoswine-back_default.png,not_individually_verified,not_individually_verified
dex:mamoswine:base:dynamax,473,象牙猪 · 极巨化,dynamax,https://raw.githubusercontent.com/PokeAPI/sprites/1dce80ceb372675e9fc7e9f101b71845ef587de2/sprites/pokemon/473.png,https://raw.githubusercontent.com/PokeAPI/sprites/1dce80ceb372675e9fc7e9f101b71845ef587de2/sprites/pokemon/back/473.png,not_individually_verified,not_individually_verified
dex:porygonz:base,474,多边兽乙型,base,https://raw.githubusercontent.com/PokeAPI/sprites/1dce80ceb372675e9fc7e9f101b71845ef587de2/sprites/pokemon/474.png,https://raw.githubusercontent.com/PokeAPI/sprites/1dce80ceb372675e9fc7e9f101b71845ef587de2/sprites/pokemon/back/474.png,not_individually_verified,not_individually_verified
dex:porygonz:base:dynamax,474,多边兽乙型 · 极巨化,dynamax,https://raw.githubusercontent.com/PokeAPI/sprites/1dce80ceb372675e9fc7e9f101b71845ef587de2/sprites/pokemon/474.png,https://raw.githubusercontent.com/PokeAPI/sprites/1dce80ceb372675e9fc7e9f101b71845ef587de2/sprites/pokemon/back/474.png,not_individually_verified,not_individually_verified
dex:gallade:base,475,艾路雷朵,base,https://raw.githubusercontent.com/PokeAPI/sprites/1dce80ceb372675e9fc7e9f101b71845ef587de2/sprites/pokemon/475.png,https://raw.githubusercontent.com/PokeAPI/sprites/1dce80ceb372675e9fc7e9f101b71845ef587de2/sprites/pokemon/back/475.png,not_individually_verified,not_individually_verified
dex:form:gallademega,475,艾路雷朵 · 超级进化,mega,https://raw.githubusercontent.com/PokeAPI/sprites/1dce80ceb372675e9fc7e9f101b71845ef587de2/sprites/pokemon/10068.png,https://raw.githubusercontent.com/PokeAPI/sprites/1dce80ceb372675e9fc7e9f101b71845ef587de2/sprites/pokemon/back/10068.png,not_individually_verified,not_individually_verified
dex:gallade:base:dynamax,475,艾路雷朵 · 极巨化,dynamax,https://raw.githubusercontent.com/PokeAPI/sprites/1dce80ceb372675e9fc7e9f101b71845ef587de2/sprites/pokemon/475.png,https://raw.githubusercontent.com/PokeAPI/sprites/1dce80ceb372675e9fc7e9f101b71845ef587de2/sprites/pokemon/back/475.png,not_individually_verified,not_individually_verified
dex:probopass:base,476,大朝北鼻,base,https://raw.githubusercontent.com/PokeAPI/sprites/1dce80ceb372675e9fc7e9f101b71845ef587de2/sprites/pokemon/476.png,https://raw.githubusercontent.com/PokeAPI/sprites/1dce80ceb372675e9fc7e9f101b71845ef587de2/sprites/pokemon/back/476.png,not_individually_verified,not_individually_verified
dex:dusknoir:base,477,黑夜魔灵,base,https://raw.githubusercontent.com/PokeAPI/sprites/1dce80ceb372675e9fc7e9f101b71845ef587de2/sprites/pokemon/477.png,https://raw.githubusercontent.com/PokeAPI/sprites/1dce80ceb372675e9fc7e9f101b71845ef587de2/sprites/pokemon/back/477.png,not_individually_verified,not_individually_verified
dex:dusknoir:base:dynamax,477,黑夜魔灵 · 极巨化,dynamax,https://raw.githubusercontent.com/PokeAPI/sprites/1dce80ceb372675e9fc7e9f101b71845ef587de2/sprites/pokemon/477.png,https://raw.githubusercontent.com/PokeAPI/sprites/1dce80ceb372675e9fc7e9f101b71845ef587de2/sprites/pokemon/back/477.png,not_individually_verified,not_individually_verified
dex:froslass:base,478,雪妖女,base,https://raw.githubusercontent.com/PokeAPI/sprites/1dce80ceb372675e9fc7e9f101b71845ef587de2/sprites/pokemon/478.png,https://raw.githubusercontent.com/PokeAPI/sprites/1dce80ceb372675e9fc7e9f101b71845ef587de2/sprites/pokemon/back/478.png,not_individually_verified,not_individually_verified
dex:form:froslassmega,478,雪妖女 · 超级进化,mega,https://raw.githubusercontent.com/PokeAPI/sprites/1dce80ceb372675e9fc7e9f101b71845ef587de2/sprites/pokemon/10285.png,https://raw.githubusercontent.com/PokeAPI/sprites/1dce80ceb372675e9fc7e9f101b71845ef587de2/sprites/pokemon/back/10285.png,not_individually_verified,not_individually_verified
dex:froslass:base:dynamax,478,雪妖女 · 极巨化,dynamax,https://raw.githubusercontent.com/PokeAPI/sprites/1dce80ceb372675e9fc7e9f101b71845ef587de2/sprites/pokemon/478.png,https://raw.githubusercontent.com/PokeAPI/sprites/1dce80ceb372675e9fc7e9f101b71845ef587de2/sprites/pokemon/back/478.png,not_individually_verified,not_individually_verified
dex:rotom:base,479,洛托姆,base,https://raw.githubusercontent.com/PokeAPI/sprites/1dce80ceb372675e9fc7e9f101b71845ef587de2/sprites/pokemon/479.png,https://raw.githubusercontent.com/PokeAPI/sprites/1dce80ceb372675e9fc7e9f101b71845ef587de2/sprites/pokemon/back/479.png,not_individually_verified,not_individually_verified
dex:form:rotomfan:dynamax,479,洛托姆 · 旋转洛托姆 · 极巨化,dynamax,https://raw.githubusercontent.com/PokeAPI/sprites/1dce80ceb372675e9fc7e9f101b71845ef587de2/sprites/pokemon/10011.png,https://raw.githubusercontent.com/PokeAPI/sprites/1dce80ceb372675e9fc7e9f101b71845ef587de2/sprites/pokemon/back/10011.png,not_individually_verified,not_individually_verified
dex:form:rotomfrost:dynamax,479,洛托姆 · 结冰洛托姆 · 极巨化,dynamax,https://raw.githubusercontent.com/PokeAPI/sprites/1dce80ceb372675e9fc7e9f101b71845ef587de2/sprites/pokemon/10010.png,https://raw.githubusercontent.com/PokeAPI/sprites/1dce80ceb372675e9fc7e9f101b71845ef587de2/sprites/pokemon/back/10010.png,not_individually_verified,not_individually_verified
dex:form:rotomheat:dynamax,479,洛托姆 · 加热洛托姆 · 极巨化,dynamax,https://raw.githubusercontent.com/PokeAPI/sprites/1dce80ceb372675e9fc7e9f101b71845ef587de2/sprites/pokemon/10008.png,https://raw.githubusercontent.com/PokeAPI/sprites/1dce80ceb372675e9fc7e9f101b71845ef587de2/sprites/pokemon/back/10008.png,not_individually_verified,not_individually_verified
dex:form:rotommow:dynamax,479,洛托姆 · 切割洛托姆 · 极巨化,dynamax,https://raw.githubusercontent.com/PokeAPI/sprites/1dce80ceb372675e9fc7e9f101b71845ef587de2/sprites/pokemon/10012.png,https://raw.githubusercontent.com/PokeAPI/sprites/1dce80ceb372675e9fc7e9f101b71845ef587de2/sprites/pokemon/back/10012.png,not_individually_verified,not_individually_verified
dex:form:rotomwash:dynamax,479,洛托姆 · 清洗洛托姆 · 极巨化,dynamax,https://raw.githubusercontent.com/PokeAPI/sprites/1dce80ceb372675e9fc7e9f101b71845ef587de2/sprites/pokemon/10009.png,https://raw.githubusercontent.com/PokeAPI/sprites/1dce80ceb372675e9fc7e9f101b71845ef587de2/sprites/pokemon/back/10009.png,not_individually_verified,not_individually_verified
dex:rotom:base:dynamax,479,洛托姆 · 极巨化,dynamax,https://raw.githubusercontent.com/PokeAPI/sprites/1dce80ceb372675e9fc7e9f101b71845ef587de2/sprites/pokemon/479.png,https://raw.githubusercontent.com/PokeAPI/sprites/1dce80ceb372675e9fc7e9f101b71845ef587de2/sprites/pokemon/back/479.png,not_individually_verified,not_individually_verified
dex:form:rotomfan,479,洛托姆 · 旋转洛托姆,special_form,https://raw.githubusercontent.com/PokeAPI/sprites/1dce80ceb372675e9fc7e9f101b71845ef587de2/sprites/pokemon/10011.png,https://raw.githubusercontent.com/PokeAPI/sprites/1dce80ceb372675e9fc7e9f101b71845ef587de2/sprites/pokemon/back/10011.png,not_individually_verified,not_individually_verified
dex:form:rotomfrost,479,洛托姆 · 结冰洛托姆,special_form,https://raw.githubusercontent.com/PokeAPI/sprites/1dce80ceb372675e9fc7e9f101b71845ef587de2/sprites/pokemon/10010.png,https://raw.githubusercontent.com/PokeAPI/sprites/1dce80ceb372675e9fc7e9f101b71845ef587de2/sprites/pokemon/back/10010.png,not_individually_verified,not_individually_verified
dex:form:rotomheat,479,洛托姆 · 加热洛托姆,special_form,https://raw.githubusercontent.com/PokeAPI/sprites/1dce80ceb372675e9fc7e9f101b71845ef587de2/sprites/pokemon/10008.png,https://raw.githubusercontent.com/PokeAPI/sprites/1dce80ceb372675e9fc7e9f101b71845ef587de2/sprites/pokemon/back/10008.png,not_individually_verified,not_individually_verified
dex:form:rotommow,479,洛托姆 · 切割洛托姆,special_form,https://raw.githubusercontent.com/PokeAPI/sprites/1dce80ceb372675e9fc7e9f101b71845ef587de2/sprites/pokemon/10012.png,https://raw.githubusercontent.com/PokeAPI/sprites/1dce80ceb372675e9fc7e9f101b71845ef587de2/sprites/pokemon/back/10012.png,not_individually_verified,not_individually_verified
dex:form:rotomwash,479,洛托姆 · 清洗洛托姆,special_form,https://raw.githubusercontent.com/PokeAPI/sprites/1dce80ceb372675e9fc7e9f101b71845ef587de2/sprites/pokemon/10009.png,https://raw.githubusercontent.com/PokeAPI/sprites/1dce80ceb372675e9fc7e9f101b71845ef587de2/sprites/pokemon/back/10009.png,not_individually_verified,not_individually_verified
dex:uxie:base,480,由克希,base,https://raw.githubusercontent.com/PokeAPI/sprites/1dce80ceb372675e9fc7e9f101b71845ef587de2/sprites/pokemon/480.png,https://raw.githubusercontent.com/PokeAPI/sprites/1dce80ceb372675e9fc7e9f101b71845ef587de2/sprites/pokemon/back/480.png,not_individually_verified,not_individually_verified
dex:uxie:base:dynamax,480,由克希 · 极巨化,dynamax,https://raw.githubusercontent.com/PokeAPI/sprites/1dce80ceb372675e9fc7e9f101b71845ef587de2/sprites/pokemon/480.png,https://raw.githubusercontent.com/PokeAPI/sprites/1dce80ceb372675e9fc7e9f101b71845ef587de2/sprites/pokemon/back/480.png,not_individually_verified,not_individually_verified
dex:mesprit:base,481,艾姆利多,base,https://raw.githubusercontent.com/PokeAPI/sprites/1dce80ceb372675e9fc7e9f101b71845ef587de2/sprites/pokemon/481.png,https://raw.githubusercontent.com/PokeAPI/sprites/1dce80ceb372675e9fc7e9f101b71845ef587de2/sprites/pokemon/back/481.png,not_individually_verified,not_individually_verified
dex:mesprit:base:dynamax,481,艾姆利多 · 极巨化,dynamax,https://raw.githubusercontent.com/PokeAPI/sprites/1dce80ceb372675e9fc7e9f101b71845ef587de2/sprites/pokemon/481.png,https://raw.githubusercontent.com/PokeAPI/sprites/1dce80ceb372675e9fc7e9f101b71845ef587de2/sprites/pokemon/back/481.png,not_individually_verified,not_individually_verified
dex:azelf:base,482,亚克诺姆,base,https://raw.githubusercontent.com/PokeAPI/sprites/1dce80ceb372675e9fc7e9f101b71845ef587de2/sprites/pokemon/482.png,https://raw.githubusercontent.com/PokeAPI/sprites/1dce80ceb372675e9fc7e9f101b71845ef587de2/sprites/pokemon/back/482.png,not_individually_verified,not_individually_verified
dex:azelf:base:dynamax,482,亚克诺姆 · 极巨化,dynamax,https://raw.githubusercontent.com/PokeAPI/sprites/1dce80ceb372675e9fc7e9f101b71845ef587de2/sprites/pokemon/482.png,https://raw.githubusercontent.com/PokeAPI/sprites/1dce80ceb372675e9fc7e9f101b71845ef587de2/sprites/pokemon/back/482.png,not_individually_verified,not_individually_verified
dex:dialga:base,483,帝牙卢卡,base,https://raw.githubusercontent.com/PokeAPI/sprites/1dce80ceb372675e9fc7e9f101b71845ef587de2/sprites/pokemon/483.png,https://raw.githubusercontent.com/PokeAPI/sprites/1dce80ceb372675e9fc7e9f101b71845ef587de2/sprites/pokemon/back/483.png,not_individually_verified,not_individually_verified
dex:dialga:base:dynamax,483,帝牙卢卡 · 极巨化,dynamax,https://raw.githubusercontent.com/PokeAPI/sprites/1dce80ceb372675e9fc7e9f101b71845ef587de2/sprites/pokemon/483.png,https://raw.githubusercontent.com/PokeAPI/sprites/1dce80ceb372675e9fc7e9f101b71845ef587de2/sprites/pokemon/back/483.png,not_individually_verified,not_individually_verified
dex:form:dialgaorigin,483,帝牙卢卡 · 起源形态,special_form,https://raw.githubusercontent.com/PokeAPI/sprites/1dce80ceb372675e9fc7e9f101b71845ef587de2/sprites/pokemon/10245.png,https://raw.githubusercontent.com/PokeAPI/sprites/1dce80ceb372675e9fc7e9f101b71845ef587de2/sprites/pokemon/back/10245.png,not_individually_verified,not_individually_verified
dex:palkia:base,484,帕路奇亚,base,https://raw.githubusercontent.com/PokeAPI/sprites/1dce80ceb372675e9fc7e9f101b71845ef587de2/sprites/pokemon/484.png,https://raw.githubusercontent.com/PokeAPI/sprites/1dce80ceb372675e9fc7e9f101b71845ef587de2/sprites/pokemon/back/484.png,not_individually_verified,not_individually_verified
dex:palkia:base:dynamax,484,帕路奇亚 · 极巨化,dynamax,https://raw.githubusercontent.com/PokeAPI/sprites/1dce80ceb372675e9fc7e9f101b71845ef587de2/sprites/pokemon/484.png,https://raw.githubusercontent.com/PokeAPI/sprites/1dce80ceb372675e9fc7e9f101b71845ef587de2/sprites/pokemon/back/484.png,not_individually_verified,not_individually_verified
dex:form:palkiaorigin,484,帕路奇亚 · 起源形态,special_form,https://raw.githubusercontent.com/PokeAPI/sprites/1dce80ceb372675e9fc7e9f101b71845ef587de2/sprites/pokemon/10246.png,https://raw.githubusercontent.com/PokeAPI/sprites/1dce80ceb372675e9fc7e9f101b71845ef587de2/sprites/pokemon/back/10246.png,not_individually_verified,not_individually_verified
dex:heatran:base,485,席多蓝恩,base,https://raw.githubusercontent.com/PokeAPI/sprites/1dce80ceb372675e9fc7e9f101b71845ef587de2/sprites/pokemon/485.png,https://raw.githubusercontent.com/PokeAPI/sprites/1dce80ceb372675e9fc7e9f101b71845ef587de2/sprites/pokemon/back/485.png,not_individually_verified,not_individually_verified
dex:form:heatranmega,485,席多蓝恩 · 超级进化,mega,https://raw.githubusercontent.com/PokeAPI/sprites/1dce80ceb372675e9fc7e9f101b71845ef587de2/sprites/pokemon/10311.png,https://raw.githubusercontent.com/PokeAPI/sprites/1dce80ceb372675e9fc7e9f101b71845ef587de2/sprites/pokemon/back/10311.png,not_individually_verified,not_individually_verified
dex:heatran:base:dynamax,485,席多蓝恩 · 极巨化,dynamax,https://raw.githubusercontent.com/PokeAPI/sprites/1dce80ceb372675e9fc7e9f101b71845ef587de2/sprites/pokemon/485.png,https://raw.githubusercontent.com/PokeAPI/sprites/1dce80ceb372675e9fc7e9f101b71845ef587de2/sprites/pokemon/back/485.png,not_individually_verified,not_individually_verified
dex:regigigas:base,486,雷吉奇卡斯,base,https://raw.githubusercontent.com/PokeAPI/sprites/1dce80ceb372675e9fc7e9f101b71845ef587de2/sprites/pokemon/486.png,https://raw.githubusercontent.com/PokeAPI/sprites/1dce80ceb372675e9fc7e9f101b71845ef587de2/sprites/pokemon/back/486.png,not_individually_verified,not_individually_verified
dex:regigigas:base:dynamax,486,雷吉奇卡斯 · 极巨化,dynamax,https://raw.githubusercontent.com/PokeAPI/sprites/1dce80ceb372675e9fc7e9f101b71845ef587de2/sprites/pokemon/486.png,https://raw.githubusercontent.com/PokeAPI/sprites/1dce80ceb372675e9fc7e9f101b71845ef587de2/sprites/pokemon/back/486.png,not_individually_verified,not_individually_verified
dex:giratina:base,487,骑拉帝纳,base,https://raw.githubusercontent.com/PokeAPI/sprites/1dce80ceb372675e9fc7e9f101b71845ef587de2/sprites/pokemon/487.png,https://raw.githubusercontent.com/PokeAPI/sprites/1dce80ceb372675e9fc7e9f101b71845ef587de2/sprites/pokemon/back/487.png,not_individually_verified,not_individually_verified
dex:form:giratinaorigin:dynamax,487,骑拉帝纳 · 起源形态 · 极巨化,dynamax,https://raw.githubusercontent.com/PokeAPI/sprites/1dce80ceb372675e9fc7e9f101b71845ef587de2/sprites/pokemon/10007.png,https://raw.githubusercontent.com/PokeAPI/sprites/1dce80ceb372675e9fc7e9f101b71845ef587de2/sprites/pokemon/back/10007.png,not_individually_verified,not_individually_verified
dex:giratina:base:dynamax,487,骑拉帝纳 · 极巨化,dynamax,https://raw.githubusercontent.com/PokeAPI/sprites/1dce80ceb372675e9fc7e9f101b71845ef587de2/sprites/pokemon/487.png,https://raw.githubusercontent.com/PokeAPI/sprites/1dce80ceb372675e9fc7e9f101b71845ef587de2/sprites/pokemon/back/487.png,not_individually_verified,not_individually_verified
dex:form:giratinaorigin,487,骑拉帝纳 · 起源形态,special_form,https://raw.githubusercontent.com/PokeAPI/sprites/1dce80ceb372675e9fc7e9f101b71845ef587de2/sprites/pokemon/10007.png,https://raw.githubusercontent.com/PokeAPI/sprites/1dce80ceb372675e9fc7e9f101b71845ef587de2/sprites/pokemon/back/10007.png,not_individually_verified,not_individually_verified
dex:cresselia:base,488,克雷色利亚,base,https://raw.githubusercontent.com/PokeAPI/sprites/1dce80ceb372675e9fc7e9f101b71845ef587de2/sprites/pokemon/488.png,https://raw.githubusercontent.com/PokeAPI/sprites/1dce80ceb372675e9fc7e9f101b71845ef587de2/sprites/pokemon/back/488.png,not_individually_verified,not_individually_verified
dex:cresselia:base:dynamax,488,克雷色利亚 · 极巨化,dynamax,https://raw.githubusercontent.com/PokeAPI/sprites/1dce80ceb372675e9fc7e9f101b71845ef587de2/sprites/pokemon/488.png,https://raw.githubusercontent.com/PokeAPI/sprites/1dce80ceb372675e9fc7e9f101b71845ef587de2/sprites/pokemon/back/488.png,not_individually_verified,not_individually_verified
dex:phione:base,489,霏欧纳,base,https://raw.githubusercontent.com/PokeAPI/sprites/1dce80ceb372675e9fc7e9f101b71845ef587de2/sprites/pokemon/489.png,https://raw.githubusercontent.com/PokeAPI/sprites/1dce80ceb372675e9fc7e9f101b71845ef587de2/sprites/pokemon/back/489.png,not_individually_verified,not_individually_verified
dex:manaphy:base,490,玛纳霏,base,https://raw.githubusercontent.com/PokeAPI/sprites/1dce80ceb372675e9fc7e9f101b71845ef587de2/sprites/pokemon/490.png,https://raw.githubusercontent.com/PokeAPI/sprites/1dce80ceb372675e9fc7e9f101b71845ef587de2/sprites/pokemon/back/490.png,not_individually_verified,not_individually_verified
dex:darkrai:base,491,达克莱伊,base,https://raw.githubusercontent.com/PokeAPI/sprites/1dce80ceb372675e9fc7e9f101b71845ef587de2/sprites/pokemon/491.png,https://raw.githubusercontent.com/PokeAPI/sprites/1dce80ceb372675e9fc7e9f101b71845ef587de2/sprites/pokemon/back/491.png,not_individually_verified,not_individually_verified
dex:form:darkraimega,491,达克莱伊 · 超级进化,mega,https://raw.githubusercontent.com/PokeAPI/sprites/1dce80ceb372675e9fc7e9f101b71845ef587de2/sprites/pokemon/10312.png,https://raw.githubusercontent.com/PokeAPI/sprites/1dce80ceb372675e9fc7e9f101b71845ef587de2/sprites/pokemon/back/10312.png,not_individually_verified,not_individually_verified
dex:shaymin:base,492,谢米,base,https://raw.githubusercontent.com/PokeAPI/sprites/1dce80ceb372675e9fc7e9f101b71845ef587de2/sprites/pokemon/492.png,https://raw.githubusercontent.com/PokeAPI/sprites/1dce80ceb372675e9fc7e9f101b71845ef587de2/sprites/pokemon/back/492.png,not_individually_verified,not_individually_verified
dex:form:shayminsky,492,谢米 · 天空形态,special_form,https://raw.githubusercontent.com/PokeAPI/sprites/1dce80ceb372675e9fc7e9f101b71845ef587de2/sprites/pokemon/10006.png,https://raw.githubusercontent.com/PokeAPI/sprites/1dce80ceb372675e9fc7e9f101b71845ef587de2/sprites/pokemon/back/10006.png,not_individually_verified,not_individually_verified
dex:arceus:base,493,阿尔宙斯,base,https://raw.githubusercontent.com/PokeAPI/sprites/1dce80ceb372675e9fc7e9f101b71845ef587de2/sprites/pokemon/493.png,https://raw.githubusercontent.com/PokeAPI/sprites/1dce80ceb372675e9fc7e9f101b71845ef587de2/sprites/pokemon/back/493.png,not_individually_verified,not_individually_verified
dex:form:arceusbug,493,阿尔宙斯 · 虫属性,type_form,https://raw.githubusercontent.com/PokeAPI/sprites/1dce80ceb372675e9fc7e9f101b71845ef587de2/sprites/pokemon/493-bug.png,https://raw.githubusercontent.com/PokeAPI/sprites/1dce80ceb372675e9fc7e9f101b71845ef587de2/sprites/pokemon/back/493-bug.png,not_individually_verified,not_individually_verified
dex:form:arceusdark,493,阿尔宙斯 · 恶属性,type_form,https://raw.githubusercontent.com/PokeAPI/sprites/1dce80ceb372675e9fc7e9f101b71845ef587de2/sprites/pokemon/493-dark.png,https://raw.githubusercontent.com/PokeAPI/sprites/1dce80ceb372675e9fc7e9f101b71845ef587de2/sprites/pokemon/back/493-dark.png,not_individually_verified,not_individually_verified
dex:form:arceusdragon,493,阿尔宙斯 · 龙属性,type_form,https://raw.githubusercontent.com/PokeAPI/sprites/1dce80ceb372675e9fc7e9f101b71845ef587de2/sprites/pokemon/493-dragon.png,https://raw.githubusercontent.com/PokeAPI/sprites/1dce80ceb372675e9fc7e9f101b71845ef587de2/sprites/pokemon/back/493-dragon.png,not_individually_verified,not_individually_verified
dex:form:arceuselectric,493,阿尔宙斯 · 电属性,type_form,https://raw.githubusercontent.com/PokeAPI/sprites/1dce80ceb372675e9fc7e9f101b71845ef587de2/sprites/pokemon/493-electric.png,https://raw.githubusercontent.com/PokeAPI/sprites/1dce80ceb372675e9fc7e9f101b71845ef587de2/sprites/pokemon/back/493-electric.png,not_individually_verified,not_individually_verified
dex:form:arceusfairy,493,阿尔宙斯 · 妖精属性,type_form,https://raw.githubusercontent.com/PokeAPI/sprites/1dce80ceb372675e9fc7e9f101b71845ef587de2/sprites/pokemon/493-fairy.png,https://raw.githubusercontent.com/PokeAPI/sprites/1dce80ceb372675e9fc7e9f101b71845ef587de2/sprites/pokemon/back/493-fairy.png,not_individually_verified,not_individually_verified
dex:form:arceusfighting,493,阿尔宙斯 · 格斗属性,type_form,https://raw.githubusercontent.com/PokeAPI/sprites/1dce80ceb372675e9fc7e9f101b71845ef587de2/sprites/pokemon/493-fighting.png,https://raw.githubusercontent.com/PokeAPI/sprites/1dce80ceb372675e9fc7e9f101b71845ef587de2/sprites/pokemon/back/493-fighting.png,not_individually_verified,not_individually_verified
dex:form:arceusfire,493,阿尔宙斯 · 火属性,type_form,https://raw.githubusercontent.com/PokeAPI/sprites/1dce80ceb372675e9fc7e9f101b71845ef587de2/sprites/pokemon/493-fire.png,https://raw.githubusercontent.com/PokeAPI/sprites/1dce80ceb372675e9fc7e9f101b71845ef587de2/sprites/pokemon/back/493-fire.png,not_individually_verified,not_individually_verified
dex:form:arceusflying,493,阿尔宙斯 · 飞行属性,type_form,https://raw.githubusercontent.com/PokeAPI/sprites/1dce80ceb372675e9fc7e9f101b71845ef587de2/sprites/pokemon/493-flying.png,https://raw.githubusercontent.com/PokeAPI/sprites/1dce80ceb372675e9fc7e9f101b71845ef587de2/sprites/pokemon/back/493-flying.png,not_individually_verified,not_individually_verified
dex:form:arceusghost,493,阿尔宙斯 · 幽灵属性,type_form,https://raw.githubusercontent.com/PokeAPI/sprites/1dce80ceb372675e9fc7e9f101b71845ef587de2/sprites/pokemon/493-ghost.png,https://raw.githubusercontent.com/PokeAPI/sprites/1dce80ceb372675e9fc7e9f101b71845ef587de2/sprites/pokemon/back/493-ghost.png,not_individually_verified,not_individually_verified
dex:form:arceusgrass,493,阿尔宙斯 · 草属性,type_form,https://raw.githubusercontent.com/PokeAPI/sprites/1dce80ceb372675e9fc7e9f101b71845ef587de2/sprites/pokemon/493-grass.png,https://raw.githubusercontent.com/PokeAPI/sprites/1dce80ceb372675e9fc7e9f101b71845ef587de2/sprites/pokemon/back/493-grass.png,not_individually_verified,not_individually_verified
dex:form:arceusground,493,阿尔宙斯 · 地面属性,type_form,https://raw.githubusercontent.com/PokeAPI/sprites/1dce80ceb372675e9fc7e9f101b71845ef587de2/sprites/pokemon/493-ground.png,https://raw.githubusercontent.com/PokeAPI/sprites/1dce80ceb372675e9fc7e9f101b71845ef587de2/sprites/pokemon/back/493-ground.png,not_individually_verified,not_individually_verified
dex:form:arceusice,493,阿尔宙斯 · 冰属性,type_form,https://raw.githubusercontent.com/PokeAPI/sprites/1dce80ceb372675e9fc7e9f101b71845ef587de2/sprites/pokemon/493-ice.png,https://raw.githubusercontent.com/PokeAPI/sprites/1dce80ceb372675e9fc7e9f101b71845ef587de2/sprites/pokemon/back/493-ice.png,not_individually_verified,not_individually_verified
dex:form:arceuspoison,493,阿尔宙斯 · 毒属性,type_form,https://raw.githubusercontent.com/PokeAPI/sprites/1dce80ceb372675e9fc7e9f101b71845ef587de2/sprites/pokemon/493-poison.png,https://raw.githubusercontent.com/PokeAPI/sprites/1dce80ceb372675e9fc7e9f101b71845ef587de2/sprites/pokemon/back/493-poison.png,not_individually_verified,not_individually_verified
dex:form:arceuspsychic,493,阿尔宙斯 · 超能力属性,type_form,https://raw.githubusercontent.com/PokeAPI/sprites/1dce80ceb372675e9fc7e9f101b71845ef587de2/sprites/pokemon/493-psychic.png,https://raw.githubusercontent.com/PokeAPI/sprites/1dce80ceb372675e9fc7e9f101b71845ef587de2/sprites/pokemon/back/493-psychic.png,not_individually_verified,not_individually_verified
dex:form:arceusrock,493,阿尔宙斯 · 岩石属性,type_form,https://raw.githubusercontent.com/PokeAPI/sprites/1dce80ceb372675e9fc7e9f101b71845ef587de2/sprites/pokemon/493-rock.png,https://raw.githubusercontent.com/PokeAPI/sprites/1dce80ceb372675e9fc7e9f101b71845ef587de2/sprites/pokemon/back/493-rock.png,not_individually_verified,not_individually_verified
dex:form:arceussteel,493,阿尔宙斯 · 钢属性,type_form,https://raw.githubusercontent.com/PokeAPI/sprites/1dce80ceb372675e9fc7e9f101b71845ef587de2/sprites/pokemon/493-steel.png,https://raw.githubusercontent.com/PokeAPI/sprites/1dce80ceb372675e9fc7e9f101b71845ef587de2/sprites/pokemon/back/493-steel.png,not_individually_verified,not_individually_verified
dex:form:arceuswater,493,阿尔宙斯 · 水属性,type_form,https://raw.githubusercontent.com/PokeAPI/sprites/1dce80ceb372675e9fc7e9f101b71845ef587de2/sprites/pokemon/493-water.png,https://raw.githubusercontent.com/PokeAPI/sprites/1dce80ceb372675e9fc7e9f101b71845ef587de2/sprites/pokemon/back/493-water.png,not_individually_verified,not_individually_verified
dex:omni:ultra58:1336,493,阿尔宙斯 · 光之石形态,source_variant,/ultra-art/1336-front_default.png,/ultra-art/1336-back_default.png,not_individually_verified,not_individually_verified
dex:omni:ultra58:1337,493,阿尔宙斯 · 暗之石形态,source_variant,/ultra-art/1337-front_default.png,/ultra-art/1337-back_default.png,not_individually_verified,not_individually_verified
dex:victini:base,494,比克提尼,base,https://raw.githubusercontent.com/PokeAPI/sprites/1dce80ceb372675e9fc7e9f101b71845ef587de2/sprites/pokemon/494.png,https://raw.githubusercontent.com/PokeAPI/sprites/1dce80ceb372675e9fc7e9f101b71845ef587de2/sprites/pokemon/back/494.png,not_individually_verified,not_individually_verified
dex:victini:base:dynamax,494,比克提尼 · 极巨化,dynamax,https://raw.githubusercontent.com/PokeAPI/sprites/1dce80ceb372675e9fc7e9f101b71845ef587de2/sprites/pokemon/494.png,https://raw.githubusercontent.com/PokeAPI/sprites/1dce80ceb372675e9fc7e9f101b71845ef587de2/sprites/pokemon/back/494.png,not_individually_verified,not_individually_verified
dex:snivy:base,495,藤藤蛇,base,https://raw.githubusercontent.com/PokeAPI/sprites/1dce80ceb372675e9fc7e9f101b71845ef587de2/sprites/pokemon/495.png,https://raw.githubusercontent.com/PokeAPI/sprites/1dce80ceb372675e9fc7e9f101b71845ef587de2/sprites/pokemon/back/495.png,not_individually_verified,not_individually_verified
dex:servine:base,496,青藤蛇,base,https://raw.githubusercontent.com/PokeAPI/sprites/1dce80ceb372675e9fc7e9f101b71845ef587de2/sprites/pokemon/496.png,https://raw.githubusercontent.com/PokeAPI/sprites/1dce80ceb372675e9fc7e9f101b71845ef587de2/sprites/pokemon/back/496.png,not_individually_verified,not_individually_verified
dex:serperior:base,497,君主蛇,base,https://raw.githubusercontent.com/PokeAPI/sprites/1dce80ceb372675e9fc7e9f101b71845ef587de2/sprites/pokemon/497.png,https://raw.githubusercontent.com/PokeAPI/sprites/1dce80ceb372675e9fc7e9f101b71845ef587de2/sprites/pokemon/back/497.png,not_individually_verified,not_individually_verified
dex:omni:ultra58:430,497,超级君主蛇,source_variant,/ultra-art/430-front_default.png,/ultra-art/430-back_default.png,not_individually_verified,not_individually_verified
dex:tepig:base,498,暖暖猪,base,https://raw.githubusercontent.com/PokeAPI/sprites/1dce80ceb372675e9fc7e9f101b71845ef587de2/sprites/pokemon/498.png,https://raw.githubusercontent.com/PokeAPI/sprites/1dce80ceb372675e9fc7e9f101b71845ef587de2/sprites/pokemon/back/498.png,not_individually_verified,not_individually_verified
dex:pignite:base,499,炒炒猪,base,https://raw.githubusercontent.com/PokeAPI/sprites/1dce80ceb372675e9fc7e9f101b71845ef587de2/sprites/pokemon/499.png,https://raw.githubusercontent.com/PokeAPI/sprites/1dce80ceb372675e9fc7e9f101b71845ef587de2/sprites/pokemon/back/499.png,not_individually_verified,not_individually_verified
dex:emboar:base,500,炎武王,base,https://raw.githubusercontent.com/PokeAPI/sprites/1dce80ceb372675e9fc7e9f101b71845ef587de2/sprites/pokemon/500.png,https://raw.githubusercontent.com/PokeAPI/sprites/1dce80ceb372675e9fc7e9f101b71845ef587de2/sprites/pokemon/back/500.png,not_individually_verified,not_individually_verified
dex:form:emboarmega,500,炎武王 · 超级进化,mega,https://raw.githubusercontent.com/PokeAPI/sprites/1dce80ceb372675e9fc7e9f101b71845ef587de2/sprites/pokemon/10286.png,https://raw.githubusercontent.com/PokeAPI/sprites/1dce80ceb372675e9fc7e9f101b71845ef587de2/sprites/pokemon/back/10286.png,not_individually_verified,not_individually_verified
dex:oshawott:base,501,水水獭,base,https://raw.githubusercontent.com/PokeAPI/sprites/1dce80ceb372675e9fc7e9f101b71845ef587de2/sprites/pokemon/501.png,https://raw.githubusercontent.com/PokeAPI/sprites/1dce80ceb372675e9fc7e9f101b71845ef587de2/sprites/pokemon/back/501.png,not_individually_verified,not_individually_verified
dex:dewott:base,502,双刃丸,base,https://raw.githubusercontent.com/PokeAPI/sprites/1dce80ceb372675e9fc7e9f101b71845ef587de2/sprites/pokemon/502.png,https://raw.githubusercontent.com/PokeAPI/sprites/1dce80ceb372675e9fc7e9f101b71845ef587de2/sprites/pokemon/back/502.png,not_individually_verified,not_individually_verified
dex:samurott:base,503,大剑鬼,base,https://raw.githubusercontent.com/PokeAPI/sprites/1dce80ceb372675e9fc7e9f101b71845ef587de2/sprites/pokemon/503.png,https://raw.githubusercontent.com/PokeAPI/sprites/1dce80ceb372675e9fc7e9f101b71845ef587de2/sprites/pokemon/back/503.png,not_individually_verified,not_individually_verified
dex:form:samurotthisui,503,大剑鬼 · 洗翠,regional,https://raw.githubusercontent.com/PokeAPI/sprites/1dce80ceb372675e9fc7e9f101b71845ef587de2/sprites/pokemon/10236.png,https://raw.githubusercontent.com/PokeAPI/sprites/1dce80ceb372675e9fc7e9f101b71845ef587de2/sprites/pokemon/back/10236.png,not_individually_verified,not_individually_verified
dex:patrat:base,504,探探鼠,base,https://raw.githubusercontent.com/PokeAPI/sprites/1dce80ceb372675e9fc7e9f101b71845ef587de2/sprites/pokemon/504.png,https://raw.githubusercontent.com/PokeAPI/sprites/1dce80ceb372675e9fc7e9f101b71845ef587de2/sprites/pokemon/back/504.png,not_individually_verified,not_individually_verified
dex:watchog:base,505,步哨鼠,base,https://raw.githubusercontent.com/PokeAPI/sprites/1dce80ceb372675e9fc7e9f101b71845ef587de2/sprites/pokemon/505.png,https://raw.githubusercontent.com/PokeAPI/sprites/1dce80ceb372675e9fc7e9f101b71845ef587de2/sprites/pokemon/back/505.png,not_individually_verified,not_individually_verified
dex:lillipup:base,506,小约克,base,https://raw.githubusercontent.com/PokeAPI/sprites/1dce80ceb372675e9fc7e9f101b71845ef587de2/sprites/pokemon/506.png,https://raw.githubusercontent.com/PokeAPI/sprites/1dce80ceb372675e9fc7e9f101b71845ef587de2/sprites/pokemon/back/506.png,not_individually_verified,not_individually_verified
dex:lillipup:base:dynamax,506,小约克 · 极巨化,dynamax,https://raw.githubusercontent.com/PokeAPI/sprites/1dce80ceb372675e9fc7e9f101b71845ef587de2/sprites/pokemon/506.png,https://raw.githubusercontent.com/PokeAPI/sprites/1dce80ceb372675e9fc7e9f101b71845ef587de2/sprites/pokemon/back/506.png,not_individually_verified,not_individually_verified
dex:herdier:base,507,哈约克,base,https://raw.githubusercontent.com/PokeAPI/sprites/1dce80ceb372675e9fc7e9f101b71845ef587de2/sprites/pokemon/507.png,https://raw.githubusercontent.com/PokeAPI/sprites/1dce80ceb372675e9fc7e9f101b71845ef587de2/sprites/pokemon/back/507.png,not_individually_verified,not_individually_verified
dex:herdier:base:dynamax,507,哈约克 · 极巨化,dynamax,https://raw.githubusercontent.com/PokeAPI/sprites/1dce80ceb372675e9fc7e9f101b71845ef587de2/sprites/pokemon/507.png,https://raw.githubusercontent.com/PokeAPI/sprites/1dce80ceb372675e9fc7e9f101b71845ef587de2/sprites/pokemon/back/507.png,not_individually_verified,not_individually_verified
dex:stoutland:base,508,长毛狗,base,https://raw.githubusercontent.com/PokeAPI/sprites/1dce80ceb372675e9fc7e9f101b71845ef587de2/sprites/pokemon/508.png,https://raw.githubusercontent.com/PokeAPI/sprites/1dce80ceb372675e9fc7e9f101b71845ef587de2/sprites/pokemon/back/508.png,not_individually_verified,not_individually_verified
dex:stoutland:base:dynamax,508,长毛狗 · 极巨化,dynamax,https://raw.githubusercontent.com/PokeAPI/sprites/1dce80ceb372675e9fc7e9f101b71845ef587de2/sprites/pokemon/508.png,https://raw.githubusercontent.com/PokeAPI/sprites/1dce80ceb372675e9fc7e9f101b71845ef587de2/sprites/pokemon/back/508.png,not_individually_verified,not_individually_verified
dex:purrloin:base,509,扒手猫,base,https://raw.githubusercontent.com/PokeAPI/sprites/1dce80ceb372675e9fc7e9f101b71845ef587de2/sprites/pokemon/509.png,https://raw.githubusercontent.com/PokeAPI/sprites/1dce80ceb372675e9fc7e9f101b71845ef587de2/sprites/pokemon/back/509.png,not_individually_verified,not_individually_verified
dex:purrloin:base:dynamax,509,扒手猫 · 极巨化,dynamax,https://raw.githubusercontent.com/PokeAPI/sprites/1dce80ceb372675e9fc7e9f101b71845ef587de2/sprites/pokemon/509.png,https://raw.githubusercontent.com/PokeAPI/sprites/1dce80ceb372675e9fc7e9f101b71845ef587de2/sprites/pokemon/back/509.png,not_individually_verified,not_individually_verified
dex:liepard:base,510,酷豹,base,https://raw.githubusercontent.com/PokeAPI/sprites/1dce80ceb372675e9fc7e9f101b71845ef587de2/sprites/pokemon/510.png,https://raw.githubusercontent.com/PokeAPI/sprites/1dce80ceb372675e9fc7e9f101b71845ef587de2/sprites/pokemon/back/510.png,not_individually_verified,not_individually_verified
dex:liepard:base:dynamax,510,酷豹 · 极巨化,dynamax,https://raw.githubusercontent.com/PokeAPI/sprites/1dce80ceb372675e9fc7e9f101b71845ef587de2/sprites/pokemon/510.png,https://raw.githubusercontent.com/PokeAPI/sprites/1dce80ceb372675e9fc7e9f101b71845ef587de2/sprites/pokemon/back/510.png,not_individually_verified,not_individually_verified
dex:pansage:base,511,花椰猴,base,https://raw.githubusercontent.com/PokeAPI/sprites/1dce80ceb372675e9fc7e9f101b71845ef587de2/sprites/pokemon/511.png,https://raw.githubusercontent.com/PokeAPI/sprites/1dce80ceb372675e9fc7e9f101b71845ef587de2/sprites/pokemon/back/511.png,not_individually_verified,not_individually_verified
dex:simisage:base,512,花椰猿,base,https://raw.githubusercontent.com/PokeAPI/sprites/1dce80ceb372675e9fc7e9f101b71845ef587de2/sprites/pokemon/512.png,https://raw.githubusercontent.com/PokeAPI/sprites/1dce80ceb372675e9fc7e9f101b71845ef587de2/sprites/pokemon/back/512.png,not_individually_verified,not_individually_verified
dex:pansear:base,513,爆香猴,base,https://raw.githubusercontent.com/PokeAPI/sprites/1dce80ceb372675e9fc7e9f101b71845ef587de2/sprites/pokemon/513.png,https://raw.githubusercontent.com/PokeAPI/sprites/1dce80ceb372675e9fc7e9f101b71845ef587de2/sprites/pokemon/back/513.png,not_individually_verified,not_individually_verified
dex:simisear:base,514,爆香猿,base,https://raw.githubusercontent.com/PokeAPI/sprites/1dce80ceb372675e9fc7e9f101b71845ef587de2/sprites/pokemon/514.png,https://raw.githubusercontent.com/PokeAPI/sprites/1dce80ceb372675e9fc7e9f101b71845ef587de2/sprites/pokemon/back/514.png,not_individually_verified,not_individually_verified
dex:panpour:base,515,冷水猴,base,https://raw.githubusercontent.com/PokeAPI/sprites/1dce80ceb372675e9fc7e9f101b71845ef587de2/sprites/pokemon/515.png,https://raw.githubusercontent.com/PokeAPI/sprites/1dce80ceb372675e9fc7e9f101b71845ef587de2/sprites/pokemon/back/515.png,not_individually_verified,not_individually_verified
dex:simipour:base,516,冷水猿,base,https://raw.githubusercontent.com/PokeAPI/sprites/1dce80ceb372675e9fc7e9f101b71845ef587de2/sprites/pokemon/516.png,https://raw.githubusercontent.com/PokeAPI/sprites/1dce80ceb372675e9fc7e9f101b71845ef587de2/sprites/pokemon/back/516.png,not_individually_verified,not_individually_verified
dex:munna:base,517,食梦梦,base,https://raw.githubusercontent.com/PokeAPI/sprites/1dce80ceb372675e9fc7e9f101b71845ef587de2/sprites/pokemon/517.png,https://raw.githubusercontent.com/PokeAPI/sprites/1dce80ceb372675e9fc7e9f101b71845ef587de2/sprites/pokemon/back/517.png,not_individually_verified,not_individually_verified
dex:munna:base:dynamax,517,食梦梦 · 极巨化,dynamax,https://raw.githubusercontent.com/PokeAPI/sprites/1dce80ceb372675e9fc7e9f101b71845ef587de2/sprites/pokemon/517.png,https://raw.githubusercontent.com/PokeAPI/sprites/1dce80ceb372675e9fc7e9f101b71845ef587de2/sprites/pokemon/back/517.png,not_individually_verified,not_individually_verified
dex:musharna:base,518,梦梦蚀,base,https://raw.githubusercontent.com/PokeAPI/sprites/1dce80ceb372675e9fc7e9f101b71845ef587de2/sprites/pokemon/518.png,https://raw.githubusercontent.com/PokeAPI/sprites/1dce80ceb372675e9fc7e9f101b71845ef587de2/sprites/pokemon/back/518.png,not_individually_verified,not_individually_verified
dex:musharna:base:dynamax,518,梦梦蚀 · 极巨化,dynamax,https://raw.githubusercontent.com/PokeAPI/sprites/1dce80ceb372675e9fc7e9f101b71845ef587de2/sprites/pokemon/518.png,https://raw.githubusercontent.com/PokeAPI/sprites/1dce80ceb372675e9fc7e9f101b71845ef587de2/sprites/pokemon/back/518.png,not_individually_verified,not_individually_verified
dex:pidove:base,519,豆豆鸽,base,https://raw.githubusercontent.com/PokeAPI/sprites/1dce80ceb372675e9fc7e9f101b71845ef587de2/sprites/pokemon/519.png,https://raw.githubusercontent.com/PokeAPI/sprites/1dce80ceb372675e9fc7e9f101b71845ef587de2/sprites/pokemon/back/519.png,not_individually_verified,not_individually_verified
dex:pidove:base:dynamax,519,豆豆鸽 · 极巨化,dynamax,https://raw.githubusercontent.com/PokeAPI/sprites/1dce80ceb372675e9fc7e9f101b71845ef587de2/sprites/pokemon/519.png,https://raw.githubusercontent.com/PokeAPI/sprites/1dce80ceb372675e9fc7e9f101b71845ef587de2/sprites/pokemon/back/519.png,not_individually_verified,not_individually_verified
dex:tranquill:base,520,咕咕鸽,base,https://raw.githubusercontent.com/PokeAPI/sprites/1dce80ceb372675e9fc7e9f101b71845ef587de2/sprites/pokemon/520.png,https://raw.githubusercontent.com/PokeAPI/sprites/1dce80ceb372675e9fc7e9f101b71845ef587de2/sprites/pokemon/back/520.png,not_individually_verified,not_individually_verified
dex:tranquill:base:dynamax,520,咕咕鸽 · 极巨化,dynamax,https://raw.githubusercontent.com/PokeAPI/sprites/1dce80ceb372675e9fc7e9f101b71845ef587de2/sprites/pokemon/520.png,https://raw.githubusercontent.com/PokeAPI/sprites/1dce80ceb372675e9fc7e9f101b71845ef587de2/sprites/pokemon/back/520.png,not_individually_verified,not_individually_verified
dex:unfezant:base,521,高傲雉鸡,base,https://raw.githubusercontent.com/PokeAPI/sprites/1dce80ceb372675e9fc7e9f101b71845ef587de2/sprites/pokemon/521.png,https://raw.githubusercontent.com/PokeAPI/sprites/1dce80ceb372675e9fc7e9f101b71845ef587de2/sprites/pokemon/back/521.png,not_individually_verified,not_individually_verified
dex:unfezant:base:dynamax,521,高傲雉鸡 · 极巨化,dynamax,https://raw.githubusercontent.com/PokeAPI/sprites/1dce80ceb372675e9fc7e9f101b71845ef587de2/sprites/pokemon/521.png,https://raw.githubusercontent.com/PokeAPI/sprites/1dce80ceb372675e9fc7e9f101b71845ef587de2/sprites/pokemon/back/521.png,not_individually_verified,not_individually_verified
dex:blitzle:base,522,斑斑马,base,https://raw.githubusercontent.com/PokeAPI/sprites/1dce80ceb372675e9fc7e9f101b71845ef587de2/sprites/pokemon/522.png,https://raw.githubusercontent.com/PokeAPI/sprites/1dce80ceb372675e9fc7e9f101b71845ef587de2/sprites/pokemon/back/522.png,not_individually_verified,not_individually_verified
dex:zebstrika:base,523,雷电斑马,base,https://raw.githubusercontent.com/PokeAPI/sprites/1dce80ceb372675e9fc7e9f101b71845ef587de2/sprites/pokemon/523.png,https://raw.githubusercontent.com/PokeAPI/sprites/1dce80ceb372675e9fc7e9f101b71845ef587de2/sprites/pokemon/back/523.png,not_individually_verified,not_individually_verified
dex:roggenrola:base,524,石丸子,base,https://raw.githubusercontent.com/PokeAPI/sprites/1dce80ceb372675e9fc7e9f101b71845ef587de2/sprites/pokemon/524.png,https://raw.githubusercontent.com/PokeAPI/sprites/1dce80ceb372675e9fc7e9f101b71845ef587de2/sprites/pokemon/back/524.png,not_individually_verified,not_individually_verified
dex:roggenrola:base:dynamax,524,石丸子 · 极巨化,dynamax,https://raw.githubusercontent.com/PokeAPI/sprites/1dce80ceb372675e9fc7e9f101b71845ef587de2/sprites/pokemon/524.png,https://raw.githubusercontent.com/PokeAPI/sprites/1dce80ceb372675e9fc7e9f101b71845ef587de2/sprites/pokemon/back/524.png,not_individually_verified,not_individually_verified
dex:boldore:base,525,地幔岩,base,https://raw.githubusercontent.com/PokeAPI/sprites/1dce80ceb372675e9fc7e9f101b71845ef587de2/sprites/pokemon/525.png,https://raw.githubusercontent.com/PokeAPI/sprites/1dce80ceb372675e9fc7e9f101b71845ef587de2/sprites/pokemon/back/525.png,not_individually_verified,not_individually_verified
dex:boldore:base:dynamax,525,地幔岩 · 极巨化,dynamax,https://raw.githubusercontent.com/PokeAPI/sprites/1dce80ceb372675e9fc7e9f101b71845ef587de2/sprites/pokemon/525.png,https://raw.githubusercontent.com/PokeAPI/sprites/1dce80ceb372675e9fc7e9f101b71845ef587de2/sprites/pokemon/back/525.png,not_individually_verified,not_individually_verified
dex:gigalith:base,526,庞岩怪,base,https://raw.githubusercontent.com/PokeAPI/sprites/1dce80ceb372675e9fc7e9f101b71845ef587de2/sprites/pokemon/526.png,https://raw.githubusercontent.com/PokeAPI/sprites/1dce80ceb372675e9fc7e9f101b71845ef587de2/sprites/pokemon/back/526.png,not_individually_verified,not_individually_verified
dex:gigalith:base:dynamax,526,庞岩怪 · 极巨化,dynamax,https://raw.githubusercontent.com/PokeAPI/sprites/1dce80ceb372675e9fc7e9f101b71845ef587de2/sprites/pokemon/526.png,https://raw.githubusercontent.com/PokeAPI/sprites/1dce80ceb372675e9fc7e9f101b71845ef587de2/sprites/pokemon/back/526.png,not_individually_verified,not_individually_verified
dex:woobat:base,527,滚滚蝙蝠,base,https://raw.githubusercontent.com/PokeAPI/sprites/1dce80ceb372675e9fc7e9f101b71845ef587de2/sprites/pokemon/527.png,https://raw.githubusercontent.com/PokeAPI/sprites/1dce80ceb372675e9fc7e9f101b71845ef587de2/sprites/pokemon/back/527.png,not_individually_verified,not_individually_verified
dex:woobat:base:dynamax,527,滚滚蝙蝠 · 极巨化,dynamax,https://raw.githubusercontent.com/PokeAPI/sprites/1dce80ceb372675e9fc7e9f101b71845ef587de2/sprites/pokemon/527.png,https://raw.githubusercontent.com/PokeAPI/sprites/1dce80ceb372675e9fc7e9f101b71845ef587de2/sprites/pokemon/back/527.png,not_individually_verified,not_individually_verified
dex:swoobat:base,528,心蝙蝠,base,https://raw.githubusercontent.com/PokeAPI/sprites/1dce80ceb372675e9fc7e9f101b71845ef587de2/sprites/pokemon/528.png,https://raw.githubusercontent.com/PokeAPI/sprites/1dce80ceb372675e9fc7e9f101b71845ef587de2/sprites/pokemon/back/528.png,not_individually_verified,not_individually_verified
dex:swoobat:base:dynamax,528,心蝙蝠 · 极巨化,dynamax,https://raw.githubusercontent.com/PokeAPI/sprites/1dce80ceb372675e9fc7e9f101b71845ef587de2/sprites/pokemon/528.png,https://raw.githubusercontent.com/PokeAPI/sprites/1dce80ceb372675e9fc7e9f101b71845ef587de2/sprites/pokemon/back/528.png,not_individually_verified,not_individually_verified
dex:drilbur:base,529,螺钉地鼠,base,https://raw.githubusercontent.com/PokeAPI/sprites/1dce80ceb372675e9fc7e9f101b71845ef587de2/sprites/pokemon/529.png,https://raw.githubusercontent.com/PokeAPI/sprites/1dce80ceb372675e9fc7e9f101b71845ef587de2/sprites/pokemon/back/529.png,not_individually_verified,not_individually_verified
dex:drilbur:base:dynamax,529,螺钉地鼠 · 极巨化,dynamax,https://raw.githubusercontent.com/PokeAPI/sprites/1dce80ceb372675e9fc7e9f101b71845ef587de2/sprites/pokemon/529.png,https://raw.githubusercontent.com/PokeAPI/sprites/1dce80ceb372675e9fc7e9f101b71845ef587de2/sprites/pokemon/back/529.png,not_individually_verified,not_individually_verified
dex:excadrill:base,530,龙头地鼠,base,https://raw.githubusercontent.com/PokeAPI/sprites/1dce80ceb372675e9fc7e9f101b71845ef587de2/sprites/pokemon/530.png,https://raw.githubusercontent.com/PokeAPI/sprites/1dce80ceb372675e9fc7e9f101b71845ef587de2/sprites/pokemon/back/530.png,not_individually_verified,not_individually_verified
dex:form:excadrillmega,530,龙头地鼠 · 超级进化,mega,https://raw.githubusercontent.com/PokeAPI/sprites/1dce80ceb372675e9fc7e9f101b71845ef587de2/sprites/pokemon/10287.png,https://raw.githubusercontent.com/PokeAPI/sprites/1dce80ceb372675e9fc7e9f101b71845ef587de2/sprites/pokemon/back/10287.png,not_individually_verified,not_individually_verified
dex:excadrill:base:dynamax,530,龙头地鼠 · 极巨化,dynamax,https://raw.githubusercontent.com/PokeAPI/sprites/1dce80ceb372675e9fc7e9f101b71845ef587de2/sprites/pokemon/530.png,https://raw.githubusercontent.com/PokeAPI/sprites/1dce80ceb372675e9fc7e9f101b71845ef587de2/sprites/pokemon/back/530.png,not_individually_verified,not_individually_verified
dex:audino:base,531,差不多娃娃,base,https://raw.githubusercontent.com/PokeAPI/sprites/1dce80ceb372675e9fc7e9f101b71845ef587de2/sprites/pokemon/531.png,https://raw.githubusercontent.com/PokeAPI/sprites/1dce80ceb372675e9fc7e9f101b71845ef587de2/sprites/pokemon/back/531.png,not_individually_verified,not_individually_verified
dex:form:audinomega,531,差不多娃娃 · 超级进化,mega,https://raw.githubusercontent.com/PokeAPI/sprites/1dce80ceb372675e9fc7e9f101b71845ef587de2/sprites/pokemon/10069.png,https://raw.githubusercontent.com/PokeAPI/sprites/1dce80ceb372675e9fc7e9f101b71845ef587de2/sprites/pokemon/back/10069.png,not_individually_verified,not_individually_verified
dex:audino:base:dynamax,531,差不多娃娃 · 极巨化,dynamax,https://raw.githubusercontent.com/PokeAPI/sprites/1dce80ceb372675e9fc7e9f101b71845ef587de2/sprites/pokemon/531.png,https://raw.githubusercontent.com/PokeAPI/sprites/1dce80ceb372675e9fc7e9f101b71845ef587de2/sprites/pokemon/back/531.png,not_individually_verified,not_individually_verified
dex:timburr:base,532,搬运小匠,base,https://raw.githubusercontent.com/PokeAPI/sprites/1dce80ceb372675e9fc7e9f101b71845ef587de2/sprites/pokemon/532.png,https://raw.githubusercontent.com/PokeAPI/sprites/1dce80ceb372675e9fc7e9f101b71845ef587de2/sprites/pokemon/back/532.png,not_individually_verified,not_individually_verified
dex:timburr:base:dynamax,532,搬运小匠 · 极巨化,dynamax,https://raw.githubusercontent.com/PokeAPI/sprites/1dce80ceb372675e9fc7e9f101b71845ef587de2/sprites/pokemon/532.png,https://raw.githubusercontent.com/PokeAPI/sprites/1dce80ceb372675e9fc7e9f101b71845ef587de2/sprites/pokemon/back/532.png,not_individually_verified,not_individually_verified
dex:gurdurr:base,533,铁骨土人,base,https://raw.githubusercontent.com/PokeAPI/sprites/1dce80ceb372675e9fc7e9f101b71845ef587de2/sprites/pokemon/533.png,https://raw.githubusercontent.com/PokeAPI/sprites/1dce80ceb372675e9fc7e9f101b71845ef587de2/sprites/pokemon/back/533.png,not_individually_verified,not_individually_verified
dex:gurdurr:base:dynamax,533,铁骨土人 · 极巨化,dynamax,https://raw.githubusercontent.com/PokeAPI/sprites/1dce80ceb372675e9fc7e9f101b71845ef587de2/sprites/pokemon/533.png,https://raw.githubusercontent.com/PokeAPI/sprites/1dce80ceb372675e9fc7e9f101b71845ef587de2/sprites/pokemon/back/533.png,not_individually_verified,not_individually_verified
dex:conkeldurr:base,534,修建老匠,base,https://raw.githubusercontent.com/PokeAPI/sprites/1dce80ceb372675e9fc7e9f101b71845ef587de2/sprites/pokemon/534.png,https://raw.githubusercontent.com/PokeAPI/sprites/1dce80ceb372675e9fc7e9f101b71845ef587de2/sprites/pokemon/back/534.png,not_individually_verified,not_individually_verified
dex:conkeldurr:base:dynamax,534,修建老匠 · 极巨化,dynamax,https://raw.githubusercontent.com/PokeAPI/sprites/1dce80ceb372675e9fc7e9f101b71845ef587de2/sprites/pokemon/534.png,https://raw.githubusercontent.com/PokeAPI/sprites/1dce80ceb372675e9fc7e9f101b71845ef587de2/sprites/pokemon/back/534.png,not_individually_verified,not_individually_verified
dex:tympole:base,535,圆蝌蚪,base,https://raw.githubusercontent.com/PokeAPI/sprites/1dce80ceb372675e9fc7e9f101b71845ef587de2/sprites/pokemon/535.png,https://raw.githubusercontent.com/PokeAPI/sprites/1dce80ceb372675e9fc7e9f101b71845ef587de2/sprites/pokemon/back/535.png,not_individually_verified,not_individually_verified
dex:tympole:base:dynamax,535,圆蝌蚪 · 极巨化,dynamax,https://raw.githubusercontent.com/PokeAPI/sprites/1dce80ceb372675e9fc7e9f101b71845ef587de2/sprites/pokemon/535.png,https://raw.githubusercontent.com/PokeAPI/sprites/1dce80ceb372675e9fc7e9f101b71845ef587de2/sprites/pokemon/back/535.png,not_individually_verified,not_individually_verified
dex:palpitoad:base,536,蓝蟾蜍,base,https://raw.githubusercontent.com/PokeAPI/sprites/1dce80ceb372675e9fc7e9f101b71845ef587de2/sprites/pokemon/536.png,https://raw.githubusercontent.com/PokeAPI/sprites/1dce80ceb372675e9fc7e9f101b71845ef587de2/sprites/pokemon/back/536.png,not_individually_verified,not_individually_verified
dex:palpitoad:base:dynamax,536,蓝蟾蜍 · 极巨化,dynamax,https://raw.githubusercontent.com/PokeAPI/sprites/1dce80ceb372675e9fc7e9f101b71845ef587de2/sprites/pokemon/536.png,https://raw.githubusercontent.com/PokeAPI/sprites/1dce80ceb372675e9fc7e9f101b71845ef587de2/sprites/pokemon/back/536.png,not_individually_verified,not_individually_verified
dex:seismitoad:base,537,蟾蜍王,base,https://raw.githubusercontent.com/PokeAPI/sprites/1dce80ceb372675e9fc7e9f101b71845ef587de2/sprites/pokemon/537.png,https://raw.githubusercontent.com/PokeAPI/sprites/1dce80ceb372675e9fc7e9f101b71845ef587de2/sprites/pokemon/back/537.png,not_individually_verified,not_individually_verified
dex:seismitoad:base:dynamax,537,蟾蜍王 · 极巨化,dynamax,https://raw.githubusercontent.com/PokeAPI/sprites/1dce80ceb372675e9fc7e9f101b71845ef587de2/sprites/pokemon/537.png,https://raw.githubusercontent.com/PokeAPI/sprites/1dce80ceb372675e9fc7e9f101b71845ef587de2/sprites/pokemon/back/537.png,not_individually_verified,not_individually_verified
dex:throh:base,538,投摔鬼,base,https://raw.githubusercontent.com/PokeAPI/sprites/1dce80ceb372675e9fc7e9f101b71845ef587de2/sprites/pokemon/538.png,https://raw.githubusercontent.com/PokeAPI/sprites/1dce80ceb372675e9fc7e9f101b71845ef587de2/sprites/pokemon/back/538.png,not_individually_verified,not_individually_verified
dex:throh:base:dynamax,538,投摔鬼 · 极巨化,dynamax,https://raw.githubusercontent.com/PokeAPI/sprites/1dce80ceb372675e9fc7e9f101b71845ef587de2/sprites/pokemon/538.png,https://raw.githubusercontent.com/PokeAPI/sprites/1dce80ceb372675e9fc7e9f101b71845ef587de2/sprites/pokemon/back/538.png,not_individually_verified,not_individually_verified
dex:sawk:base,539,打击鬼,base,https://raw.githubusercontent.com/PokeAPI/sprites/1dce80ceb372675e9fc7e9f101b71845ef587de2/sprites/pokemon/539.png,https://raw.githubusercontent.com/PokeAPI/sprites/1dce80ceb372675e9fc7e9f101b71845ef587de2/sprites/pokemon/back/539.png,not_individually_verified,not_individually_verified
dex:sawk:base:dynamax,539,打击鬼 · 极巨化,dynamax,https://raw.githubusercontent.com/PokeAPI/sprites/1dce80ceb372675e9fc7e9f101b71845ef587de2/sprites/pokemon/539.png,https://raw.githubusercontent.com/PokeAPI/sprites/1dce80ceb372675e9fc7e9f101b71845ef587de2/sprites/pokemon/back/539.png,not_individually_verified,not_individually_verified
dex:sewaddle:base,540,虫宝包,base,https://raw.githubusercontent.com/PokeAPI/sprites/1dce80ceb372675e9fc7e9f101b71845ef587de2/sprites/pokemon/540.png,https://raw.githubusercontent.com/PokeAPI/sprites/1dce80ceb372675e9fc7e9f101b71845ef587de2/sprites/pokemon/back/540.png,not_individually_verified,not_individually_verified
dex:swadloon:base,541,宝包茧,base,https://raw.githubusercontent.com/PokeAPI/sprites/1dce80ceb372675e9fc7e9f101b71845ef587de2/sprites/pokemon/541.png,https://raw.githubusercontent.com/PokeAPI/sprites/1dce80ceb372675e9fc7e9f101b71845ef587de2/sprites/pokemon/back/541.png,not_individually_verified,not_individually_verified
dex:leavanny:base,542,保姆虫,base,https://raw.githubusercontent.com/PokeAPI/sprites/1dce80ceb372675e9fc7e9f101b71845ef587de2/sprites/pokemon/542.png,https://raw.githubusercontent.com/PokeAPI/sprites/1dce80ceb372675e9fc7e9f101b71845ef587de2/sprites/pokemon/back/542.png,not_individually_verified,not_individually_verified
dex:venipede:base,543,百足蜈蚣,base,https://raw.githubusercontent.com/PokeAPI/sprites/1dce80ceb372675e9fc7e9f101b71845ef587de2/sprites/pokemon/543.png,https://raw.githubusercontent.com/PokeAPI/sprites/1dce80ceb372675e9fc7e9f101b71845ef587de2/sprites/pokemon/back/543.png,not_individually_verified,not_individually_verified
dex:venipede:base:dynamax,543,百足蜈蚣 · 极巨化,dynamax,https://raw.githubusercontent.com/PokeAPI/sprites/1dce80ceb372675e9fc7e9f101b71845ef587de2/sprites/pokemon/543.png,https://raw.githubusercontent.com/PokeAPI/sprites/1dce80ceb372675e9fc7e9f101b71845ef587de2/sprites/pokemon/back/543.png,not_individually_verified,not_individually_verified
dex:whirlipede:base,544,车轮球,base,https://raw.githubusercontent.com/PokeAPI/sprites/1dce80ceb372675e9fc7e9f101b71845ef587de2/sprites/pokemon/544.png,https://raw.githubusercontent.com/PokeAPI/sprites/1dce80ceb372675e9fc7e9f101b71845ef587de2/sprites/pokemon/back/544.png,not_individually_verified,not_individually_verified
dex:whirlipede:base:dynamax,544,车轮球 · 极巨化,dynamax,https://raw.githubusercontent.com/PokeAPI/sprites/1dce80ceb372675e9fc7e9f101b71845ef587de2/sprites/pokemon/544.png,https://raw.githubusercontent.com/PokeAPI/sprites/1dce80ceb372675e9fc7e9f101b71845ef587de2/sprites/pokemon/back/544.png,not_individually_verified,not_individually_verified
dex:scolipede:base,545,蜈蚣王,base,https://raw.githubusercontent.com/PokeAPI/sprites/1dce80ceb372675e9fc7e9f101b71845ef587de2/sprites/pokemon/545.png,https://raw.githubusercontent.com/PokeAPI/sprites/1dce80ceb372675e9fc7e9f101b71845ef587de2/sprites/pokemon/back/545.png,not_individually_verified,not_individually_verified
dex:form:scolipedemega,545,蜈蚣王 · 超级进化,mega,https://raw.githubusercontent.com/PokeAPI/sprites/1dce80ceb372675e9fc7e9f101b71845ef587de2/sprites/pokemon/10288.png,https://raw.githubusercontent.com/PokeAPI/sprites/1dce80ceb372675e9fc7e9f101b71845ef587de2/sprites/pokemon/back/10288.png,not_individually_verified,not_individually_verified
dex:scolipede:base:dynamax,545,蜈蚣王 · 极巨化,dynamax,https://raw.githubusercontent.com/PokeAPI/sprites/1dce80ceb372675e9fc7e9f101b71845ef587de2/sprites/pokemon/545.png,https://raw.githubusercontent.com/PokeAPI/sprites/1dce80ceb372675e9fc7e9f101b71845ef587de2/sprites/pokemon/back/545.png,not_individually_verified,not_individually_verified
dex:cottonee:base,546,木棉球,base,https://raw.githubusercontent.com/PokeAPI/sprites/1dce80ceb372675e9fc7e9f101b71845ef587de2/sprites/pokemon/546.png,https://raw.githubusercontent.com/PokeAPI/sprites/1dce80ceb372675e9fc7e9f101b71845ef587de2/sprites/pokemon/back/546.png,not_individually_verified,not_individually_verified
dex:cottonee:base:dynamax,546,木棉球 · 极巨化,dynamax,https://raw.githubusercontent.com/PokeAPI/sprites/1dce80ceb372675e9fc7e9f101b71845ef587de2/sprites/pokemon/546.png,https://raw.githubusercontent.com/PokeAPI/sprites/1dce80ceb372675e9fc7e9f101b71845ef587de2/sprites/pokemon/back/546.png,not_individually_verified,not_individually_verified
dex:whimsicott:base,547,风妖精,base,https://raw.githubusercontent.com/PokeAPI/sprites/1dce80ceb372675e9fc7e9f101b71845ef587de2/sprites/pokemon/547.png,https://raw.githubusercontent.com/PokeAPI/sprites/1dce80ceb372675e9fc7e9f101b71845ef587de2/sprites/pokemon/back/547.png,not_individually_verified,not_individually_verified
dex:whimsicott:base:dynamax,547,风妖精 · 极巨化,dynamax,https://raw.githubusercontent.com/PokeAPI/sprites/1dce80ceb372675e9fc7e9f101b71845ef587de2/sprites/pokemon/547.png,https://raw.githubusercontent.com/PokeAPI/sprites/1dce80ceb372675e9fc7e9f101b71845ef587de2/sprites/pokemon/back/547.png,not_individually_verified,not_individually_verified
dex:petilil:base,548,百合根娃娃,base,https://raw.githubusercontent.com/PokeAPI/sprites/1dce80ceb372675e9fc7e9f101b71845ef587de2/sprites/pokemon/548.png,https://raw.githubusercontent.com/PokeAPI/sprites/1dce80ceb372675e9fc7e9f101b71845ef587de2/sprites/pokemon/back/548.png,not_individually_verified,not_individually_verified
dex:petilil:base:dynamax,548,百合根娃娃 · 极巨化,dynamax,https://raw.githubusercontent.com/PokeAPI/sprites/1dce80ceb372675e9fc7e9f101b71845ef587de2/sprites/pokemon/548.png,https://raw.githubusercontent.com/PokeAPI/sprites/1dce80ceb372675e9fc7e9f101b71845ef587de2/sprites/pokemon/back/548.png,not_individually_verified,not_individually_verified
dex:lilligant:base,549,裙儿小姐,base,https://raw.githubusercontent.com/PokeAPI/sprites/1dce80ceb372675e9fc7e9f101b71845ef587de2/sprites/pokemon/549.png,https://raw.githubusercontent.com/PokeAPI/sprites/1dce80ceb372675e9fc7e9f101b71845ef587de2/sprites/pokemon/back/549.png,not_individually_verified,not_individually_verified
dex:form:lilliganthisui,549,裙儿小姐 · 洗翠,regional,https://raw.githubusercontent.com/PokeAPI/sprites/1dce80ceb372675e9fc7e9f101b71845ef587de2/sprites/pokemon/10237.png,https://raw.githubusercontent.com/PokeAPI/sprites/1dce80ceb372675e9fc7e9f101b71845ef587de2/sprites/pokemon/back/10237.png,not_individually_verified,not_individually_verified
dex:lilligant:base:dynamax,549,裙儿小姐 · 极巨化,dynamax,https://raw.githubusercontent.com/PokeAPI/sprites/1dce80ceb372675e9fc7e9f101b71845ef587de2/sprites/pokemon/549.png,https://raw.githubusercontent.com/PokeAPI/sprites/1dce80ceb372675e9fc7e9f101b71845ef587de2/sprites/pokemon/back/549.png,not_individually_verified,not_individually_verified
dex:basculin:base,550,野蛮鲈鱼,base,https://raw.githubusercontent.com/PokeAPI/sprites/1dce80ceb372675e9fc7e9f101b71845ef587de2/sprites/pokemon/550.png,https://raw.githubusercontent.com/PokeAPI/sprites/1dce80ceb372675e9fc7e9f101b71845ef587de2/sprites/pokemon/back/550.png,not_individually_verified,not_individually_verified
dex:basculin:base:dynamax,550,野蛮鲈鱼 · 极巨化,dynamax,https://raw.githubusercontent.com/PokeAPI/sprites/1dce80ceb372675e9fc7e9f101b71845ef587de2/sprites/pokemon/550.png,https://raw.githubusercontent.com/PokeAPI/sprites/1dce80ceb372675e9fc7e9f101b71845ef587de2/sprites/pokemon/back/550.png,not_individually_verified,not_individually_verified
dex:form:basculinbluestriped:dynamax,550,野蛮鲈鱼 · 蓝条纹的样子 · 极巨化,dynamax,https://raw.githubusercontent.com/PokeAPI/sprites/1dce80ceb372675e9fc7e9f101b71845ef587de2/sprites/pokemon/10016.png,https://raw.githubusercontent.com/PokeAPI/sprites/1dce80ceb372675e9fc7e9f101b71845ef587de2/sprites/pokemon/back/10016.png,not_individually_verified,not_individually_verified
dex:form:basculinbluestriped,550,野蛮鲈鱼 · 蓝条纹的样子,special_form,https://raw.githubusercontent.com/PokeAPI/sprites/1dce80ceb372675e9fc7e9f101b71845ef587de2/sprites/pokemon/10016.png,https://raw.githubusercontent.com/PokeAPI/sprites/1dce80ceb372675e9fc7e9f101b71845ef587de2/sprites/pokemon/back/10016.png,not_individually_verified,not_individually_verified
dex:form:basculinwhitestriped,550,野蛮鲈鱼 · 白条纹,special_form,https://raw.githubusercontent.com/PokeAPI/sprites/1dce80ceb372675e9fc7e9f101b71845ef587de2/sprites/pokemon/10247.png,https://raw.githubusercontent.com/PokeAPI/sprites/1dce80ceb372675e9fc7e9f101b71845ef587de2/sprites/pokemon/back/10247.png,not_individually_verified,not_individually_verified
dex:sandile:base,551,黑眼鳄,base,https://raw.githubusercontent.com/PokeAPI/sprites/1dce80ceb372675e9fc7e9f101b71845ef587de2/sprites/pokemon/551.png,https://raw.githubusercontent.com/PokeAPI/sprites/1dce80ceb372675e9fc7e9f101b71845ef587de2/sprites/pokemon/back/551.png,not_individually_verified,not_individually_verified
dex:sandile:base:dynamax,551,黑眼鳄 · 极巨化,dynamax,https://raw.githubusercontent.com/PokeAPI/sprites/1dce80ceb372675e9fc7e9f101b71845ef587de2/sprites/pokemon/551.png,https://raw.githubusercontent.com/PokeAPI/sprites/1dce80ceb372675e9fc7e9f101b71845ef587de2/sprites/pokemon/back/551.png,not_individually_verified,not_individually_verified
dex:krokorok:base,552,混混鳄,base,https://raw.githubusercontent.com/PokeAPI/sprites/1dce80ceb372675e9fc7e9f101b71845ef587de2/sprites/pokemon/552.png,https://raw.githubusercontent.com/PokeAPI/sprites/1dce80ceb372675e9fc7e9f101b71845ef587de2/sprites/pokemon/back/552.png,not_individually_verified,not_individually_verified
dex:krokorok:base:dynamax,552,混混鳄 · 极巨化,dynamax,https://raw.githubusercontent.com/PokeAPI/sprites/1dce80ceb372675e9fc7e9f101b71845ef587de2/sprites/pokemon/552.png,https://raw.githubusercontent.com/PokeAPI/sprites/1dce80ceb372675e9fc7e9f101b71845ef587de2/sprites/pokemon/back/552.png,not_individually_verified,not_individually_verified
dex:krookodile:base,553,流氓鳄,base,https://raw.githubusercontent.com/PokeAPI/sprites/1dce80ceb372675e9fc7e9f101b71845ef587de2/sprites/pokemon/553.png,https://raw.githubusercontent.com/PokeAPI/sprites/1dce80ceb372675e9fc7e9f101b71845ef587de2/sprites/pokemon/back/553.png,not_individually_verified,not_individually_verified
dex:krookodile:base:dynamax,553,流氓鳄 · 极巨化,dynamax,https://raw.githubusercontent.com/PokeAPI/sprites/1dce80ceb372675e9fc7e9f101b71845ef587de2/sprites/pokemon/553.png,https://raw.githubusercontent.com/PokeAPI/sprites/1dce80ceb372675e9fc7e9f101b71845ef587de2/sprites/pokemon/back/553.png,not_individually_verified,not_individually_verified
dex:darumaka:base,554,火红不倒翁,base,https://raw.githubusercontent.com/PokeAPI/sprites/1dce80ceb372675e9fc7e9f101b71845ef587de2/sprites/pokemon/554.png,https://raw.githubusercontent.com/PokeAPI/sprites/1dce80ceb372675e9fc7e9f101b71845ef587de2/sprites/pokemon/back/554.png,not_individually_verified,not_individually_verified
dex:form:darumakagalar,554,火红不倒翁 · 伽勒尔的样子,regional,https://raw.githubusercontent.com/PokeAPI/sprites/1dce80ceb372675e9fc7e9f101b71845ef587de2/sprites/pokemon/10176.png,https://raw.githubusercontent.com/PokeAPI/sprites/1dce80ceb372675e9fc7e9f101b71845ef587de2/sprites/pokemon/back/10176.png,not_individually_verified,not_individually_verified
dex:darumaka:base:dynamax,554,火红不倒翁 · 极巨化,dynamax,https://raw.githubusercontent.com/PokeAPI/sprites/1dce80ceb372675e9fc7e9f101b71845ef587de2/sprites/pokemon/554.png,https://raw.githubusercontent.com/PokeAPI/sprites/1dce80ceb372675e9fc7e9f101b71845ef587de2/sprites/pokemon/back/554.png,not_individually_verified,not_individually_verified
dex:form:darumakagalar:dynamax,554,火红不倒翁 · 伽勒尔的样子 · 极巨化,dynamax,https://raw.githubusercontent.com/PokeAPI/sprites/1dce80ceb372675e9fc7e9f101b71845ef587de2/sprites/pokemon/10176.png,https://raw.githubusercontent.com/PokeAPI/sprites/1dce80ceb372675e9fc7e9f101b71845ef587de2/sprites/pokemon/back/10176.png,not_individually_verified,not_individually_verified
dex:darmanitan:base,555,达摩狒狒,base,https://raw.githubusercontent.com/PokeAPI/sprites/1dce80ceb372675e9fc7e9f101b71845ef587de2/sprites/pokemon/555.png,https://raw.githubusercontent.com/PokeAPI/sprites/1dce80ceb372675e9fc7e9f101b71845ef587de2/sprites/pokemon/back/555.png,not_individually_verified,not_individually_verified
dex:form:darmanitangalar,555,达摩狒狒 · 伽勒尔的样子,regional,https://raw.githubusercontent.com/PokeAPI/sprites/1dce80ceb372675e9fc7e9f101b71845ef587de2/sprites/pokemon/10177.png,https://raw.githubusercontent.com/PokeAPI/sprites/1dce80ceb372675e9fc7e9f101b71845ef587de2/sprites/pokemon/back/10177.png,not_individually_verified,not_individually_verified
dex:form:darmanitangalarzen,555,达摩狒狒 · 伽勒尔达摩模式,regional,https://raw.githubusercontent.com/PokeAPI/sprites/1dce80ceb372675e9fc7e9f101b71845ef587de2/sprites/pokemon/10178.png,https://raw.githubusercontent.com/PokeAPI/sprites/1dce80ceb372675e9fc7e9f101b71845ef587de2/sprites/pokemon/back/10178.png,not_individually_verified,not_individually_verified
dex:darmanitan:base:dynamax,555,达摩狒狒 · 极巨化,dynamax,https://raw.githubusercontent.com/PokeAPI/sprites/1dce80ceb372675e9fc7e9f101b71845ef587de2/sprites/pokemon/555.png,https://raw.githubusercontent.com/PokeAPI/sprites/1dce80ceb372675e9fc7e9f101b71845ef587de2/sprites/pokemon/back/555.png,not_individually_verified,not_individually_verified
dex:form:darmanitangalar:dynamax,555,达摩狒狒 · 伽勒尔的样子 · 极巨化,dynamax,https://raw.githubusercontent.com/PokeAPI/sprites/1dce80ceb372675e9fc7e9f101b71845ef587de2/sprites/pokemon/10177.png,https://raw.githubusercontent.com/PokeAPI/sprites/1dce80ceb372675e9fc7e9f101b71845ef587de2/sprites/pokemon/back/10177.png,not_individually_verified,not_individually_verified
dex:form:darmanitanzen,555,达摩狒狒 · 达摩模式,battle_state,https://raw.githubusercontent.com/PokeAPI/sprites/1dce80ceb372675e9fc7e9f101b71845ef587de2/sprites/pokemon/10017.png,https://raw.githubusercontent.com/PokeAPI/sprites/1dce80ceb372675e9fc7e9f101b71845ef587de2/sprites/pokemon/back/10017.png,not_individually_verified,not_individually_verified
dex:maractus:base,556,沙铃仙人掌,base,https://raw.githubusercontent.com/PokeAPI/sprites/1dce80ceb372675e9fc7e9f101b71845ef587de2/sprites/pokemon/556.png,https://raw.githubusercontent.com/PokeAPI/sprites/1dce80ceb372675e9fc7e9f101b71845ef587de2/sprites/pokemon/back/556.png,not_individually_verified,not_individually_verified
dex:maractus:base:dynamax,556,沙铃仙人掌 · 极巨化,dynamax,https://raw.githubusercontent.com/PokeAPI/sprites/1dce80ceb372675e9fc7e9f101b71845ef587de2/sprites/pokemon/556.png,https://raw.githubusercontent.com/PokeAPI/sprites/1dce80ceb372675e9fc7e9f101b71845ef587de2/sprites/pokemon/back/556.png,not_individually_verified,not_individually_verified
dex:dwebble:base,557,石居蟹,base,https://raw.githubusercontent.com/PokeAPI/sprites/1dce80ceb372675e9fc7e9f101b71845ef587de2/sprites/pokemon/557.png,https://raw.githubusercontent.com/PokeAPI/sprites/1dce80ceb372675e9fc7e9f101b71845ef587de2/sprites/pokemon/back/557.png,not_individually_verified,not_individually_verified
dex:dwebble:base:dynamax,557,石居蟹 · 极巨化,dynamax,https://raw.githubusercontent.com/PokeAPI/sprites/1dce80ceb372675e9fc7e9f101b71845ef587de2/sprites/pokemon/557.png,https://raw.githubusercontent.com/PokeAPI/sprites/1dce80ceb372675e9fc7e9f101b71845ef587de2/sprites/pokemon/back/557.png,not_individually_verified,not_individually_verified
dex:crustle:base,558,岩殿居蟹,base,https://raw.githubusercontent.com/PokeAPI/sprites/1dce80ceb372675e9fc7e9f101b71845ef587de2/sprites/pokemon/558.png,https://raw.githubusercontent.com/PokeAPI/sprites/1dce80ceb372675e9fc7e9f101b71845ef587de2/sprites/pokemon/back/558.png,not_individually_verified,not_individually_verified
dex:crustle:base:dynamax,558,岩殿居蟹 · 极巨化,dynamax,https://raw.githubusercontent.com/PokeAPI/sprites/1dce80ceb372675e9fc7e9f101b71845ef587de2/sprites/pokemon/558.png,https://raw.githubusercontent.com/PokeAPI/sprites/1dce80ceb372675e9fc7e9f101b71845ef587de2/sprites/pokemon/back/558.png,not_individually_verified,not_individually_verified
dex:scraggy:base,559,滑滑小子,base,https://raw.githubusercontent.com/PokeAPI/sprites/1dce80ceb372675e9fc7e9f101b71845ef587de2/sprites/pokemon/559.png,https://raw.githubusercontent.com/PokeAPI/sprites/1dce80ceb372675e9fc7e9f101b71845ef587de2/sprites/pokemon/back/559.png,not_individually_verified,not_individually_verified
dex:scraggy:base:dynamax,559,滑滑小子 · 极巨化,dynamax,https://raw.githubusercontent.com/PokeAPI/sprites/1dce80ceb372675e9fc7e9f101b71845ef587de2/sprites/pokemon/559.png,https://raw.githubusercontent.com/PokeAPI/sprites/1dce80ceb372675e9fc7e9f101b71845ef587de2/sprites/pokemon/back/559.png,not_individually_verified,not_individually_verified
dex:scrafty:base,560,头巾混混,base,https://raw.githubusercontent.com/PokeAPI/sprites/1dce80ceb372675e9fc7e9f101b71845ef587de2/sprites/pokemon/560.png,https://raw.githubusercontent.com/PokeAPI/sprites/1dce80ceb372675e9fc7e9f101b71845ef587de2/sprites/pokemon/back/560.png,not_individually_verified,not_individually_verified
dex:form:scraftymega,560,头巾混混 · 超级进化,mega,https://raw.githubusercontent.com/PokeAPI/sprites/1dce80ceb372675e9fc7e9f101b71845ef587de2/sprites/pokemon/10289.png,https://raw.githubusercontent.com/PokeAPI/sprites/1dce80ceb372675e9fc7e9f101b71845ef587de2/sprites/pokemon/back/10289.png,not_individually_verified,not_individually_verified
dex:scrafty:base:dynamax,560,头巾混混 · 极巨化,dynamax,https://raw.githubusercontent.com/PokeAPI/sprites/1dce80ceb372675e9fc7e9f101b71845ef587de2/sprites/pokemon/560.png,https://raw.githubusercontent.com/PokeAPI/sprites/1dce80ceb372675e9fc7e9f101b71845ef587de2/sprites/pokemon/back/560.png,not_individually_verified,not_individually_verified
dex:sigilyph:base,561,象征鸟,base,https://raw.githubusercontent.com/PokeAPI/sprites/1dce80ceb372675e9fc7e9f101b71845ef587de2/sprites/pokemon/561.png,https://raw.githubusercontent.com/PokeAPI/sprites/1dce80ceb372675e9fc7e9f101b71845ef587de2/sprites/pokemon/back/561.png,not_individually_verified,not_individually_verified
dex:sigilyph:base:dynamax,561,象征鸟 · 极巨化,dynamax,https://raw.githubusercontent.com/PokeAPI/sprites/1dce80ceb372675e9fc7e9f101b71845ef587de2/sprites/pokemon/561.png,https://raw.githubusercontent.com/PokeAPI/sprites/1dce80ceb372675e9fc7e9f101b71845ef587de2/sprites/pokemon/back/561.png,not_individually_verified,not_individually_verified
dex:yamask:base,562,哭哭面具,base,https://raw.githubusercontent.com/PokeAPI/sprites/1dce80ceb372675e9fc7e9f101b71845ef587de2/sprites/pokemon/562.png,https://raw.githubusercontent.com/PokeAPI/sprites/1dce80ceb372675e9fc7e9f101b71845ef587de2/sprites/pokemon/back/562.png,not_individually_verified,not_individually_verified
dex:form:yamaskgalar,562,哭哭面具 · 伽勒尔的样子,regional,https://raw.githubusercontent.com/PokeAPI/sprites/1dce80ceb372675e9fc7e9f101b71845ef587de2/sprites/pokemon/10179.png,https://raw.githubusercontent.com/PokeAPI/sprites/1dce80ceb372675e9fc7e9f101b71845ef587de2/sprites/pokemon/back/10179.png,not_individually_verified,not_individually_verified
dex:form:yamaskgalar:dynamax,562,哭哭面具 · 伽勒尔的样子 · 极巨化,dynamax,https://raw.githubusercontent.com/PokeAPI/sprites/1dce80ceb372675e9fc7e9f101b71845ef587de2/sprites/pokemon/10179.png,https://raw.githubusercontent.com/PokeAPI/sprites/1dce80ceb372675e9fc7e9f101b71845ef587de2/sprites/pokemon/back/10179.png,not_individually_verified,not_individually_verified
dex:yamask:base:dynamax,562,哭哭面具 · 极巨化,dynamax,https://raw.githubusercontent.com/PokeAPI/sprites/1dce80ceb372675e9fc7e9f101b71845ef587de2/sprites/pokemon/562.png,https://raw.githubusercontent.com/PokeAPI/sprites/1dce80ceb372675e9fc7e9f101b71845ef587de2/sprites/pokemon/back/562.png,not_individually_verified,not_individually_verified
dex:cofagrigus:base,563,迭失棺,base,https://raw.githubusercontent.com/PokeAPI/sprites/1dce80ceb372675e9fc7e9f101b71845ef587de2/sprites/pokemon/563.png,https://raw.githubusercontent.com/PokeAPI/sprites/1dce80ceb372675e9fc7e9f101b71845ef587de2/sprites/pokemon/back/563.png,not_individually_verified,not_individually_verified
dex:cofagrigus:base:dynamax,563,迭失棺 · 极巨化,dynamax,https://raw.githubusercontent.com/PokeAPI/sprites/1dce80ceb372675e9fc7e9f101b71845ef587de2/sprites/pokemon/563.png,https://raw.githubusercontent.com/PokeAPI/sprites/1dce80ceb372675e9fc7e9f101b71845ef587de2/sprites/pokemon/back/563.png,not_individually_verified,not_individually_verified
dex:tirtouga:base,564,原盖海龟,base,https://raw.githubusercontent.com/PokeAPI/sprites/1dce80ceb372675e9fc7e9f101b71845ef587de2/sprites/pokemon/564.png,https://raw.githubusercontent.com/PokeAPI/sprites/1dce80ceb372675e9fc7e9f101b71845ef587de2/sprites/pokemon/back/564.png,not_individually_verified,not_individually_verified
dex:tirtouga:base:dynamax,564,原盖海龟 · 极巨化,dynamax,https://raw.githubusercontent.com/PokeAPI/sprites/1dce80ceb372675e9fc7e9f101b71845ef587de2/sprites/pokemon/564.png,https://raw.githubusercontent.com/PokeAPI/sprites/1dce80ceb372675e9fc7e9f101b71845ef587de2/sprites/pokemon/back/564.png,not_individually_verified,not_individually_verified
dex:carracosta:base,565,肋骨海龟,base,https://raw.githubusercontent.com/PokeAPI/sprites/1dce80ceb372675e9fc7e9f101b71845ef587de2/sprites/pokemon/565.png,https://raw.githubusercontent.com/PokeAPI/sprites/1dce80ceb372675e9fc7e9f101b71845ef587de2/sprites/pokemon/back/565.png,not_individually_verified,not_individually_verified
dex:carracosta:base:dynamax,565,肋骨海龟 · 极巨化,dynamax,https://raw.githubusercontent.com/PokeAPI/sprites/1dce80ceb372675e9fc7e9f101b71845ef587de2/sprites/pokemon/565.png,https://raw.githubusercontent.com/PokeAPI/sprites/1dce80ceb372675e9fc7e9f101b71845ef587de2/sprites/pokemon/back/565.png,not_individually_verified,not_individually_verified
dex:archen:base,566,始祖小鸟,base,https://raw.githubusercontent.com/PokeAPI/sprites/1dce80ceb372675e9fc7e9f101b71845ef587de2/sprites/pokemon/566.png,https://raw.githubusercontent.com/PokeAPI/sprites/1dce80ceb372675e9fc7e9f101b71845ef587de2/sprites/pokemon/back/566.png,not_individually_verified,not_individually_verified
dex:archen:base:dynamax,566,始祖小鸟 · 极巨化,dynamax,https://raw.githubusercontent.com/PokeAPI/sprites/1dce80ceb372675e9fc7e9f101b71845ef587de2/sprites/pokemon/566.png,https://raw.githubusercontent.com/PokeAPI/sprites/1dce80ceb372675e9fc7e9f101b71845ef587de2/sprites/pokemon/back/566.png,not_individually_verified,not_individually_verified
dex:archeops:base,567,始祖大鸟,base,https://raw.githubusercontent.com/PokeAPI/sprites/1dce80ceb372675e9fc7e9f101b71845ef587de2/sprites/pokemon/567.png,https://raw.githubusercontent.com/PokeAPI/sprites/1dce80ceb372675e9fc7e9f101b71845ef587de2/sprites/pokemon/back/567.png,not_individually_verified,not_individually_verified
dex:archeops:base:dynamax,567,始祖大鸟 · 极巨化,dynamax,https://raw.githubusercontent.com/PokeAPI/sprites/1dce80ceb372675e9fc7e9f101b71845ef587de2/sprites/pokemon/567.png,https://raw.githubusercontent.com/PokeAPI/sprites/1dce80ceb372675e9fc7e9f101b71845ef587de2/sprites/pokemon/back/567.png,not_individually_verified,not_individually_verified
dex:trubbish:base,568,破破袋,base,https://raw.githubusercontent.com/PokeAPI/sprites/1dce80ceb372675e9fc7e9f101b71845ef587de2/sprites/pokemon/568.png,https://raw.githubusercontent.com/PokeAPI/sprites/1dce80ceb372675e9fc7e9f101b71845ef587de2/sprites/pokemon/back/568.png,not_individually_verified,not_individually_verified
dex:trubbish:base:dynamax,568,破破袋 · 极巨化,dynamax,https://raw.githubusercontent.com/PokeAPI/sprites/1dce80ceb372675e9fc7e9f101b71845ef587de2/sprites/pokemon/568.png,https://raw.githubusercontent.com/PokeAPI/sprites/1dce80ceb372675e9fc7e9f101b71845ef587de2/sprites/pokemon/back/568.png,not_individually_verified,not_individually_verified
dex:garbodor:base,569,灰尘山,base,https://raw.githubusercontent.com/PokeAPI/sprites/1dce80ceb372675e9fc7e9f101b71845ef587de2/sprites/pokemon/569.png,https://raw.githubusercontent.com/PokeAPI/sprites/1dce80ceb372675e9fc7e9f101b71845ef587de2/sprites/pokemon/back/569.png,not_individually_verified,not_individually_verified
dex:form:garbodorgmax,569,灰尘山 · 超极巨化,gigantamax,https://raw.githubusercontent.com/PokeAPI/sprites/1dce80ceb372675e9fc7e9f101b71845ef587de2/sprites/pokemon/10207.png,https://raw.githubusercontent.com/PokeAPI/sprites/1dce80ceb372675e9fc7e9f101b71845ef587de2/sprites/pokemon/back/10207.png,not_individually_verified,not_individually_verified
dex:garbodor:base:dynamax,569,灰尘山 · 极巨化,dynamax,https://raw.githubusercontent.com/PokeAPI/sprites/1dce80ceb372675e9fc7e9f101b71845ef587de2/sprites/pokemon/569.png,https://raw.githubusercontent.com/PokeAPI/sprites/1dce80ceb372675e9fc7e9f101b71845ef587de2/sprites/pokemon/back/569.png,not_individually_verified,not_individually_verified
dex:zorua:base,570,索罗亚,base,https://raw.githubusercontent.com/PokeAPI/sprites/1dce80ceb372675e9fc7e9f101b71845ef587de2/sprites/pokemon/570.png,https://raw.githubusercontent.com/PokeAPI/sprites/1dce80ceb372675e9fc7e9f101b71845ef587de2/sprites/pokemon/back/570.png,not_individually_verified,not_individually_verified
dex:form:zoruahisui,570,索罗亚 · 洗翠,regional,https://raw.githubusercontent.com/PokeAPI/sprites/1dce80ceb372675e9fc7e9f101b71845ef587de2/sprites/pokemon/10238.png,https://raw.githubusercontent.com/PokeAPI/sprites/1dce80ceb372675e9fc7e9f101b71845ef587de2/sprites/pokemon/back/10238.png,not_individually_verified,not_individually_verified
dex:zorua:base:dynamax,570,索罗亚 · 极巨化,dynamax,https://raw.githubusercontent.com/PokeAPI/sprites/1dce80ceb372675e9fc7e9f101b71845ef587de2/sprites/pokemon/570.png,https://raw.githubusercontent.com/PokeAPI/sprites/1dce80ceb372675e9fc7e9f101b71845ef587de2/sprites/pokemon/back/570.png,not_individually_verified,not_individually_verified
dex:zoroark:base,571,索罗亚克,base,https://raw.githubusercontent.com/PokeAPI/sprites/1dce80ceb372675e9fc7e9f101b71845ef587de2/sprites/pokemon/571.png,https://raw.githubusercontent.com/PokeAPI/sprites/1dce80ceb372675e9fc7e9f101b71845ef587de2/sprites/pokemon/back/571.png,not_individually_verified,not_individually_verified
dex:form:zoroarkhisui,571,索罗亚克 · 洗翠,regional,https://raw.githubusercontent.com/PokeAPI/sprites/1dce80ceb372675e9fc7e9f101b71845ef587de2/sprites/pokemon/10239.png,https://raw.githubusercontent.com/PokeAPI/sprites/1dce80ceb372675e9fc7e9f101b71845ef587de2/sprites/pokemon/back/10239.png,not_individually_verified,not_individually_verified
dex:zoroark:base:dynamax,571,索罗亚克 · 极巨化,dynamax,https://raw.githubusercontent.com/PokeAPI/sprites/1dce80ceb372675e9fc7e9f101b71845ef587de2/sprites/pokemon/571.png,https://raw.githubusercontent.com/PokeAPI/sprites/1dce80ceb372675e9fc7e9f101b71845ef587de2/sprites/pokemon/back/571.png,not_individually_verified,not_individually_verified
dex:omni:ultra58:414,571,索罗亚克 Z,source_variant,/ultra-art/414-front_default.png,/ultra-art/414-back_default.png,not_individually_verified,not_individually_verified
dex:minccino:base,572,泡沫栗鼠,base,https://raw.githubusercontent.com/PokeAPI/sprites/1dce80ceb372675e9fc7e9f101b71845ef587de2/sprites/pokemon/572.png,https://raw.githubusercontent.com/PokeAPI/sprites/1dce80ceb372675e9fc7e9f101b71845ef587de2/sprites/pokemon/back/572.png,not_individually_verified,not_individually_verified
dex:minccino:base:dynamax,572,泡沫栗鼠 · 极巨化,dynamax,https://raw.githubusercontent.com/PokeAPI/sprites/1dce80ceb372675e9fc7e9f101b71845ef587de2/sprites/pokemon/572.png,https://raw.githubusercontent.com/PokeAPI/sprites/1dce80ceb372675e9fc7e9f101b71845ef587de2/sprites/pokemon/back/572.png,not_individually_verified,not_individually_verified
dex:cinccino:base,573,奇诺栗鼠,base,https://raw.githubusercontent.com/PokeAPI/sprites/1dce80ceb372675e9fc7e9f101b71845ef587de2/sprites/pokemon/573.png,https://raw.githubusercontent.com/PokeAPI/sprites/1dce80ceb372675e9fc7e9f101b71845ef587de2/sprites/pokemon/back/573.png,not_individually_verified,not_individually_verified
dex:cinccino:base:dynamax,573,奇诺栗鼠 · 极巨化,dynamax,https://raw.githubusercontent.com/PokeAPI/sprites/1dce80ceb372675e9fc7e9f101b71845ef587de2/sprites/pokemon/573.png,https://raw.githubusercontent.com/PokeAPI/sprites/1dce80ceb372675e9fc7e9f101b71845ef587de2/sprites/pokemon/back/573.png,not_individually_verified,not_individually_verified
dex:gothita:base,574,哥德宝宝,base,https://raw.githubusercontent.com/PokeAPI/sprites/1dce80ceb372675e9fc7e9f101b71845ef587de2/sprites/pokemon/574.png,https://raw.githubusercontent.com/PokeAPI/sprites/1dce80ceb372675e9fc7e9f101b71845ef587de2/sprites/pokemon/back/574.png,not_individually_verified,not_individually_verified
dex:gothita:base:dynamax,574,哥德宝宝 · 极巨化,dynamax,https://raw.githubusercontent.com/PokeAPI/sprites/1dce80ceb372675e9fc7e9f101b71845ef587de2/sprites/pokemon/574.png,https://raw.githubusercontent.com/PokeAPI/sprites/1dce80ceb372675e9fc7e9f101b71845ef587de2/sprites/pokemon/back/574.png,not_individually_verified,not_individually_verified
dex:gothorita:base,575,哥德小童,base,https://raw.githubusercontent.com/PokeAPI/sprites/1dce80ceb372675e9fc7e9f101b71845ef587de2/sprites/pokemon/575.png,https://raw.githubusercontent.com/PokeAPI/sprites/1dce80ceb372675e9fc7e9f101b71845ef587de2/sprites/pokemon/back/575.png,not_individually_verified,not_individually_verified
dex:gothorita:base:dynamax,575,哥德小童 · 极巨化,dynamax,https://raw.githubusercontent.com/PokeAPI/sprites/1dce80ceb372675e9fc7e9f101b71845ef587de2/sprites/pokemon/575.png,https://raw.githubusercontent.com/PokeAPI/sprites/1dce80ceb372675e9fc7e9f101b71845ef587de2/sprites/pokemon/back/575.png,not_individually_verified,not_individually_verified
dex:gothitelle:base,576,哥德小姐,base,https://raw.githubusercontent.com/PokeAPI/sprites/1dce80ceb372675e9fc7e9f101b71845ef587de2/sprites/pokemon/576.png,https://raw.githubusercontent.com/PokeAPI/sprites/1dce80ceb372675e9fc7e9f101b71845ef587de2/sprites/pokemon/back/576.png,not_individually_verified,not_individually_verified
dex:gothitelle:base:dynamax,576,哥德小姐 · 极巨化,dynamax,https://raw.githubusercontent.com/PokeAPI/sprites/1dce80ceb372675e9fc7e9f101b71845ef587de2/sprites/pokemon/576.png,https://raw.githubusercontent.com/PokeAPI/sprites/1dce80ceb372675e9fc7e9f101b71845ef587de2/sprites/pokemon/back/576.png,not_individually_verified,not_individually_verified
dex:solosis:base,577,单卵细胞球,base,https://raw.githubusercontent.com/PokeAPI/sprites/1dce80ceb372675e9fc7e9f101b71845ef587de2/sprites/pokemon/577.png,https://raw.githubusercontent.com/PokeAPI/sprites/1dce80ceb372675e9fc7e9f101b71845ef587de2/sprites/pokemon/back/577.png,not_individually_verified,not_individually_verified
dex:solosis:base:dynamax,577,单卵细胞球 · 极巨化,dynamax,https://raw.githubusercontent.com/PokeAPI/sprites/1dce80ceb372675e9fc7e9f101b71845ef587de2/sprites/pokemon/577.png,https://raw.githubusercontent.com/PokeAPI/sprites/1dce80ceb372675e9fc7e9f101b71845ef587de2/sprites/pokemon/back/577.png,not_individually_verified,not_individually_verified
dex:duosion:base,578,双卵细胞球,base,https://raw.githubusercontent.com/PokeAPI/sprites/1dce80ceb372675e9fc7e9f101b71845ef587de2/sprites/pokemon/578.png,https://raw.githubusercontent.com/PokeAPI/sprites/1dce80ceb372675e9fc7e9f101b71845ef587de2/sprites/pokemon/back/578.png,not_individually_verified,not_individually_verified
dex:duosion:base:dynamax,578,双卵细胞球 · 极巨化,dynamax,https://raw.githubusercontent.com/PokeAPI/sprites/1dce80ceb372675e9fc7e9f101b71845ef587de2/sprites/pokemon/578.png,https://raw.githubusercontent.com/PokeAPI/sprites/1dce80ceb372675e9fc7e9f101b71845ef587de2/sprites/pokemon/back/578.png,not_individually_verified,not_individually_verified
dex:reuniclus:base,579,人造细胞卵,base,https://raw.githubusercontent.com/PokeAPI/sprites/1dce80ceb372675e9fc7e9f101b71845ef587de2/sprites/pokemon/579.png,https://raw.githubusercontent.com/PokeAPI/sprites/1dce80ceb372675e9fc7e9f101b71845ef587de2/sprites/pokemon/back/579.png,not_individually_verified,not_individually_verified
dex:reuniclus:base:dynamax,579,人造细胞卵 · 极巨化,dynamax,https://raw.githubusercontent.com/PokeAPI/sprites/1dce80ceb372675e9fc7e9f101b71845ef587de2/sprites/pokemon/579.png,https://raw.githubusercontent.com/PokeAPI/sprites/1dce80ceb372675e9fc7e9f101b71845ef587de2/sprites/pokemon/back/579.png,not_individually_verified,not_individually_verified
dex:ducklett:base,580,鸭宝宝,base,https://raw.githubusercontent.com/PokeAPI/sprites/1dce80ceb372675e9fc7e9f101b71845ef587de2/sprites/pokemon/580.png,https://raw.githubusercontent.com/PokeAPI/sprites/1dce80ceb372675e9fc7e9f101b71845ef587de2/sprites/pokemon/back/580.png,not_individually_verified,not_individually_verified
dex:swanna:base,581,舞天鹅,base,https://raw.githubusercontent.com/PokeAPI/sprites/1dce80ceb372675e9fc7e9f101b71845ef587de2/sprites/pokemon/581.png,https://raw.githubusercontent.com/PokeAPI/sprites/1dce80ceb372675e9fc7e9f101b71845ef587de2/sprites/pokemon/back/581.png,not_individually_verified,not_individually_verified
dex:vanillite:base,582,迷你冰,base,https://raw.githubusercontent.com/PokeAPI/sprites/1dce80ceb372675e9fc7e9f101b71845ef587de2/sprites/pokemon/582.png,https://raw.githubusercontent.com/PokeAPI/sprites/1dce80ceb372675e9fc7e9f101b71845ef587de2/sprites/pokemon/back/582.png,not_individually_verified,not_individually_verified
dex:vanillite:base:dynamax,582,迷你冰 · 极巨化,dynamax,https://raw.githubusercontent.com/PokeAPI/sprites/1dce80ceb372675e9fc7e9f101b71845ef587de2/sprites/pokemon/582.png,https://raw.githubusercontent.com/PokeAPI/sprites/1dce80ceb372675e9fc7e9f101b71845ef587de2/sprites/pokemon/back/582.png,not_individually_verified,not_individually_verified
dex:vanillish:base,583,多多冰,base,https://raw.githubusercontent.com/PokeAPI/sprites/1dce80ceb372675e9fc7e9f101b71845ef587de2/sprites/pokemon/583.png,https://raw.githubusercontent.com/PokeAPI/sprites/1dce80ceb372675e9fc7e9f101b71845ef587de2/sprites/pokemon/back/583.png,not_individually_verified,not_individually_verified
dex:vanillish:base:dynamax,583,多多冰 · 极巨化,dynamax,https://raw.githubusercontent.com/PokeAPI/sprites/1dce80ceb372675e9fc7e9f101b71845ef587de2/sprites/pokemon/583.png,https://raw.githubusercontent.com/PokeAPI/sprites/1dce80ceb372675e9fc7e9f101b71845ef587de2/sprites/pokemon/back/583.png,not_individually_verified,not_individually_verified
dex:vanilluxe:base,584,双倍多多冰,base,https://raw.githubusercontent.com/PokeAPI/sprites/1dce80ceb372675e9fc7e9f101b71845ef587de2/sprites/pokemon/584.png,https://raw.githubusercontent.com/PokeAPI/sprites/1dce80ceb372675e9fc7e9f101b71845ef587de2/sprites/pokemon/back/584.png,not_individually_verified,not_individually_verified
dex:vanilluxe:base:dynamax,584,双倍多多冰 · 极巨化,dynamax,https://raw.githubusercontent.com/PokeAPI/sprites/1dce80ceb372675e9fc7e9f101b71845ef587de2/sprites/pokemon/584.png,https://raw.githubusercontent.com/PokeAPI/sprites/1dce80ceb372675e9fc7e9f101b71845ef587de2/sprites/pokemon/back/584.png,not_individually_verified,not_individually_verified
dex:deerling:base,585,四季鹿,base,https://raw.githubusercontent.com/PokeAPI/sprites/1dce80ceb372675e9fc7e9f101b71845ef587de2/sprites/pokemon/585.png,https://raw.githubusercontent.com/PokeAPI/sprites/1dce80ceb372675e9fc7e9f101b71845ef587de2/sprites/pokemon/back/585.png,not_individually_verified,not_individually_verified
dex:form:deerlingautumn,585,四季鹿 · 秋天,cosmetic,https://raw.githubusercontent.com/PokeAPI/sprites/1dce80ceb372675e9fc7e9f101b71845ef587de2/sprites/pokemon/585-autumn.png,https://raw.githubusercontent.com/PokeAPI/sprites/1dce80ceb372675e9fc7e9f101b71845ef587de2/sprites/pokemon/back/585-autumn.png,not_individually_verified,not_individually_verified
dex:form:deerlingsummer,585,四季鹿 · 夏天,cosmetic,https://raw.githubusercontent.com/PokeAPI/sprites/1dce80ceb372675e9fc7e9f101b71845ef587de2/sprites/pokemon/585-summer.png,https://raw.githubusercontent.com/PokeAPI/sprites/1dce80ceb372675e9fc7e9f101b71845ef587de2/sprites/pokemon/back/585-summer.png,not_individually_verified,not_individually_verified
dex:form:deerlingwinter,585,四季鹿 · 冬天,cosmetic,https://raw.githubusercontent.com/PokeAPI/sprites/1dce80ceb372675e9fc7e9f101b71845ef587de2/sprites/pokemon/585-winter.png,https://raw.githubusercontent.com/PokeAPI/sprites/1dce80ceb372675e9fc7e9f101b71845ef587de2/sprites/pokemon/back/585-winter.png,not_individually_verified,not_individually_verified
dex:sawsbuck:base,586,萌芽鹿,base,https://raw.githubusercontent.com/PokeAPI/sprites/1dce80ceb372675e9fc7e9f101b71845ef587de2/sprites/pokemon/586.png,https://raw.githubusercontent.com/PokeAPI/sprites/1dce80ceb372675e9fc7e9f101b71845ef587de2/sprites/pokemon/back/586.png,not_individually_verified,not_individually_verified
dex:cosmetic:sawsbuckautumn,586,萌芽鹿 · 秋天,cosmetic,https://raw.githubusercontent.com/PokeAPI/sprites/1dce80ceb372675e9fc7e9f101b71845ef587de2/sprites/pokemon/586-autumn.png,https://raw.githubusercontent.com/PokeAPI/sprites/1dce80ceb372675e9fc7e9f101b71845ef587de2/sprites/pokemon/back/586-autumn.png,not_individually_verified,not_individually_verified
dex:cosmetic:sawsbucksummer,586,萌芽鹿 · 夏天,cosmetic,https://raw.githubusercontent.com/PokeAPI/sprites/1dce80ceb372675e9fc7e9f101b71845ef587de2/sprites/pokemon/586-summer.png,https://raw.githubusercontent.com/PokeAPI/sprites/1dce80ceb372675e9fc7e9f101b71845ef587de2/sprites/pokemon/back/586-summer.png,not_individually_verified,not_individually_verified
dex:cosmetic:sawsbuckwinter,586,萌芽鹿 · 冬天,cosmetic,https://raw.githubusercontent.com/PokeAPI/sprites/1dce80ceb372675e9fc7e9f101b71845ef587de2/sprites/pokemon/586-winter.png,https://raw.githubusercontent.com/PokeAPI/sprites/1dce80ceb372675e9fc7e9f101b71845ef587de2/sprites/pokemon/back/586-winter.png,not_individually_verified,not_individually_verified
dex:emolga:base,587,电飞鼠,base,https://raw.githubusercontent.com/PokeAPI/sprites/1dce80ceb372675e9fc7e9f101b71845ef587de2/sprites/pokemon/587.png,https://raw.githubusercontent.com/PokeAPI/sprites/1dce80ceb372675e9fc7e9f101b71845ef587de2/sprites/pokemon/back/587.png,not_individually_verified,not_individually_verified
dex:emolga:base:dynamax,587,电飞鼠 · 极巨化,dynamax,https://raw.githubusercontent.com/PokeAPI/sprites/1dce80ceb372675e9fc7e9f101b71845ef587de2/sprites/pokemon/587.png,https://raw.githubusercontent.com/PokeAPI/sprites/1dce80ceb372675e9fc7e9f101b71845ef587de2/sprites/pokemon/back/587.png,not_individually_verified,not_individually_verified
dex:karrablast:base,588,盖盖虫,base,https://raw.githubusercontent.com/PokeAPI/sprites/1dce80ceb372675e9fc7e9f101b71845ef587de2/sprites/pokemon/588.png,https://raw.githubusercontent.com/PokeAPI/sprites/1dce80ceb372675e9fc7e9f101b71845ef587de2/sprites/pokemon/back/588.png,not_individually_verified,not_individually_verified
dex:karrablast:base:dynamax,588,盖盖虫 · 极巨化,dynamax,https://raw.githubusercontent.com/PokeAPI/sprites/1dce80ceb372675e9fc7e9f101b71845ef587de2/sprites/pokemon/588.png,https://raw.githubusercontent.com/PokeAPI/sprites/1dce80ceb372675e9fc7e9f101b71845ef587de2/sprites/pokemon/back/588.png,not_individually_verified,not_individually_verified
dex:escavalier:base,589,骑士蜗牛,base,https://raw.githubusercontent.com/PokeAPI/sprites/1dce80ceb372675e9fc7e9f101b71845ef587de2/sprites/pokemon/589.png,https://raw.githubusercontent.com/PokeAPI/sprites/1dce80ceb372675e9fc7e9f101b71845ef587de2/sprites/pokemon/back/589.png,not_individually_verified,not_individually_verified
dex:escavalier:base:dynamax,589,骑士蜗牛 · 极巨化,dynamax,https://raw.githubusercontent.com/PokeAPI/sprites/1dce80ceb372675e9fc7e9f101b71845ef587de2/sprites/pokemon/589.png,https://raw.githubusercontent.com/PokeAPI/sprites/1dce80ceb372675e9fc7e9f101b71845ef587de2/sprites/pokemon/back/589.png,not_individually_verified,not_individually_verified
dex:foongus:base,590,哎呀球菇,base,https://raw.githubusercontent.com/PokeAPI/sprites/1dce80ceb372675e9fc7e9f101b71845ef587de2/sprites/pokemon/590.png,https://raw.githubusercontent.com/PokeAPI/sprites/1dce80ceb372675e9fc7e9f101b71845ef587de2/sprites/pokemon/back/590.png,not_individually_verified,not_individually_verified
dex:foongus:base:dynamax,590,哎呀球菇 · 极巨化,dynamax,https://raw.githubusercontent.com/PokeAPI/sprites/1dce80ceb372675e9fc7e9f101b71845ef587de2/sprites/pokemon/590.png,https://raw.githubusercontent.com/PokeAPI/sprites/1dce80ceb372675e9fc7e9f101b71845ef587de2/sprites/pokemon/back/590.png,not_individually_verified,not_individually_verified
dex:amoonguss:base,591,败露球菇,base,https://raw.githubusercontent.com/PokeAPI/sprites/1dce80ceb372675e9fc7e9f101b71845ef587de2/sprites/pokemon/591.png,https://raw.githubusercontent.com/PokeAPI/sprites/1dce80ceb372675e9fc7e9f101b71845ef587de2/sprites/pokemon/back/591.png,not_individually_verified,not_individually_verified
dex:amoonguss:base:dynamax,591,败露球菇 · 极巨化,dynamax,https://raw.githubusercontent.com/PokeAPI/sprites/1dce80ceb372675e9fc7e9f101b71845ef587de2/sprites/pokemon/591.png,https://raw.githubusercontent.com/PokeAPI/sprites/1dce80ceb372675e9fc7e9f101b71845ef587de2/sprites/pokemon/back/591.png,not_individually_verified,not_individually_verified
dex:frillish:base,592,轻飘飘,base,https://raw.githubusercontent.com/PokeAPI/sprites/1dce80ceb372675e9fc7e9f101b71845ef587de2/sprites/pokemon/592.png,https://raw.githubusercontent.com/PokeAPI/sprites/1dce80ceb372675e9fc7e9f101b71845ef587de2/sprites/pokemon/back/592.png,not_individually_verified,not_individually_verified
dex:appearance:frillish-female:dynamax,592,轻飘飘 · 雌性的样子 · 极巨化,dynamax,https://raw.githubusercontent.com/PokeAPI/sprites/1dce80ceb372675e9fc7e9f101b71845ef587de2/sprites/pokemon/592-female.png,https://raw.githubusercontent.com/PokeAPI/sprites/1dce80ceb372675e9fc7e9f101b71845ef587de2/sprites/pokemon/back/592-female.png,not_individually_verified,not_individually_verified
dex:frillish:base:dynamax,592,轻飘飘 · 极巨化,dynamax,https://raw.githubusercontent.com/PokeAPI/sprites/1dce80ceb372675e9fc7e9f101b71845ef587de2/sprites/pokemon/592.png,https://raw.githubusercontent.com/PokeAPI/sprites/1dce80ceb372675e9fc7e9f101b71845ef587de2/sprites/pokemon/back/592.png,not_individually_verified,not_individually_verified
dex:appearance:frillish-female,592,轻飘飘 · 雌性的样子,gender_form,https://raw.githubusercontent.com/PokeAPI/sprites/1dce80ceb372675e9fc7e9f101b71845ef587de2/sprites/pokemon/592-female.png,https://raw.githubusercontent.com/PokeAPI/sprites/1dce80ceb372675e9fc7e9f101b71845ef587de2/sprites/pokemon/back/592-female.png,not_individually_verified,not_individually_verified
dex:jellicent:base,593,胖嘟嘟,base,https://raw.githubusercontent.com/PokeAPI/sprites/1dce80ceb372675e9fc7e9f101b71845ef587de2/sprites/pokemon/593.png,https://raw.githubusercontent.com/PokeAPI/sprites/1dce80ceb372675e9fc7e9f101b71845ef587de2/sprites/pokemon/back/593.png,not_individually_verified,not_individually_verified
dex:appearance:jellicent-female:dynamax,593,胖嘟嘟 · 雌性的样子 · 极巨化,dynamax,https://raw.githubusercontent.com/PokeAPI/sprites/1dce80ceb372675e9fc7e9f101b71845ef587de2/sprites/pokemon/593-female.png,https://raw.githubusercontent.com/PokeAPI/sprites/1dce80ceb372675e9fc7e9f101b71845ef587de2/sprites/pokemon/back/593-female.png,not_individually_verified,not_individually_verified
dex:jellicent:base:dynamax,593,胖嘟嘟 · 极巨化,dynamax,https://raw.githubusercontent.com/PokeAPI/sprites/1dce80ceb372675e9fc7e9f101b71845ef587de2/sprites/pokemon/593.png,https://raw.githubusercontent.com/PokeAPI/sprites/1dce80ceb372675e9fc7e9f101b71845ef587de2/sprites/pokemon/back/593.png,not_individually_verified,not_individually_verified
dex:appearance:jellicent-female,593,胖嘟嘟 · 雌性的样子,gender_form,https://raw.githubusercontent.com/PokeAPI/sprites/1dce80ceb372675e9fc7e9f101b71845ef587de2/sprites/pokemon/593-female.png,https://raw.githubusercontent.com/PokeAPI/sprites/1dce80ceb372675e9fc7e9f101b71845ef587de2/sprites/pokemon/back/593-female.png,not_individually_verified,not_individually_verified
dex:alomomola:base,594,保姆曼波,base,https://raw.githubusercontent.com/PokeAPI/sprites/1dce80ceb372675e9fc7e9f101b71845ef587de2/sprites/pokemon/594.png,https://raw.githubusercontent.com/PokeAPI/sprites/1dce80ceb372675e9fc7e9f101b71845ef587de2/sprites/pokemon/back/594.png,not_individually_verified,not_individually_verified
dex:joltik:base,595,电电虫,base,https://raw.githubusercontent.com/PokeAPI/sprites/1dce80ceb372675e9fc7e9f101b71845ef587de2/sprites/pokemon/595.png,https://raw.githubusercontent.com/PokeAPI/sprites/1dce80ceb372675e9fc7e9f101b71845ef587de2/sprites/pokemon/back/595.png,not_individually_verified,not_individually_verified
dex:joltik:base:dynamax,595,电电虫 · 极巨化,dynamax,https://raw.githubusercontent.com/PokeAPI/sprites/1dce80ceb372675e9fc7e9f101b71845ef587de2/sprites/pokemon/595.png,https://raw.githubusercontent.com/PokeAPI/sprites/1dce80ceb372675e9fc7e9f101b71845ef587de2/sprites/pokemon/back/595.png,not_individually_verified,not_individually_verified
dex:galvantula:base,596,电蜘蛛,base,https://raw.githubusercontent.com/PokeAPI/sprites/1dce80ceb372675e9fc7e9f101b71845ef587de2/sprites/pokemon/596.png,https://raw.githubusercontent.com/PokeAPI/sprites/1dce80ceb372675e9fc7e9f101b71845ef587de2/sprites/pokemon/back/596.png,not_individually_verified,not_individually_verified
dex:galvantula:base:dynamax,596,电蜘蛛 · 极巨化,dynamax,https://raw.githubusercontent.com/PokeAPI/sprites/1dce80ceb372675e9fc7e9f101b71845ef587de2/sprites/pokemon/596.png,https://raw.githubusercontent.com/PokeAPI/sprites/1dce80ceb372675e9fc7e9f101b71845ef587de2/sprites/pokemon/back/596.png,not_individually_verified,not_individually_verified
dex:ferroseed:base,597,种子铁球,base,https://raw.githubusercontent.com/PokeAPI/sprites/1dce80ceb372675e9fc7e9f101b71845ef587de2/sprites/pokemon/597.png,https://raw.githubusercontent.com/PokeAPI/sprites/1dce80ceb372675e9fc7e9f101b71845ef587de2/sprites/pokemon/back/597.png,not_individually_verified,not_individually_verified
dex:ferroseed:base:dynamax,597,种子铁球 · 极巨化,dynamax,https://raw.githubusercontent.com/PokeAPI/sprites/1dce80ceb372675e9fc7e9f101b71845ef587de2/sprites/pokemon/597.png,https://raw.githubusercontent.com/PokeAPI/sprites/1dce80ceb372675e9fc7e9f101b71845ef587de2/sprites/pokemon/back/597.png,not_individually_verified,not_individually_verified
dex:ferrothorn:base,598,坚果哑铃,base,https://raw.githubusercontent.com/PokeAPI/sprites/1dce80ceb372675e9fc7e9f101b71845ef587de2/sprites/pokemon/598.png,https://raw.githubusercontent.com/PokeAPI/sprites/1dce80ceb372675e9fc7e9f101b71845ef587de2/sprites/pokemon/back/598.png,not_individually_verified,not_individually_verified
dex:ferrothorn:base:dynamax,598,坚果哑铃 · 极巨化,dynamax,https://raw.githubusercontent.com/PokeAPI/sprites/1dce80ceb372675e9fc7e9f101b71845ef587de2/sprites/pokemon/598.png,https://raw.githubusercontent.com/PokeAPI/sprites/1dce80ceb372675e9fc7e9f101b71845ef587de2/sprites/pokemon/back/598.png,not_individually_verified,not_individually_verified
dex:klink:base,599,齿轮儿,base,https://raw.githubusercontent.com/PokeAPI/sprites/1dce80ceb372675e9fc7e9f101b71845ef587de2/sprites/pokemon/599.png,https://raw.githubusercontent.com/PokeAPI/sprites/1dce80ceb372675e9fc7e9f101b71845ef587de2/sprites/pokemon/back/599.png,not_individually_verified,not_individually_verified
dex:klink:base:dynamax,599,齿轮儿 · 极巨化,dynamax,https://raw.githubusercontent.com/PokeAPI/sprites/1dce80ceb372675e9fc7e9f101b71845ef587de2/sprites/pokemon/599.png,https://raw.githubusercontent.com/PokeAPI/sprites/1dce80ceb372675e9fc7e9f101b71845ef587de2/sprites/pokemon/back/599.png,not_individually_verified,not_individually_verified
dex:klang:base,600,齿轮组,base,https://raw.githubusercontent.com/PokeAPI/sprites/1dce80ceb372675e9fc7e9f101b71845ef587de2/sprites/pokemon/600.png,https://raw.githubusercontent.com/PokeAPI/sprites/1dce80ceb372675e9fc7e9f101b71845ef587de2/sprites/pokemon/back/600.png,not_individually_verified,not_individually_verified
dex:klang:base:dynamax,600,齿轮组 · 极巨化,dynamax,https://raw.githubusercontent.com/PokeAPI/sprites/1dce80ceb372675e9fc7e9f101b71845ef587de2/sprites/pokemon/600.png,https://raw.githubusercontent.com/PokeAPI/sprites/1dce80ceb372675e9fc7e9f101b71845ef587de2/sprites/pokemon/back/600.png,not_individually_verified,not_individually_verified
dex:klinklang:base,601,齿轮怪,base,https://raw.githubusercontent.com/PokeAPI/sprites/1dce80ceb372675e9fc7e9f101b71845ef587de2/sprites/pokemon/601.png,https://raw.githubusercontent.com/PokeAPI/sprites/1dce80ceb372675e9fc7e9f101b71845ef587de2/sprites/pokemon/back/601.png,not_individually_verified,not_individually_verified
dex:klinklang:base:dynamax,601,齿轮怪 · 极巨化,dynamax,https://raw.githubusercontent.com/PokeAPI/sprites/1dce80ceb372675e9fc7e9f101b71845ef587de2/sprites/pokemon/601.png,https://raw.githubusercontent.com/PokeAPI/sprites/1dce80ceb372675e9fc7e9f101b71845ef587de2/sprites/pokemon/back/601.png,not_individually_verified,not_individually_verified
dex:tynamo:base,602,麻麻小鱼,base,https://raw.githubusercontent.com/PokeAPI/sprites/1dce80ceb372675e9fc7e9f101b71845ef587de2/sprites/pokemon/602.png,https://raw.githubusercontent.com/PokeAPI/sprites/1dce80ceb372675e9fc7e9f101b71845ef587de2/sprites/pokemon/back/602.png,not_individually_verified,not_individually_verified
dex:eelektrik:base,603,麻麻鳗,base,https://raw.githubusercontent.com/PokeAPI/sprites/1dce80ceb372675e9fc7e9f101b71845ef587de2/sprites/pokemon/603.png,https://raw.githubusercontent.com/PokeAPI/sprites/1dce80ceb372675e9fc7e9f101b71845ef587de2/sprites/pokemon/back/603.png,not_individually_verified,not_individually_verified
dex:eelektross:base,604,麻麻鳗鱼王,base,https://raw.githubusercontent.com/PokeAPI/sprites/1dce80ceb372675e9fc7e9f101b71845ef587de2/sprites/pokemon/604.png,https://raw.githubusercontent.com/PokeAPI/sprites/1dce80ceb372675e9fc7e9f101b71845ef587de2/sprites/pokemon/back/604.png,not_individually_verified,not_individually_verified
dex:form:eelektrossmega,604,麻麻鳗鱼王 · 超级进化,mega,https://raw.githubusercontent.com/PokeAPI/sprites/1dce80ceb372675e9fc7e9f101b71845ef587de2/sprites/pokemon/10290.png,https://raw.githubusercontent.com/PokeAPI/sprites/1dce80ceb372675e9fc7e9f101b71845ef587de2/sprites/pokemon/back/10290.png,not_individually_verified,not_individually_verified
dex:elgyem:base,605,小灰怪,base,https://raw.githubusercontent.com/PokeAPI/sprites/1dce80ceb372675e9fc7e9f101b71845ef587de2/sprites/pokemon/605.png,https://raw.githubusercontent.com/PokeAPI/sprites/1dce80ceb372675e9fc7e9f101b71845ef587de2/sprites/pokemon/back/605.png,not_individually_verified,not_individually_verified
dex:elgyem:base:dynamax,605,小灰怪 · 极巨化,dynamax,https://raw.githubusercontent.com/PokeAPI/sprites/1dce80ceb372675e9fc7e9f101b71845ef587de2/sprites/pokemon/605.png,https://raw.githubusercontent.com/PokeAPI/sprites/1dce80ceb372675e9fc7e9f101b71845ef587de2/sprites/pokemon/back/605.png,not_individually_verified,not_individually_verified
dex:beheeyem:base,606,大宇怪,base,https://raw.githubusercontent.com/PokeAPI/sprites/1dce80ceb372675e9fc7e9f101b71845ef587de2/sprites/pokemon/606.png,https://raw.githubusercontent.com/PokeAPI/sprites/1dce80ceb372675e9fc7e9f101b71845ef587de2/sprites/pokemon/back/606.png,not_individually_verified,not_individually_verified
dex:beheeyem:base:dynamax,606,大宇怪 · 极巨化,dynamax,https://raw.githubusercontent.com/PokeAPI/sprites/1dce80ceb372675e9fc7e9f101b71845ef587de2/sprites/pokemon/606.png,https://raw.githubusercontent.com/PokeAPI/sprites/1dce80ceb372675e9fc7e9f101b71845ef587de2/sprites/pokemon/back/606.png,not_individually_verified,not_individually_verified
dex:litwick:base,607,烛光灵,base,https://raw.githubusercontent.com/PokeAPI/sprites/1dce80ceb372675e9fc7e9f101b71845ef587de2/sprites/pokemon/607.png,https://raw.githubusercontent.com/PokeAPI/sprites/1dce80ceb372675e9fc7e9f101b71845ef587de2/sprites/pokemon/back/607.png,not_individually_verified,not_individually_verified
dex:litwick:base:dynamax,607,烛光灵 · 极巨化,dynamax,https://raw.githubusercontent.com/PokeAPI/sprites/1dce80ceb372675e9fc7e9f101b71845ef587de2/sprites/pokemon/607.png,https://raw.githubusercontent.com/PokeAPI/sprites/1dce80ceb372675e9fc7e9f101b71845ef587de2/sprites/pokemon/back/607.png,not_individually_verified,not_individually_verified
dex:lampent:base,608,灯火幽灵,base,https://raw.githubusercontent.com/PokeAPI/sprites/1dce80ceb372675e9fc7e9f101b71845ef587de2/sprites/pokemon/608.png,https://raw.githubusercontent.com/PokeAPI/sprites/1dce80ceb372675e9fc7e9f101b71845ef587de2/sprites/pokemon/back/608.png,not_individually_verified,not_individually_verified
dex:lampent:base:dynamax,608,灯火幽灵 · 极巨化,dynamax,https://raw.githubusercontent.com/PokeAPI/sprites/1dce80ceb372675e9fc7e9f101b71845ef587de2/sprites/pokemon/608.png,https://raw.githubusercontent.com/PokeAPI/sprites/1dce80ceb372675e9fc7e9f101b71845ef587de2/sprites/pokemon/back/608.png,not_individually_verified,not_individually_verified
dex:chandelure:base,609,水晶灯火灵,base,https://raw.githubusercontent.com/PokeAPI/sprites/1dce80ceb372675e9fc7e9f101b71845ef587de2/sprites/pokemon/609.png,https://raw.githubusercontent.com/PokeAPI/sprites/1dce80ceb372675e9fc7e9f101b71845ef587de2/sprites/pokemon/back/609.png,not_individually_verified,not_individually_verified
dex:form:chandeluremega,609,水晶灯火灵 · 超级进化,mega,https://raw.githubusercontent.com/PokeAPI/sprites/1dce80ceb372675e9fc7e9f101b71845ef587de2/sprites/pokemon/10291.png,https://raw.githubusercontent.com/PokeAPI/sprites/1dce80ceb372675e9fc7e9f101b71845ef587de2/sprites/pokemon/back/10291.png,not_individually_verified,not_individually_verified
dex:chandelure:base:dynamax,609,水晶灯火灵 · 极巨化,dynamax,https://raw.githubusercontent.com/PokeAPI/sprites/1dce80ceb372675e9fc7e9f101b71845ef587de2/sprites/pokemon/609.png,https://raw.githubusercontent.com/PokeAPI/sprites/1dce80ceb372675e9fc7e9f101b71845ef587de2/sprites/pokemon/back/609.png,not_individually_verified,not_individually_verified
dex:axew:base,610,牙牙,base,https://raw.githubusercontent.com/PokeAPI/sprites/1dce80ceb372675e9fc7e9f101b71845ef587de2/sprites/pokemon/610.png,https://raw.githubusercontent.com/PokeAPI/sprites/1dce80ceb372675e9fc7e9f101b71845ef587de2/sprites/pokemon/back/610.png,not_individually_verified,not_individually_verified
dex:axew:base:dynamax,610,牙牙 · 极巨化,dynamax,https://raw.githubusercontent.com/PokeAPI/sprites/1dce80ceb372675e9fc7e9f101b71845ef587de2/sprites/pokemon/610.png,https://raw.githubusercontent.com/PokeAPI/sprites/1dce80ceb372675e9fc7e9f101b71845ef587de2/sprites/pokemon/back/610.png,not_individually_verified,not_individually_verified
dex:fraxure:base,611,斧牙龙,base,https://raw.githubusercontent.com/PokeAPI/sprites/1dce80ceb372675e9fc7e9f101b71845ef587de2/sprites/pokemon/611.png,https://raw.githubusercontent.com/PokeAPI/sprites/1dce80ceb372675e9fc7e9f101b71845ef587de2/sprites/pokemon/back/611.png,not_individually_verified,not_individually_verified
dex:fraxure:base:dynamax,611,斧牙龙 · 极巨化,dynamax,https://raw.githubusercontent.com/PokeAPI/sprites/1dce80ceb372675e9fc7e9f101b71845ef587de2/sprites/pokemon/611.png,https://raw.githubusercontent.com/PokeAPI/sprites/1dce80ceb372675e9fc7e9f101b71845ef587de2/sprites/pokemon/back/611.png,not_individually_verified,not_individually_verified
dex:haxorus:base,612,双斧战龙,base,https://raw.githubusercontent.com/PokeAPI/sprites/1dce80ceb372675e9fc7e9f101b71845ef587de2/sprites/pokemon/612.png,https://raw.githubusercontent.com/PokeAPI/sprites/1dce80ceb372675e9fc7e9f101b71845ef587de2/sprites/pokemon/back/612.png,not_individually_verified,not_individually_verified
dex:haxorus:base:dynamax,612,双斧战龙 · 极巨化,dynamax,https://raw.githubusercontent.com/PokeAPI/sprites/1dce80ceb372675e9fc7e9f101b71845ef587de2/sprites/pokemon/612.png,https://raw.githubusercontent.com/PokeAPI/sprites/1dce80ceb372675e9fc7e9f101b71845ef587de2/sprites/pokemon/back/612.png,not_individually_verified,not_individually_verified
dex:omni:ultra58:422,612,超级战斧龙,source_variant,/ultra-art/422-front_default.png,/ultra-art/422-back_default.png,not_individually_verified,not_individually_verified
dex:cubchoo:base,613,喷嚏熊,base,https://raw.githubusercontent.com/PokeAPI/sprites/1dce80ceb372675e9fc7e9f101b71845ef587de2/sprites/pokemon/613.png,https://raw.githubusercontent.com/PokeAPI/sprites/1dce80ceb372675e9fc7e9f101b71845ef587de2/sprites/pokemon/back/613.png,not_individually_verified,not_individually_verified
dex:cubchoo:base:dynamax,613,喷嚏熊 · 极巨化,dynamax,https://raw.githubusercontent.com/PokeAPI/sprites/1dce80ceb372675e9fc7e9f101b71845ef587de2/sprites/pokemon/613.png,https://raw.githubusercontent.com/PokeAPI/sprites/1dce80ceb372675e9fc7e9f101b71845ef587de2/sprites/pokemon/back/613.png,not_individually_verified,not_individually_verified
dex:beartic:base,614,冻原熊,base,https://raw.githubusercontent.com/PokeAPI/sprites/1dce80ceb372675e9fc7e9f101b71845ef587de2/sprites/pokemon/614.png,https://raw.githubusercontent.com/PokeAPI/sprites/1dce80ceb372675e9fc7e9f101b71845ef587de2/sprites/pokemon/back/614.png,not_individually_verified,not_individually_verified
dex:beartic:base:dynamax,614,冻原熊 · 极巨化,dynamax,https://raw.githubusercontent.com/PokeAPI/sprites/1dce80ceb372675e9fc7e9f101b71845ef587de2/sprites/pokemon/614.png,https://raw.githubusercontent.com/PokeAPI/sprites/1dce80ceb372675e9fc7e9f101b71845ef587de2/sprites/pokemon/back/614.png,not_individually_verified,not_individually_verified
dex:cryogonal:base,615,几何雪花,base,https://raw.githubusercontent.com/PokeAPI/sprites/1dce80ceb372675e9fc7e9f101b71845ef587de2/sprites/pokemon/615.png,https://raw.githubusercontent.com/PokeAPI/sprites/1dce80ceb372675e9fc7e9f101b71845ef587de2/sprites/pokemon/back/615.png,not_individually_verified,not_individually_verified
dex:cryogonal:base:dynamax,615,几何雪花 · 极巨化,dynamax,https://raw.githubusercontent.com/PokeAPI/sprites/1dce80ceb372675e9fc7e9f101b71845ef587de2/sprites/pokemon/615.png,https://raw.githubusercontent.com/PokeAPI/sprites/1dce80ceb372675e9fc7e9f101b71845ef587de2/sprites/pokemon/back/615.png,not_individually_verified,not_individually_verified
dex:shelmet:base,616,小嘴蜗,base,https://raw.githubusercontent.com/PokeAPI/sprites/1dce80ceb372675e9fc7e9f101b71845ef587de2/sprites/pokemon/616.png,https://raw.githubusercontent.com/PokeAPI/sprites/1dce80ceb372675e9fc7e9f101b71845ef587de2/sprites/pokemon/back/616.png,not_individually_verified,not_individually_verified
dex:shelmet:base:dynamax,616,小嘴蜗 · 极巨化,dynamax,https://raw.githubusercontent.com/PokeAPI/sprites/1dce80ceb372675e9fc7e9f101b71845ef587de2/sprites/pokemon/616.png,https://raw.githubusercontent.com/PokeAPI/sprites/1dce80ceb372675e9fc7e9f101b71845ef587de2/sprites/pokemon/back/616.png,not_individually_verified,not_individually_verified
dex:accelgor:base,617,敏捷虫,base,https://raw.githubusercontent.com/PokeAPI/sprites/1dce80ceb372675e9fc7e9f101b71845ef587de2/sprites/pokemon/617.png,https://raw.githubusercontent.com/PokeAPI/sprites/1dce80ceb372675e9fc7e9f101b71845ef587de2/sprites/pokemon/back/617.png,not_individually_verified,not_individually_verified
dex:accelgor:base:dynamax,617,敏捷虫 · 极巨化,dynamax,https://raw.githubusercontent.com/PokeAPI/sprites/1dce80ceb372675e9fc7e9f101b71845ef587de2/sprites/pokemon/617.png,https://raw.githubusercontent.com/PokeAPI/sprites/1dce80ceb372675e9fc7e9f101b71845ef587de2/sprites/pokemon/back/617.png,not_individually_verified,not_individually_verified
dex:stunfisk:base,618,泥巴鱼,base,https://raw.githubusercontent.com/PokeAPI/sprites/1dce80ceb372675e9fc7e9f101b71845ef587de2/sprites/pokemon/618.png,https://raw.githubusercontent.com/PokeAPI/sprites/1dce80ceb372675e9fc7e9f101b71845ef587de2/sprites/pokemon/back/618.png,not_individually_verified,not_individually_verified
dex:form:stunfiskgalar,618,泥巴鱼 · 伽勒尔的样子,regional,https://raw.githubusercontent.com/PokeAPI/sprites/1dce80ceb372675e9fc7e9f101b71845ef587de2/sprites/pokemon/10180.png,https://raw.githubusercontent.com/PokeAPI/sprites/1dce80ceb372675e9fc7e9f101b71845ef587de2/sprites/pokemon/back/10180.png,not_individually_verified,not_individually_verified
dex:form:stunfiskgalar:dynamax,618,泥巴鱼 · 伽勒尔的样子 · 极巨化,dynamax,https://raw.githubusercontent.com/PokeAPI/sprites/1dce80ceb372675e9fc7e9f101b71845ef587de2/sprites/pokemon/10180.png,https://raw.githubusercontent.com/PokeAPI/sprites/1dce80ceb372675e9fc7e9f101b71845ef587de2/sprites/pokemon/back/10180.png,not_individually_verified,not_individually_verified
dex:stunfisk:base:dynamax,618,泥巴鱼 · 极巨化,dynamax,https://raw.githubusercontent.com/PokeAPI/sprites/1dce80ceb372675e9fc7e9f101b71845ef587de2/sprites/pokemon/618.png,https://raw.githubusercontent.com/PokeAPI/sprites/1dce80ceb372675e9fc7e9f101b71845ef587de2/sprites/pokemon/back/618.png,not_individually_verified,not_individually_verified
dex:mienfoo:base,619,功夫鼬,base,https://raw.githubusercontent.com/PokeAPI/sprites/1dce80ceb372675e9fc7e9f101b71845ef587de2/sprites/pokemon/619.png,https://raw.githubusercontent.com/PokeAPI/sprites/1dce80ceb372675e9fc7e9f101b71845ef587de2/sprites/pokemon/back/619.png,not_individually_verified,not_individually_verified
dex:mienfoo:base:dynamax,619,功夫鼬 · 极巨化,dynamax,https://raw.githubusercontent.com/PokeAPI/sprites/1dce80ceb372675e9fc7e9f101b71845ef587de2/sprites/pokemon/619.png,https://raw.githubusercontent.com/PokeAPI/sprites/1dce80ceb372675e9fc7e9f101b71845ef587de2/sprites/pokemon/back/619.png,not_individually_verified,not_individually_verified
dex:mienshao:base,620,师父鼬,base,https://raw.githubusercontent.com/PokeAPI/sprites/1dce80ceb372675e9fc7e9f101b71845ef587de2/sprites/pokemon/620.png,https://raw.githubusercontent.com/PokeAPI/sprites/1dce80ceb372675e9fc7e9f101b71845ef587de2/sprites/pokemon/back/620.png,not_individually_verified,not_individually_verified
dex:mienshao:base:dynamax,620,师父鼬 · 极巨化,dynamax,https://raw.githubusercontent.com/PokeAPI/sprites/1dce80ceb372675e9fc7e9f101b71845ef587de2/sprites/pokemon/620.png,https://raw.githubusercontent.com/PokeAPI/sprites/1dce80ceb372675e9fc7e9f101b71845ef587de2/sprites/pokemon/back/620.png,not_individually_verified,not_individually_verified
dex:druddigon:base,621,赤面龙,base,https://raw.githubusercontent.com/PokeAPI/sprites/1dce80ceb372675e9fc7e9f101b71845ef587de2/sprites/pokemon/621.png,https://raw.githubusercontent.com/PokeAPI/sprites/1dce80ceb372675e9fc7e9f101b71845ef587de2/sprites/pokemon/back/621.png,not_individually_verified,not_individually_verified
dex:druddigon:base:dynamax,621,赤面龙 · 极巨化,dynamax,https://raw.githubusercontent.com/PokeAPI/sprites/1dce80ceb372675e9fc7e9f101b71845ef587de2/sprites/pokemon/621.png,https://raw.githubusercontent.com/PokeAPI/sprites/1dce80ceb372675e9fc7e9f101b71845ef587de2/sprites/pokemon/back/621.png,not_individually_verified,not_individually_verified
dex:omni:ultra58:433,621,灭世魔龙,source_variant,/ultra-art/433-front_default.png,/ultra-art/433-back_default.png,not_individually_verified,not_individually_verified
dex:golett:base,622,泥偶小人,base,https://raw.githubusercontent.com/PokeAPI/sprites/1dce80ceb372675e9fc7e9f101b71845ef587de2/sprites/pokemon/622.png,https://raw.githubusercontent.com/PokeAPI/sprites/1dce80ceb372675e9fc7e9f101b71845ef587de2/sprites/pokemon/back/622.png,not_individually_verified,not_individually_verified
dex:golett:base:dynamax,622,泥偶小人 · 极巨化,dynamax,https://raw.githubusercontent.com/PokeAPI/sprites/1dce80ceb372675e9fc7e9f101b71845ef587de2/sprites/pokemon/622.png,https://raw.githubusercontent.com/PokeAPI/sprites/1dce80ceb372675e9fc7e9f101b71845ef587de2/sprites/pokemon/back/622.png,not_individually_verified,not_individually_verified
dex:golurk:base,623,泥偶巨人,base,https://raw.githubusercontent.com/PokeAPI/sprites/1dce80ceb372675e9fc7e9f101b71845ef587de2/sprites/pokemon/623.png,https://raw.githubusercontent.com/PokeAPI/sprites/1dce80ceb372675e9fc7e9f101b71845ef587de2/sprites/pokemon/back/623.png,not_individually_verified,not_individually_verified
dex:form:golurkmega,623,泥偶巨人 · 超级进化,mega,https://raw.githubusercontent.com/PokeAPI/sprites/1dce80ceb372675e9fc7e9f101b71845ef587de2/sprites/pokemon/10313.png,https://raw.githubusercontent.com/PokeAPI/sprites/1dce80ceb372675e9fc7e9f101b71845ef587de2/sprites/pokemon/back/10313.png,not_individually_verified,not_individually_verified
dex:golurk:base:dynamax,623,泥偶巨人 · 极巨化,dynamax,https://raw.githubusercontent.com/PokeAPI/sprites/1dce80ceb372675e9fc7e9f101b71845ef587de2/sprites/pokemon/623.png,https://raw.githubusercontent.com/PokeAPI/sprites/1dce80ceb372675e9fc7e9f101b71845ef587de2/sprites/pokemon/back/623.png,not_individually_verified,not_individually_verified
dex:pawniard:base,624,驹刀小兵,base,https://raw.githubusercontent.com/PokeAPI/sprites/1dce80ceb372675e9fc7e9f101b71845ef587de2/sprites/pokemon/624.png,https://raw.githubusercontent.com/PokeAPI/sprites/1dce80ceb372675e9fc7e9f101b71845ef587de2/sprites/pokemon/back/624.png,not_individually_verified,not_individually_verified
dex:pawniard:base:dynamax,624,驹刀小兵 · 极巨化,dynamax,https://raw.githubusercontent.com/PokeAPI/sprites/1dce80ceb372675e9fc7e9f101b71845ef587de2/sprites/pokemon/624.png,https://raw.githubusercontent.com/PokeAPI/sprites/1dce80ceb372675e9fc7e9f101b71845ef587de2/sprites/pokemon/back/624.png,not_individually_verified,not_individually_verified
dex:bisharp:base,625,劈斩司令,base,https://raw.githubusercontent.com/PokeAPI/sprites/1dce80ceb372675e9fc7e9f101b71845ef587de2/sprites/pokemon/625.png,https://raw.githubusercontent.com/PokeAPI/sprites/1dce80ceb372675e9fc7e9f101b71845ef587de2/sprites/pokemon/back/625.png,not_individually_verified,not_individually_verified
dex:bisharp:base:dynamax,625,劈斩司令 · 极巨化,dynamax,https://raw.githubusercontent.com/PokeAPI/sprites/1dce80ceb372675e9fc7e9f101b71845ef587de2/sprites/pokemon/625.png,https://raw.githubusercontent.com/PokeAPI/sprites/1dce80ceb372675e9fc7e9f101b71845ef587de2/sprites/pokemon/back/625.png,not_individually_verified,not_individually_verified
dex:bouffalant:base,626,爆炸头水牛,base,https://raw.githubusercontent.com/PokeAPI/sprites/1dce80ceb372675e9fc7e9f101b71845ef587de2/sprites/pokemon/626.png,https://raw.githubusercontent.com/PokeAPI/sprites/1dce80ceb372675e9fc7e9f101b71845ef587de2/sprites/pokemon/back/626.png,not_individually_verified,not_individually_verified
dex:bouffalant:base:dynamax,626,爆炸头水牛 · 极巨化,dynamax,https://raw.githubusercontent.com/PokeAPI/sprites/1dce80ceb372675e9fc7e9f101b71845ef587de2/sprites/pokemon/626.png,https://raw.githubusercontent.com/PokeAPI/sprites/1dce80ceb372675e9fc7e9f101b71845ef587de2/sprites/pokemon/back/626.png,not_individually_verified,not_individually_verified
dex:rufflet:base,627,毛头小鹰,base,https://raw.githubusercontent.com/PokeAPI/sprites/1dce80ceb372675e9fc7e9f101b71845ef587de2/sprites/pokemon/627.png,https://raw.githubusercontent.com/PokeAPI/sprites/1dce80ceb372675e9fc7e9f101b71845ef587de2/sprites/pokemon/back/627.png,not_individually_verified,not_individually_verified
dex:rufflet:base:dynamax,627,毛头小鹰 · 极巨化,dynamax,https://raw.githubusercontent.com/PokeAPI/sprites/1dce80ceb372675e9fc7e9f101b71845ef587de2/sprites/pokemon/627.png,https://raw.githubusercontent.com/PokeAPI/sprites/1dce80ceb372675e9fc7e9f101b71845ef587de2/sprites/pokemon/back/627.png,not_individually_verified,not_individually_verified
dex:braviary:base,628,勇士雄鹰,base,https://raw.githubusercontent.com/PokeAPI/sprites/1dce80ceb372675e9fc7e9f101b71845ef587de2/sprites/pokemon/628.png,https://raw.githubusercontent.com/PokeAPI/sprites/1dce80ceb372675e9fc7e9f101b71845ef587de2/sprites/pokemon/back/628.png,not_individually_verified,not_individually_verified
dex:form:braviaryhisui,628,勇士雄鹰 · 洗翠,regional,https://raw.githubusercontent.com/PokeAPI/sprites/1dce80ceb372675e9fc7e9f101b71845ef587de2/sprites/pokemon/10240.png,https://raw.githubusercontent.com/PokeAPI/sprites/1dce80ceb372675e9fc7e9f101b71845ef587de2/sprites/pokemon/back/10240.png,not_individually_verified,not_individually_verified
dex:braviary:base:dynamax,628,勇士雄鹰 · 极巨化,dynamax,https://raw.githubusercontent.com/PokeAPI/sprites/1dce80ceb372675e9fc7e9f101b71845ef587de2/sprites/pokemon/628.png,https://raw.githubusercontent.com/PokeAPI/sprites/1dce80ceb372675e9fc7e9f101b71845ef587de2/sprites/pokemon/back/628.png,not_individually_verified,not_individually_verified
dex:vullaby:base,629,秃鹰丫头,base,https://raw.githubusercontent.com/PokeAPI/sprites/1dce80ceb372675e9fc7e9f101b71845ef587de2/sprites/pokemon/629.png,https://raw.githubusercontent.com/PokeAPI/sprites/1dce80ceb372675e9fc7e9f101b71845ef587de2/sprites/pokemon/back/629.png,not_individually_verified,not_individually_verified
dex:vullaby:base:dynamax,629,秃鹰丫头 · 极巨化,dynamax,https://raw.githubusercontent.com/PokeAPI/sprites/1dce80ceb372675e9fc7e9f101b71845ef587de2/sprites/pokemon/629.png,https://raw.githubusercontent.com/PokeAPI/sprites/1dce80ceb372675e9fc7e9f101b71845ef587de2/sprites/pokemon/back/629.png,not_individually_verified,not_individually_verified
dex:mandibuzz:base,630,秃鹰娜,base,https://raw.githubusercontent.com/PokeAPI/sprites/1dce80ceb372675e9fc7e9f101b71845ef587de2/sprites/pokemon/630.png,https://raw.githubusercontent.com/PokeAPI/sprites/1dce80ceb372675e9fc7e9f101b71845ef587de2/sprites/pokemon/back/630.png,not_individually_verified,not_individually_verified
dex:mandibuzz:base:dynamax,630,秃鹰娜 · 极巨化,dynamax,https://raw.githubusercontent.com/PokeAPI/sprites/1dce80ceb372675e9fc7e9f101b71845ef587de2/sprites/pokemon/630.png,https://raw.githubusercontent.com/PokeAPI/sprites/1dce80ceb372675e9fc7e9f101b71845ef587de2/sprites/pokemon/back/630.png,not_individually_verified,not_individually_verified
dex:heatmor:base,631,熔蚁兽,base,https://raw.githubusercontent.com/PokeAPI/sprites/1dce80ceb372675e9fc7e9f101b71845ef587de2/sprites/pokemon/631.png,https://raw.githubusercontent.com/PokeAPI/sprites/1dce80ceb372675e9fc7e9f101b71845ef587de2/sprites/pokemon/back/631.png,not_individually_verified,not_individually_verified
dex:heatmor:base:dynamax,631,熔蚁兽 · 极巨化,dynamax,https://raw.githubusercontent.com/PokeAPI/sprites/1dce80ceb372675e9fc7e9f101b71845ef587de2/sprites/pokemon/631.png,https://raw.githubusercontent.com/PokeAPI/sprites/1dce80ceb372675e9fc7e9f101b71845ef587de2/sprites/pokemon/back/631.png,not_individually_verified,not_individually_verified
dex:durant:base,632,铁蚁,base,https://raw.githubusercontent.com/PokeAPI/sprites/1dce80ceb372675e9fc7e9f101b71845ef587de2/sprites/pokemon/632.png,https://raw.githubusercontent.com/PokeAPI/sprites/1dce80ceb372675e9fc7e9f101b71845ef587de2/sprites/pokemon/back/632.png,not_individually_verified,not_individually_verified
dex:durant:base:dynamax,632,铁蚁 · 极巨化,dynamax,https://raw.githubusercontent.com/PokeAPI/sprites/1dce80ceb372675e9fc7e9f101b71845ef587de2/sprites/pokemon/632.png,https://raw.githubusercontent.com/PokeAPI/sprites/1dce80ceb372675e9fc7e9f101b71845ef587de2/sprites/pokemon/back/632.png,not_individually_verified,not_individually_verified
dex:deino:base,633,单首龙,base,https://raw.githubusercontent.com/PokeAPI/sprites/1dce80ceb372675e9fc7e9f101b71845ef587de2/sprites/pokemon/633.png,https://raw.githubusercontent.com/PokeAPI/sprites/1dce80ceb372675e9fc7e9f101b71845ef587de2/sprites/pokemon/back/633.png,not_individually_verified,not_individually_verified
dex:deino:base:dynamax,633,单首龙 · 极巨化,dynamax,https://raw.githubusercontent.com/PokeAPI/sprites/1dce80ceb372675e9fc7e9f101b71845ef587de2/sprites/pokemon/633.png,https://raw.githubusercontent.com/PokeAPI/sprites/1dce80ceb372675e9fc7e9f101b71845ef587de2/sprites/pokemon/back/633.png,not_individually_verified,not_individually_verified
dex:zweilous:base,634,双首暴龙,base,https://raw.githubusercontent.com/PokeAPI/sprites/1dce80ceb372675e9fc7e9f101b71845ef587de2/sprites/pokemon/634.png,https://raw.githubusercontent.com/PokeAPI/sprites/1dce80ceb372675e9fc7e9f101b71845ef587de2/sprites/pokemon/back/634.png,not_individually_verified,not_individually_verified
dex:zweilous:base:dynamax,634,双首暴龙 · 极巨化,dynamax,https://raw.githubusercontent.com/PokeAPI/sprites/1dce80ceb372675e9fc7e9f101b71845ef587de2/sprites/pokemon/634.png,https://raw.githubusercontent.com/PokeAPI/sprites/1dce80ceb372675e9fc7e9f101b71845ef587de2/sprites/pokemon/back/634.png,not_individually_verified,not_individually_verified
dex:hydreigon:base,635,三首恶龙,base,https://raw.githubusercontent.com/PokeAPI/sprites/1dce80ceb372675e9fc7e9f101b71845ef587de2/sprites/pokemon/635.png,https://raw.githubusercontent.com/PokeAPI/sprites/1dce80ceb372675e9fc7e9f101b71845ef587de2/sprites/pokemon/back/635.png,not_individually_verified,not_individually_verified
dex:hydreigon:base:dynamax,635,三首恶龙 · 极巨化,dynamax,https://raw.githubusercontent.com/PokeAPI/sprites/1dce80ceb372675e9fc7e9f101b71845ef587de2/sprites/pokemon/635.png,https://raw.githubusercontent.com/PokeAPI/sprites/1dce80ceb372675e9fc7e9f101b71845ef587de2/sprites/pokemon/back/635.png,not_individually_verified,not_individually_verified
dex:larvesta:base,636,燃烧虫,base,https://raw.githubusercontent.com/PokeAPI/sprites/1dce80ceb372675e9fc7e9f101b71845ef587de2/sprites/pokemon/636.png,https://raw.githubusercontent.com/PokeAPI/sprites/1dce80ceb372675e9fc7e9f101b71845ef587de2/sprites/pokemon/back/636.png,not_individually_verified,not_individually_verified
dex:larvesta:base:dynamax,636,燃烧虫 · 极巨化,dynamax,https://raw.githubusercontent.com/PokeAPI/sprites/1dce80ceb372675e9fc7e9f101b71845ef587de2/sprites/pokemon/636.png,https://raw.githubusercontent.com/PokeAPI/sprites/1dce80ceb372675e9fc7e9f101b71845ef587de2/sprites/pokemon/back/636.png,not_individually_verified,not_individually_verified
dex:volcarona:base,637,火神蛾,base,https://raw.githubusercontent.com/PokeAPI/sprites/1dce80ceb372675e9fc7e9f101b71845ef587de2/sprites/pokemon/637.png,https://raw.githubusercontent.com/PokeAPI/sprites/1dce80ceb372675e9fc7e9f101b71845ef587de2/sprites/pokemon/back/637.png,not_individually_verified,not_individually_verified
dex:omni:rocket-bond:volcarona,637,火神蛾 · 羁绊,rocket_bond_candidate,/rocket-art/volcarona-front_default.png,/rocket-art/volcarona-back_default.png,not_individually_verified,not_individually_verified
dex:volcarona:base:dynamax,637,火神蛾 · 极巨化,dynamax,https://raw.githubusercontent.com/PokeAPI/sprites/1dce80ceb372675e9fc7e9f101b71845ef587de2/sprites/pokemon/637.png,https://raw.githubusercontent.com/PokeAPI/sprites/1dce80ceb372675e9fc7e9f101b71845ef587de2/sprites/pokemon/back/637.png,not_individually_verified,not_individually_verified
dex:cobalion:base,638,勾帕路翁,base,https://raw.githubusercontent.com/PokeAPI/sprites/1dce80ceb372675e9fc7e9f101b71845ef587de2/sprites/pokemon/638.png,https://raw.githubusercontent.com/PokeAPI/sprites/1dce80ceb372675e9fc7e9f101b71845ef587de2/sprites/pokemon/back/638.png,not_individually_verified,not_individually_verified
dex:cobalion:base:dynamax,638,勾帕路翁 · 极巨化,dynamax,https://raw.githubusercontent.com/PokeAPI/sprites/1dce80ceb372675e9fc7e9f101b71845ef587de2/sprites/pokemon/638.png,https://raw.githubusercontent.com/PokeAPI/sprites/1dce80ceb372675e9fc7e9f101b71845ef587de2/sprites/pokemon/back/638.png,not_individually_verified,not_individually_verified
dex:terrakion:base,639,代拉基翁,base,https://raw.githubusercontent.com/PokeAPI/sprites/1dce80ceb372675e9fc7e9f101b71845ef587de2/sprites/pokemon/639.png,https://raw.githubusercontent.com/PokeAPI/sprites/1dce80ceb372675e9fc7e9f101b71845ef587de2/sprites/pokemon/back/639.png,not_individually_verified,not_individually_verified
dex:terrakion:base:dynamax,639,代拉基翁 · 极巨化,dynamax,https://raw.githubusercontent.com/PokeAPI/sprites/1dce80ceb372675e9fc7e9f101b71845ef587de2/sprites/pokemon/639.png,https://raw.githubusercontent.com/PokeAPI/sprites/1dce80ceb372675e9fc7e9f101b71845ef587de2/sprites/pokemon/back/639.png,not_individually_verified,not_individually_verified
dex:virizion:base,640,毕力吉翁,base,https://raw.githubusercontent.com/PokeAPI/sprites/1dce80ceb372675e9fc7e9f101b71845ef587de2/sprites/pokemon/640.png,https://raw.githubusercontent.com/PokeAPI/sprites/1dce80ceb372675e9fc7e9f101b71845ef587de2/sprites/pokemon/back/640.png,not_individually_verified,not_individually_verified
dex:virizion:base:dynamax,640,毕力吉翁 · 极巨化,dynamax,https://raw.githubusercontent.com/PokeAPI/sprites/1dce80ceb372675e9fc7e9f101b71845ef587de2/sprites/pokemon/640.png,https://raw.githubusercontent.com/PokeAPI/sprites/1dce80ceb372675e9fc7e9f101b71845ef587de2/sprites/pokemon/back/640.png,not_individually_verified,not_individually_verified
dex:tornadus:base,641,龙卷云,base,https://raw.githubusercontent.com/PokeAPI/sprites/1dce80ceb372675e9fc7e9f101b71845ef587de2/sprites/pokemon/641.png,https://raw.githubusercontent.com/PokeAPI/sprites/1dce80ceb372675e9fc7e9f101b71845ef587de2/sprites/pokemon/back/641.png,not_individually_verified,not_individually_verified
dex:form:tornadustherian:dynamax,641,龙卷云 · 灵兽形态 · 极巨化,dynamax,https://raw.githubusercontent.com/PokeAPI/sprites/1dce80ceb372675e9fc7e9f101b71845ef587de2/sprites/pokemon/10019.png,https://raw.githubusercontent.com/PokeAPI/sprites/1dce80ceb372675e9fc7e9f101b71845ef587de2/sprites/pokemon/back/10019.png,not_individually_verified,not_individually_verified
dex:tornadus:base:dynamax,641,龙卷云 · 极巨化,dynamax,https://raw.githubusercontent.com/PokeAPI/sprites/1dce80ceb372675e9fc7e9f101b71845ef587de2/sprites/pokemon/641.png,https://raw.githubusercontent.com/PokeAPI/sprites/1dce80ceb372675e9fc7e9f101b71845ef587de2/sprites/pokemon/back/641.png,not_individually_verified,not_individually_verified
dex:form:tornadustherian,641,龙卷云 · 灵兽形态,special_form,https://raw.githubusercontent.com/PokeAPI/sprites/1dce80ceb372675e9fc7e9f101b71845ef587de2/sprites/pokemon/10019.png,https://raw.githubusercontent.com/PokeAPI/sprites/1dce80ceb372675e9fc7e9f101b71845ef587de2/sprites/pokemon/back/10019.png,not_individually_verified,not_individually_verified
dex:thundurus:base,642,雷电云,base,https://raw.githubusercontent.com/PokeAPI/sprites/1dce80ceb372675e9fc7e9f101b71845ef587de2/sprites/pokemon/642.png,https://raw.githubusercontent.com/PokeAPI/sprites/1dce80ceb372675e9fc7e9f101b71845ef587de2/sprites/pokemon/back/642.png,not_individually_verified,not_individually_verified
dex:form:thundurustherian:dynamax,642,雷电云 · 灵兽形态 · 极巨化,dynamax,https://raw.githubusercontent.com/PokeAPI/sprites/1dce80ceb372675e9fc7e9f101b71845ef587de2/sprites/pokemon/10020.png,https://raw.githubusercontent.com/PokeAPI/sprites/1dce80ceb372675e9fc7e9f101b71845ef587de2/sprites/pokemon/back/10020.png,not_individually_verified,not_individually_verified
dex:thundurus:base:dynamax,642,雷电云 · 极巨化,dynamax,https://raw.githubusercontent.com/PokeAPI/sprites/1dce80ceb372675e9fc7e9f101b71845ef587de2/sprites/pokemon/642.png,https://raw.githubusercontent.com/PokeAPI/sprites/1dce80ceb372675e9fc7e9f101b71845ef587de2/sprites/pokemon/back/642.png,not_individually_verified,not_individually_verified
dex:form:thundurustherian,642,雷电云 · 灵兽形态,special_form,https://raw.githubusercontent.com/PokeAPI/sprites/1dce80ceb372675e9fc7e9f101b71845ef587de2/sprites/pokemon/10020.png,https://raw.githubusercontent.com/PokeAPI/sprites/1dce80ceb372675e9fc7e9f101b71845ef587de2/sprites/pokemon/back/10020.png,not_individually_verified,not_individually_verified
dex:reshiram:base,643,莱希拉姆,base,https://raw.githubusercontent.com/PokeAPI/sprites/1dce80ceb372675e9fc7e9f101b71845ef587de2/sprites/pokemon/643.png,https://raw.githubusercontent.com/PokeAPI/sprites/1dce80ceb372675e9fc7e9f101b71845ef587de2/sprites/pokemon/back/643.png,not_individually_verified,not_individually_verified
dex:reshiram:base:dynamax,643,莱希拉姆 · 极巨化,dynamax,https://raw.githubusercontent.com/PokeAPI/sprites/1dce80ceb372675e9fc7e9f101b71845ef587de2/sprites/pokemon/643.png,https://raw.githubusercontent.com/PokeAPI/sprites/1dce80ceb372675e9fc7e9f101b71845ef587de2/sprites/pokemon/back/643.png,not_individually_verified,not_individually_verified
dex:zekrom:base,644,捷克罗姆,base,https://raw.githubusercontent.com/PokeAPI/sprites/1dce80ceb372675e9fc7e9f101b71845ef587de2/sprites/pokemon/644.png,https://raw.githubusercontent.com/PokeAPI/sprites/1dce80ceb372675e9fc7e9f101b71845ef587de2/sprites/pokemon/back/644.png,not_individually_verified,not_individually_verified
dex:zekrom:base:dynamax,644,捷克罗姆 · 极巨化,dynamax,https://raw.githubusercontent.com/PokeAPI/sprites/1dce80ceb372675e9fc7e9f101b71845ef587de2/sprites/pokemon/644.png,https://raw.githubusercontent.com/PokeAPI/sprites/1dce80ceb372675e9fc7e9f101b71845ef587de2/sprites/pokemon/back/644.png,not_individually_verified,not_individually_verified
dex:landorus:base,645,土地云,base,https://raw.githubusercontent.com/PokeAPI/sprites/1dce80ceb372675e9fc7e9f101b71845ef587de2/sprites/pokemon/645.png,https://raw.githubusercontent.com/PokeAPI/sprites/1dce80ceb372675e9fc7e9f101b71845ef587de2/sprites/pokemon/back/645.png,not_individually_verified,not_individually_verified
dex:form:landorustherian:dynamax,645,土地云 · 灵兽形态 · 极巨化,dynamax,https://raw.githubusercontent.com/PokeAPI/sprites/1dce80ceb372675e9fc7e9f101b71845ef587de2/sprites/pokemon/10021.png,https://raw.githubusercontent.com/PokeAPI/sprites/1dce80ceb372675e9fc7e9f101b71845ef587de2/sprites/pokemon/back/10021.png,not_individually_verified,not_individually_verified
dex:landorus:base:dynamax,645,土地云 · 极巨化,dynamax,https://raw.githubusercontent.com/PokeAPI/sprites/1dce80ceb372675e9fc7e9f101b71845ef587de2/sprites/pokemon/645.png,https://raw.githubusercontent.com/PokeAPI/sprites/1dce80ceb372675e9fc7e9f101b71845ef587de2/sprites/pokemon/back/645.png,not_individually_verified,not_individually_verified
dex:form:landorustherian,645,土地云 · 灵兽形态,special_form,https://raw.githubusercontent.com/PokeAPI/sprites/1dce80ceb372675e9fc7e9f101b71845ef587de2/sprites/pokemon/10021.png,https://raw.githubusercontent.com/PokeAPI/sprites/1dce80ceb372675e9fc7e9f101b71845ef587de2/sprites/pokemon/back/10021.png,not_individually_verified,not_individually_verified
dex:kyurem:base,646,酋雷姆,base,https://raw.githubusercontent.com/PokeAPI/sprites/1dce80ceb372675e9fc7e9f101b71845ef587de2/sprites/pokemon/646.png,https://raw.githubusercontent.com/PokeAPI/sprites/1dce80ceb372675e9fc7e9f101b71845ef587de2/sprites/pokemon/back/646.png,not_individually_verified,not_individually_verified
dex:form:kyuremblack:dynamax,646,酋雷姆 · 暗黑酋雷姆 · 极巨化,dynamax,https://raw.githubusercontent.com/PokeAPI/sprites/1dce80ceb372675e9fc7e9f101b71845ef587de2/sprites/pokemon/10022.png,https://raw.githubusercontent.com/PokeAPI/sprites/1dce80ceb372675e9fc7e9f101b71845ef587de2/sprites/pokemon/back/10022.png,not_individually_verified,not_individually_verified
dex:form:kyuremwhite:dynamax,646,酋雷姆 · 焰白酋雷姆 · 极巨化,dynamax,https://raw.githubusercontent.com/PokeAPI/sprites/1dce80ceb372675e9fc7e9f101b71845ef587de2/sprites/pokemon/10023.png,https://raw.githubusercontent.com/PokeAPI/sprites/1dce80ceb372675e9fc7e9f101b71845ef587de2/sprites/pokemon/back/10023.png,not_individually_verified,not_individually_verified
dex:kyurem:base:dynamax,646,酋雷姆 · 极巨化,dynamax,https://raw.githubusercontent.com/PokeAPI/sprites/1dce80ceb372675e9fc7e9f101b71845ef587de2/sprites/pokemon/646.png,https://raw.githubusercontent.com/PokeAPI/sprites/1dce80ceb372675e9fc7e9f101b71845ef587de2/sprites/pokemon/back/646.png,not_individually_verified,not_individually_verified
dex:form:kyuremblack,646,酋雷姆 · 暗黑酋雷姆,fusion,https://raw.githubusercontent.com/PokeAPI/sprites/1dce80ceb372675e9fc7e9f101b71845ef587de2/sprites/pokemon/10022.png,https://raw.githubusercontent.com/PokeAPI/sprites/1dce80ceb372675e9fc7e9f101b71845ef587de2/sprites/pokemon/back/10022.png,not_individually_verified,not_individually_verified
dex:form:kyuremwhite,646,酋雷姆 · 焰白酋雷姆,fusion,https://raw.githubusercontent.com/PokeAPI/sprites/1dce80ceb372675e9fc7e9f101b71845ef587de2/sprites/pokemon/10023.png,https://raw.githubusercontent.com/PokeAPI/sprites/1dce80ceb372675e9fc7e9f101b71845ef587de2/sprites/pokemon/back/10023.png,not_individually_verified,not_individually_verified
dex:omni:ultra58:1119,646,合众酋雷姆,source_variant,/ultra-art/1119-front_default.png,/ultra-art/1119-back_default.png,not_individually_verified,not_individually_verified
dex:keldeo:base,647,凯路迪欧,base,https://raw.githubusercontent.com/PokeAPI/sprites/1dce80ceb372675e9fc7e9f101b71845ef587de2/sprites/pokemon/647.png,https://raw.githubusercontent.com/PokeAPI/sprites/1dce80ceb372675e9fc7e9f101b71845ef587de2/sprites/pokemon/back/647.png,not_individually_verified,not_individually_verified
dex:form:keldeoresolute:dynamax,647,凯路迪欧 · 觉悟的样子 · 极巨化,dynamax,https://raw.githubusercontent.com/PokeAPI/sprites/1dce80ceb372675e9fc7e9f101b71845ef587de2/sprites/pokemon/10024.png,https://raw.githubusercontent.com/PokeAPI/sprites/1dce80ceb372675e9fc7e9f101b71845ef587de2/sprites/pokemon/back/10024.png,not_individually_verified,not_individually_verified
dex:keldeo:base:dynamax,647,凯路迪欧 · 极巨化,dynamax,https://raw.githubusercontent.com/PokeAPI/sprites/1dce80ceb372675e9fc7e9f101b71845ef587de2/sprites/pokemon/647.png,https://raw.githubusercontent.com/PokeAPI/sprites/1dce80ceb372675e9fc7e9f101b71845ef587de2/sprites/pokemon/back/647.png,not_individually_verified,not_individually_verified
dex:form:keldeoresolute,647,凯路迪欧 · 觉悟的样子,special_form,https://raw.githubusercontent.com/PokeAPI/sprites/1dce80ceb372675e9fc7e9f101b71845ef587de2/sprites/pokemon/10024.png,https://raw.githubusercontent.com/PokeAPI/sprites/1dce80ceb372675e9fc7e9f101b71845ef587de2/sprites/pokemon/back/10024.png,not_individually_verified,not_individually_verified
dex:meloetta:base,648,美洛耶塔,base,https://raw.githubusercontent.com/PokeAPI/sprites/1dce80ceb372675e9fc7e9f101b71845ef587de2/sprites/pokemon/648.png,https://raw.githubusercontent.com/PokeAPI/sprites/1dce80ceb372675e9fc7e9f101b71845ef587de2/sprites/pokemon/back/648.png,not_individually_verified,not_individually_verified
dex:form:meloettapirouette,648,美洛耶塔 · 舞步形态,battle_state,https://raw.githubusercontent.com/PokeAPI/sprites/1dce80ceb372675e9fc7e9f101b71845ef587de2/sprites/pokemon/10018.png,https://raw.githubusercontent.com/PokeAPI/sprites/1dce80ceb372675e9fc7e9f101b71845ef587de2/sprites/pokemon/back/10018.png,not_individually_verified,not_individually_verified
dex:genesect:base,649,盖诺赛克特,base,https://raw.githubusercontent.com/PokeAPI/sprites/1dce80ceb372675e9fc7e9f101b71845ef587de2/sprites/pokemon/649.png,https://raw.githubusercontent.com/PokeAPI/sprites/1dce80ceb372675e9fc7e9f101b71845ef587de2/sprites/pokemon/back/649.png,not_individually_verified,not_individually_verified
dex:form:genesectburn:dynamax,649,盖诺赛克特 · 火焰卡带 · 极巨化,dynamax,https://raw.githubusercontent.com/PokeAPI/sprites/1dce80ceb372675e9fc7e9f101b71845ef587de2/sprites/pokemon/649-burn.png,https://raw.githubusercontent.com/PokeAPI/sprites/1dce80ceb372675e9fc7e9f101b71845ef587de2/sprites/pokemon/back/649-burn.png,not_individually_verified,not_individually_verified
dex:form:genesectchill:dynamax,649,盖诺赛克特 · 冰冻卡带 · 极巨化,dynamax,https://raw.githubusercontent.com/PokeAPI/sprites/1dce80ceb372675e9fc7e9f101b71845ef587de2/sprites/pokemon/649-chill.png,https://raw.githubusercontent.com/PokeAPI/sprites/1dce80ceb372675e9fc7e9f101b71845ef587de2/sprites/pokemon/back/649-chill.png,not_individually_verified,not_individually_verified
dex:form:genesectdouse:dynamax,649,盖诺赛克特 · 水流卡带 · 极巨化,dynamax,https://raw.githubusercontent.com/PokeAPI/sprites/1dce80ceb372675e9fc7e9f101b71845ef587de2/sprites/pokemon/649-douse.png,https://raw.githubusercontent.com/PokeAPI/sprites/1dce80ceb372675e9fc7e9f101b71845ef587de2/sprites/pokemon/back/649-douse.png,not_individually_verified,not_individually_verified
dex:form:genesectshock:dynamax,649,盖诺赛克特 · 闪电卡带 · 极巨化,dynamax,https://raw.githubusercontent.com/PokeAPI/sprites/1dce80ceb372675e9fc7e9f101b71845ef587de2/sprites/pokemon/649-shock.png,https://raw.githubusercontent.com/PokeAPI/sprites/1dce80ceb372675e9fc7e9f101b71845ef587de2/sprites/pokemon/back/649-shock.png,not_individually_verified,not_individually_verified
dex:genesect:base:dynamax,649,盖诺赛克特 · 极巨化,dynamax,https://raw.githubusercontent.com/PokeAPI/sprites/1dce80ceb372675e9fc7e9f101b71845ef587de2/sprites/pokemon/649.png,https://raw.githubusercontent.com/PokeAPI/sprites/1dce80ceb372675e9fc7e9f101b71845ef587de2/sprites/pokemon/back/649.png,not_individually_verified,not_individually_verified
dex:form:genesectburn,649,盖诺赛克特 · 火焰卡带,type_form,https://raw.githubusercontent.com/PokeAPI/sprites/1dce80ceb372675e9fc7e9f101b71845ef587de2/sprites/pokemon/649-burn.png,https://raw.githubusercontent.com/PokeAPI/sprites/1dce80ceb372675e9fc7e9f101b71845ef587de2/sprites/pokemon/back/649-burn.png,not_individually_verified,not_individually_verified
dex:form:genesectchill,649,盖诺赛克特 · 冰冻卡带,type_form,https://raw.githubusercontent.com/PokeAPI/sprites/1dce80ceb372675e9fc7e9f101b71845ef587de2/sprites/pokemon/649-chill.png,https://raw.githubusercontent.com/PokeAPI/sprites/1dce80ceb372675e9fc7e9f101b71845ef587de2/sprites/pokemon/back/649-chill.png,not_individually_verified,not_individually_verified
dex:form:genesectdouse,649,盖诺赛克特 · 水流卡带,type_form,https://raw.githubusercontent.com/PokeAPI/sprites/1dce80ceb372675e9fc7e9f101b71845ef587de2/sprites/pokemon/649-douse.png,https://raw.githubusercontent.com/PokeAPI/sprites/1dce80ceb372675e9fc7e9f101b71845ef587de2/sprites/pokemon/back/649-douse.png,not_individually_verified,not_individually_verified
dex:form:genesectshock,649,盖诺赛克特 · 闪电卡带,type_form,https://raw.githubusercontent.com/PokeAPI/sprites/1dce80ceb372675e9fc7e9f101b71845ef587de2/sprites/pokemon/649-shock.png,https://raw.githubusercontent.com/PokeAPI/sprites/1dce80ceb372675e9fc7e9f101b71845ef587de2/sprites/pokemon/back/649-shock.png,not_individually_verified,not_individually_verified
dex:chespin:base,650,哈力栗,base,https://raw.githubusercontent.com/PokeAPI/sprites/1dce80ceb372675e9fc7e9f101b71845ef587de2/sprites/pokemon/650.png,https://raw.githubusercontent.com/PokeAPI/sprites/1dce80ceb372675e9fc7e9f101b71845ef587de2/sprites/pokemon/back/650.png,not_individually_verified,not_individually_verified
dex:quilladin:base,651,胖胖哈力,base,https://raw.githubusercontent.com/PokeAPI/sprites/1dce80ceb372675e9fc7e9f101b71845ef587de2/sprites/pokemon/651.png,https://raw.githubusercontent.com/PokeAPI/sprites/1dce80ceb372675e9fc7e9f101b71845ef587de2/sprites/pokemon/back/651.png,not_individually_verified,not_individually_verified
dex:chesnaught:base,652,布里卡隆,base,https://raw.githubusercontent.com/PokeAPI/sprites/1dce80ceb372675e9fc7e9f101b71845ef587de2/sprites/pokemon/652.png,https://raw.githubusercontent.com/PokeAPI/sprites/1dce80ceb372675e9fc7e9f101b71845ef587de2/sprites/pokemon/back/652.png,not_individually_verified,not_individually_verified
dex:form:chesnaughtmega,652,布里卡隆 · 超级进化,mega,https://raw.githubusercontent.com/PokeAPI/sprites/1dce80ceb372675e9fc7e9f101b71845ef587de2/sprites/pokemon/10292.png,https://raw.githubusercontent.com/PokeAPI/sprites/1dce80ceb372675e9fc7e9f101b71845ef587de2/sprites/pokemon/back/10292.png,not_individually_verified,not_individually_verified
dex:fennekin:base,653,火狐狸,base,https://raw.githubusercontent.com/PokeAPI/sprites/1dce80ceb372675e9fc7e9f101b71845ef587de2/sprites/pokemon/653.png,https://raw.githubusercontent.com/PokeAPI/sprites/1dce80ceb372675e9fc7e9f101b71845ef587de2/sprites/pokemon/back/653.png,not_individually_verified,not_individually_verified
dex:braixen:base,654,长尾火狐,base,https://raw.githubusercontent.com/PokeAPI/sprites/1dce80ceb372675e9fc7e9f101b71845ef587de2/sprites/pokemon/654.png,https://raw.githubusercontent.com/PokeAPI/sprites/1dce80ceb372675e9fc7e9f101b71845ef587de2/sprites/pokemon/back/654.png,not_individually_verified,not_individually_verified
dex:delphox:base,655,妖火红狐,base,https://raw.githubusercontent.com/PokeAPI/sprites/1dce80ceb372675e9fc7e9f101b71845ef587de2/sprites/pokemon/655.png,https://raw.githubusercontent.com/PokeAPI/sprites/1dce80ceb372675e9fc7e9f101b71845ef587de2/sprites/pokemon/back/655.png,not_individually_verified,not_individually_verified
dex:form:delphoxmega,655,妖火红狐 · 超级进化,mega,https://raw.githubusercontent.com/PokeAPI/sprites/1dce80ceb372675e9fc7e9f101b71845ef587de2/sprites/pokemon/10293.png,https://raw.githubusercontent.com/PokeAPI/sprites/1dce80ceb372675e9fc7e9f101b71845ef587de2/sprites/pokemon/back/10293.png,not_individually_verified,not_individually_verified
dex:omni:rocket-bond:delphox,655,妖火红狐 · 羁绊,rocket_bond_candidate,/rocket-art/delphox-front_default.png,/rocket-art/delphox-back_default.png,not_individually_verified,not_individually_verified
dex:froakie:base,656,呱呱泡蛙,base,https://raw.githubusercontent.com/PokeAPI/sprites/1dce80ceb372675e9fc7e9f101b71845ef587de2/sprites/pokemon/656.png,https://raw.githubusercontent.com/PokeAPI/sprites/1dce80ceb372675e9fc7e9f101b71845ef587de2/sprites/pokemon/back/656.png,not_individually_verified,not_individually_verified
dex:frogadier:base,657,呱头蛙,base,https://raw.githubusercontent.com/PokeAPI/sprites/1dce80ceb372675e9fc7e9f101b71845ef587de2/sprites/pokemon/657.png,https://raw.githubusercontent.com/PokeAPI/sprites/1dce80ceb372675e9fc7e9f101b71845ef587de2/sprites/pokemon/back/657.png,not_individually_verified,not_individually_verified
dex:greninja:base,658,甲贺忍蛙,base,https://raw.githubusercontent.com/PokeAPI/sprites/1dce80ceb372675e9fc7e9f101b71845ef587de2/sprites/pokemon/658.png,https://raw.githubusercontent.com/PokeAPI/sprites/1dce80ceb372675e9fc7e9f101b71845ef587de2/sprites/pokemon/back/658.png,not_individually_verified,not_individually_verified
dex:form:greninjamega,658,甲贺忍蛙 · 超级进化,mega,https://raw.githubusercontent.com/PokeAPI/sprites/1dce80ceb372675e9fc7e9f101b71845ef587de2/sprites/pokemon/10294.png,https://raw.githubusercontent.com/PokeAPI/sprites/1dce80ceb372675e9fc7e9f101b71845ef587de2/sprites/pokemon/back/10294.png,not_individually_verified,not_individually_verified
dex:form:greninjaash,658,甲贺忍蛙 · 小智版甲贺忍蛙,battle_state,https://raw.githubusercontent.com/PokeAPI/sprites/1dce80ceb372675e9fc7e9f101b71845ef587de2/sprites/pokemon/10117.png,https://raw.githubusercontent.com/PokeAPI/sprites/1dce80ceb372675e9fc7e9f101b71845ef587de2/sprites/pokemon/back/10117.png,not_individually_verified,not_individually_verified
dex:form:greninjabond,658,甲贺忍蛙 · 牵绊变身特性个体,special_form,https://raw.githubusercontent.com/PokeAPI/sprites/1dce80ceb372675e9fc7e9f101b71845ef587de2/sprites/pokemon/10116.png,https://raw.githubusercontent.com/PokeAPI/sprites/1dce80ceb372675e9fc7e9f101b71845ef587de2/sprites/pokemon/back/10116.png,not_individually_verified,not_individually_verified
dex:omni:ultra58:428,658,小智忍蛙 · 神战版,source_variant,/ultra-art/428-front_default.png,/ultra-art/428-back_default.png,not_individually_verified,not_individually_verified
dex:bunnelby:base,659,掘掘兔,base,https://raw.githubusercontent.com/PokeAPI/sprites/1dce80ceb372675e9fc7e9f101b71845ef587de2/sprites/pokemon/659.png,https://raw.githubusercontent.com/PokeAPI/sprites/1dce80ceb372675e9fc7e9f101b71845ef587de2/sprites/pokemon/back/659.png,not_individually_verified,not_individually_verified
dex:bunnelby:base:dynamax,659,掘掘兔 · 极巨化,dynamax,https://raw.githubusercontent.com/PokeAPI/sprites/1dce80ceb372675e9fc7e9f101b71845ef587de2/sprites/pokemon/659.png,https://raw.githubusercontent.com/PokeAPI/sprites/1dce80ceb372675e9fc7e9f101b71845ef587de2/sprites/pokemon/back/659.png,not_individually_verified,not_individually_verified
dex:diggersby:base,660,掘地兔,base,https://raw.githubusercontent.com/PokeAPI/sprites/1dce80ceb372675e9fc7e9f101b71845ef587de2/sprites/pokemon/660.png,https://raw.githubusercontent.com/PokeAPI/sprites/1dce80ceb372675e9fc7e9f101b71845ef587de2/sprites/pokemon/back/660.png,not_individually_verified,not_individually_verified
dex:diggersby:base:dynamax,660,掘地兔 · 极巨化,dynamax,https://raw.githubusercontent.com/PokeAPI/sprites/1dce80ceb372675e9fc7e9f101b71845ef587de2/sprites/pokemon/660.png,https://raw.githubusercontent.com/PokeAPI/sprites/1dce80ceb372675e9fc7e9f101b71845ef587de2/sprites/pokemon/back/660.png,not_individually_verified,not_individually_verified
dex:fletchling:base,661,小箭雀,base,https://raw.githubusercontent.com/PokeAPI/sprites/1dce80ceb372675e9fc7e9f101b71845ef587de2/sprites/pokemon/661.png,https://raw.githubusercontent.com/PokeAPI/sprites/1dce80ceb372675e9fc7e9f101b71845ef587de2/sprites/pokemon/back/661.png,not_individually_verified,not_individually_verified
dex:fletchling:base:dynamax,661,小箭雀 · 极巨化,dynamax,https://raw.githubusercontent.com/PokeAPI/sprites/1dce80ceb372675e9fc7e9f101b71845ef587de2/sprites/pokemon/661.png,https://raw.githubusercontent.com/PokeAPI/sprites/1dce80ceb372675e9fc7e9f101b71845ef587de2/sprites/pokemon/back/661.png,not_individually_verified,not_individually_verified
dex:fletchinder:base,662,火箭雀,base,https://raw.githubusercontent.com/PokeAPI/sprites/1dce80ceb372675e9fc7e9f101b71845ef587de2/sprites/pokemon/662.png,https://raw.githubusercontent.com/PokeAPI/sprites/1dce80ceb372675e9fc7e9f101b71845ef587de2/sprites/pokemon/back/662.png,not_individually_verified,not_individually_verified
dex:fletchinder:base:dynamax,662,火箭雀 · 极巨化,dynamax,https://raw.githubusercontent.com/PokeAPI/sprites/1dce80ceb372675e9fc7e9f101b71845ef587de2/sprites/pokemon/662.png,https://raw.githubusercontent.com/PokeAPI/sprites/1dce80ceb372675e9fc7e9f101b71845ef587de2/sprites/pokemon/back/662.png,not_individually_verified,not_individually_verified
dex:talonflame:base,663,烈箭鹰,base,https://raw.githubusercontent.com/PokeAPI/sprites/1dce80ceb372675e9fc7e9f101b71845ef587de2/sprites/pokemon/663.png,https://raw.githubusercontent.com/PokeAPI/sprites/1dce80ceb372675e9fc7e9f101b71845ef587de2/sprites/pokemon/back/663.png,not_individually_verified,not_individually_verified
dex:talonflame:base:dynamax,663,烈箭鹰 · 极巨化,dynamax,https://raw.githubusercontent.com/PokeAPI/sprites/1dce80ceb372675e9fc7e9f101b71845ef587de2/sprites/pokemon/663.png,https://raw.githubusercontent.com/PokeAPI/sprites/1dce80ceb372675e9fc7e9f101b71845ef587de2/sprites/pokemon/back/663.png,not_individually_verified,not_individually_verified
dex:scatterbug:base,664,粉蝶虫,base,https://raw.githubusercontent.com/PokeAPI/sprites/1dce80ceb372675e9fc7e9f101b71845ef587de2/sprites/pokemon/664.png,https://raw.githubusercontent.com/PokeAPI/sprites/1dce80ceb372675e9fc7e9f101b71845ef587de2/sprites/pokemon/back/664.png,not_individually_verified,not_individually_verified
dex:spewpa:base,665,粉蝶蛹,base,https://raw.githubusercontent.com/PokeAPI/sprites/1dce80ceb372675e9fc7e9f101b71845ef587de2/sprites/pokemon/665.png,https://raw.githubusercontent.com/PokeAPI/sprites/1dce80ceb372675e9fc7e9f101b71845ef587de2/sprites/pokemon/back/665.png,not_individually_verified,not_individually_verified
dex:vivillon:base,666,彩粉蝶,base,https://raw.githubusercontent.com/PokeAPI/sprites/1dce80ceb372675e9fc7e9f101b71845ef587de2/sprites/pokemon/666.png,https://raw.githubusercontent.com/PokeAPI/sprites/1dce80ceb372675e9fc7e9f101b71845ef587de2/sprites/pokemon/back/666.png,not_individually_verified,not_individually_verified
dex:form:vivillonarchipelago,666,彩粉蝶 · 群岛花纹,cosmetic,https://raw.githubusercontent.com/PokeAPI/sprites/1dce80ceb372675e9fc7e9f101b71845ef587de2/sprites/pokemon/666-archipelago.png,https://raw.githubusercontent.com/PokeAPI/sprites/1dce80ceb372675e9fc7e9f101b71845ef587de2/sprites/pokemon/back/666-archipelago.png,not_individually_verified,not_individually_verified
dex:form:vivilloncontinental,666,彩粉蝶 · 大陆花纹,cosmetic,https://raw.githubusercontent.com/PokeAPI/sprites/1dce80ceb372675e9fc7e9f101b71845ef587de2/sprites/pokemon/666-continental.png,https://raw.githubusercontent.com/PokeAPI/sprites/1dce80ceb372675e9fc7e9f101b71845ef587de2/sprites/pokemon/back/666-continental.png,not_individually_verified,not_individually_verified
dex:form:vivillonelegant,666,彩粉蝶 · 高雅花纹,cosmetic,https://raw.githubusercontent.com/PokeAPI/sprites/1dce80ceb372675e9fc7e9f101b71845ef587de2/sprites/pokemon/666-elegant.png,https://raw.githubusercontent.com/PokeAPI/sprites/1dce80ceb372675e9fc7e9f101b71845ef587de2/sprites/pokemon/back/666-elegant.png,not_individually_verified,not_individually_verified
dex:form:vivillonfancy,666,彩粉蝶 · 花园花纹,cosmetic,https://raw.githubusercontent.com/PokeAPI/sprites/1dce80ceb372675e9fc7e9f101b71845ef587de2/sprites/pokemon/666-fancy.png,https://raw.githubusercontent.com/PokeAPI/sprites/1dce80ceb372675e9fc7e9f101b71845ef587de2/sprites/pokemon/back/666-fancy.png,not_individually_verified,not_individually_verified
dex:form:vivillongarden,666,彩粉蝶 · 庭园花纹,cosmetic,https://raw.githubusercontent.com/PokeAPI/sprites/1dce80ceb372675e9fc7e9f101b71845ef587de2/sprites/pokemon/666-garden.png,https://raw.githubusercontent.com/PokeAPI/sprites/1dce80ceb372675e9fc7e9f101b71845ef587de2/sprites/pokemon/back/666-garden.png,not_individually_verified,not_individually_verified
dex:form:vivillonhighplains,666,彩粉蝶 · 荒野花纹,cosmetic,https://raw.githubusercontent.com/PokeAPI/sprites/1dce80ceb372675e9fc7e9f101b71845ef587de2/sprites/pokemon/666-high-plains.png,https://raw.githubusercontent.com/PokeAPI/sprites/1dce80ceb372675e9fc7e9f101b71845ef587de2/sprites/pokemon/back/666-high-plains.png,not_individually_verified,not_individually_verified
dex:form:vivillonicysnow,666,彩粉蝶 · 冰雪花纹,cosmetic,https://raw.githubusercontent.com/PokeAPI/sprites/1dce80ceb372675e9fc7e9f101b71845ef587de2/sprites/pokemon/666-icy-snow.png,https://raw.githubusercontent.com/PokeAPI/sprites/1dce80ceb372675e9fc7e9f101b71845ef587de2/sprites/pokemon/back/666-icy-snow.png,not_individually_verified,not_individually_verified
dex:form:vivillonjungle,666,彩粉蝶 · 热带雨林花纹,cosmetic,https://raw.githubusercontent.com/PokeAPI/sprites/1dce80ceb372675e9fc7e9f101b71845ef587de2/sprites/pokemon/666-jungle.png,https://raw.githubusercontent.com/PokeAPI/sprites/1dce80ceb372675e9fc7e9f101b71845ef587de2/sprites/pokemon/back/666-jungle.png,not_individually_verified,not_individually_verified
dex:form:vivillonmarine,666,彩粉蝶 · 大海花纹,cosmetic,https://raw.githubusercontent.com/PokeAPI/sprites/1dce80ceb372675e9fc7e9f101b71845ef587de2/sprites/pokemon/666-marine.png,https://raw.githubusercontent.com/PokeAPI/sprites/1dce80ceb372675e9fc7e9f101b71845ef587de2/sprites/pokemon/back/666-marine.png,not_individually_verified,not_individually_verified
dex:form:vivillonmodern,666,彩粉蝶 · 摩登花纹,cosmetic,https://raw.githubusercontent.com/PokeAPI/sprites/1dce80ceb372675e9fc7e9f101b71845ef587de2/sprites/pokemon/666-modern.png,https://raw.githubusercontent.com/PokeAPI/sprites/1dce80ceb372675e9fc7e9f101b71845ef587de2/sprites/pokemon/back/666-modern.png,not_individually_verified,not_individually_verified
dex:form:vivillonmonsoon,666,彩粉蝶 · 骤雨花纹,cosmetic,https://raw.githubusercontent.com/PokeAPI/sprites/1dce80ceb372675e9fc7e9f101b71845ef587de2/sprites/pokemon/666-monsoon.png,https://raw.githubusercontent.com/PokeAPI/sprites/1dce80ceb372675e9fc7e9f101b71845ef587de2/sprites/pokemon/back/666-monsoon.png,not_individually_verified,not_individually_verified
dex:form:vivillonocean,666,彩粉蝶 · 大洋花纹,cosmetic,https://raw.githubusercontent.com/PokeAPI/sprites/1dce80ceb372675e9fc7e9f101b71845ef587de2/sprites/pokemon/666-ocean.png,https://raw.githubusercontent.com/PokeAPI/sprites/1dce80ceb372675e9fc7e9f101b71845ef587de2/sprites/pokemon/back/666-ocean.png,not_individually_verified,not_individually_verified
dex:form:vivillonpokeball,666,彩粉蝶 · 球球花纹,cosmetic,https://raw.githubusercontent.com/PokeAPI/sprites/1dce80ceb372675e9fc7e9f101b71845ef587de2/sprites/pokemon/666-poke-ball.png,https://raw.githubusercontent.com/PokeAPI/sprites/1dce80ceb372675e9fc7e9f101b71845ef587de2/sprites/pokemon/back/666-poke-ball.png,not_individually_verified,not_individually_verified
dex:form:vivillonpolar,666,彩粉蝶 · 雪国花纹,cosmetic,https://raw.githubusercontent.com/PokeAPI/sprites/1dce80ceb372675e9fc7e9f101b71845ef587de2/sprites/pokemon/666-polar.png,https://raw.githubusercontent.com/PokeAPI/sprites/1dce80ceb372675e9fc7e9f101b71845ef587de2/sprites/pokemon/back/666-polar.png,not_individually_verified,not_individually_verified
dex:form:vivillonriver,666,彩粉蝶 · 大河花纹,cosmetic,https://raw.githubusercontent.com/PokeAPI/sprites/1dce80ceb372675e9fc7e9f101b71845ef587de2/sprites/pokemon/666-river.png,https://raw.githubusercontent.com/PokeAPI/sprites/1dce80ceb372675e9fc7e9f101b71845ef587de2/sprites/pokemon/back/666-river.png,not_individually_verified,not_individually_verified
dex:form:vivillonsandstorm,666,彩粉蝶 · 沙尘花纹,cosmetic,https://raw.githubusercontent.com/PokeAPI/sprites/1dce80ceb372675e9fc7e9f101b71845ef587de2/sprites/pokemon/666-sandstorm.png,https://raw.githubusercontent.com/PokeAPI/sprites/1dce80ceb372675e9fc7e9f101b71845ef587de2/sprites/pokemon/back/666-sandstorm.png,not_individually_verified,not_individually_verified
dex:form:vivillonsavanna,666,彩粉蝶 · 热带草原花纹,cosmetic,https://raw.githubusercontent.com/PokeAPI/sprites/1dce80ceb372675e9fc7e9f101b71845ef587de2/sprites/pokemon/666-savanna.png,https://raw.githubusercontent.com/PokeAPI/sprites/1dce80ceb372675e9fc7e9f101b71845ef587de2/sprites/pokemon/back/666-savanna.png,not_individually_verified,not_individually_verified
dex:form:vivillonsun,666,彩粉蝶 · 太阳花纹,cosmetic,https://raw.githubusercontent.com/PokeAPI/sprites/1dce80ceb372675e9fc7e9f101b71845ef587de2/sprites/pokemon/666-sun.png,https://raw.githubusercontent.com/PokeAPI/sprites/1dce80ceb372675e9fc7e9f101b71845ef587de2/sprites/pokemon/back/666-sun.png,not_individually_verified,not_individually_verified
dex:form:vivillontundra,666,彩粉蝶 · 雪原花纹,cosmetic,https://raw.githubusercontent.com/PokeAPI/sprites/1dce80ceb372675e9fc7e9f101b71845ef587de2/sprites/pokemon/666-tundra.png,https://raw.githubusercontent.com/PokeAPI/sprites/1dce80ceb372675e9fc7e9f101b71845ef587de2/sprites/pokemon/back/666-tundra.png,not_individually_verified,not_individually_verified
dex:litleo:base,667,小狮狮,base,https://raw.githubusercontent.com/PokeAPI/sprites/1dce80ceb372675e9fc7e9f101b71845ef587de2/sprites/pokemon/667.png,https://raw.githubusercontent.com/PokeAPI/sprites/1dce80ceb372675e9fc7e9f101b71845ef587de2/sprites/pokemon/back/667.png,not_individually_verified,not_individually_verified
dex:pyroar:base,668,火炎狮,base,https://raw.githubusercontent.com/PokeAPI/sprites/1dce80ceb372675e9fc7e9f101b71845ef587de2/sprites/pokemon/668.png,https://raw.githubusercontent.com/PokeAPI/sprites/1dce80ceb372675e9fc7e9f101b71845ef587de2/sprites/pokemon/back/668.png,not_individually_verified,not_individually_verified
dex:form:pyroarmega,668,火炎狮 · 超级进化,mega,https://raw.githubusercontent.com/PokeAPI/sprites/1dce80ceb372675e9fc7e9f101b71845ef587de2/sprites/pokemon/10295.png,https://raw.githubusercontent.com/PokeAPI/sprites/1dce80ceb372675e9fc7e9f101b71845ef587de2/sprites/pokemon/back/10295.png,not_individually_verified,not_individually_verified
dex:appearance:pyroar-female,668,火炎狮 · 雌性的样子,gender_form,https://raw.githubusercontent.com/PokeAPI/sprites/1dce80ceb372675e9fc7e9f101b71845ef587de2/sprites/pokemon/668-female.png,https://raw.githubusercontent.com/PokeAPI/sprites/1dce80ceb372675e9fc7e9f101b71845ef587de2/sprites/pokemon/back/668-female.png,not_individually_verified,not_individually_verified
dex:flabebe:base,669,花蓓蓓,base,https://raw.githubusercontent.com/PokeAPI/sprites/1dce80ceb372675e9fc7e9f101b71845ef587de2/sprites/pokemon/669.png,https://raw.githubusercontent.com/PokeAPI/sprites/1dce80ceb372675e9fc7e9f101b71845ef587de2/sprites/pokemon/back/669.png,not_individually_verified,not_individually_verified
dex:cosmetic:flabebeblue,669,花蓓蓓 · 蓝色,cosmetic,https://raw.githubusercontent.com/PokeAPI/sprites/1dce80ceb372675e9fc7e9f101b71845ef587de2/sprites/pokemon/669-blue.png,https://raw.githubusercontent.com/PokeAPI/sprites/1dce80ceb372675e9fc7e9f101b71845ef587de2/sprites/pokemon/back/669-blue.png,not_individually_verified,not_individually_verified
dex:cosmetic:flabebeorange,669,花蓓蓓 · 橙色,cosmetic,https://raw.githubusercontent.com/PokeAPI/sprites/1dce80ceb372675e9fc7e9f101b71845ef587de2/sprites/pokemon/669-orange.png,https://raw.githubusercontent.com/PokeAPI/sprites/1dce80ceb372675e9fc7e9f101b71845ef587de2/sprites/pokemon/back/669-orange.png,not_individually_verified,not_individually_verified
dex:cosmetic:flabebewhite,669,花蓓蓓 · 白色,cosmetic,https://raw.githubusercontent.com/PokeAPI/sprites/1dce80ceb372675e9fc7e9f101b71845ef587de2/sprites/pokemon/669-white.png,https://raw.githubusercontent.com/PokeAPI/sprites/1dce80ceb372675e9fc7e9f101b71845ef587de2/sprites/pokemon/back/669-white.png,not_individually_verified,not_individually_verified
dex:cosmetic:flabebeyellow,669,花蓓蓓 · 黄色,cosmetic,https://raw.githubusercontent.com/PokeAPI/sprites/1dce80ceb372675e9fc7e9f101b71845ef587de2/sprites/pokemon/669-yellow.png,https://raw.githubusercontent.com/PokeAPI/sprites/1dce80ceb372675e9fc7e9f101b71845ef587de2/sprites/pokemon/back/669-yellow.png,not_individually_verified,not_individually_verified
dex:floette:base,670,花叶蒂,base,https://raw.githubusercontent.com/PokeAPI/sprites/1dce80ceb372675e9fc7e9f101b71845ef587de2/sprites/pokemon/670.png,https://raw.githubusercontent.com/PokeAPI/sprites/1dce80ceb372675e9fc7e9f101b71845ef587de2/sprites/pokemon/back/670.png,not_individually_verified,not_individually_verified
dex:form:floettemega,670,花叶蒂 · 超级进化,mega,https://raw.githubusercontent.com/PokeAPI/sprites/1dce80ceb372675e9fc7e9f101b71845ef587de2/sprites/pokemon/10296.png,https://raw.githubusercontent.com/PokeAPI/sprites/1dce80ceb372675e9fc7e9f101b71845ef587de2/sprites/pokemon/back/10296.png,not_individually_verified,not_individually_verified
dex:cosmetic:floetteblue,670,花叶蒂 · 蓝色,cosmetic,https://raw.githubusercontent.com/PokeAPI/sprites/1dce80ceb372675e9fc7e9f101b71845ef587de2/sprites/pokemon/670-blue.png,https://raw.githubusercontent.com/PokeAPI/sprites/1dce80ceb372675e9fc7e9f101b71845ef587de2/sprites/pokemon/back/670-blue.png,not_individually_verified,not_individually_verified
dex:cosmetic:floetteorange,670,花叶蒂 · 橙色,cosmetic,https://raw.githubusercontent.com/PokeAPI/sprites/1dce80ceb372675e9fc7e9f101b71845ef587de2/sprites/pokemon/670-orange.png,https://raw.githubusercontent.com/PokeAPI/sprites/1dce80ceb372675e9fc7e9f101b71845ef587de2/sprites/pokemon/back/670-orange.png,not_individually_verified,not_individually_verified
dex:cosmetic:floettewhite,670,花叶蒂 · 白色,cosmetic,https://raw.githubusercontent.com/PokeAPI/sprites/1dce80ceb372675e9fc7e9f101b71845ef587de2/sprites/pokemon/670-white.png,https://raw.githubusercontent.com/PokeAPI/sprites/1dce80ceb372675e9fc7e9f101b71845ef587de2/sprites/pokemon/back/670-white.png,not_individually_verified,not_individually_verified
dex:cosmetic:floetteyellow,670,花叶蒂 · 黄色,cosmetic,https://raw.githubusercontent.com/PokeAPI/sprites/1dce80ceb372675e9fc7e9f101b71845ef587de2/sprites/pokemon/670-yellow.png,https://raw.githubusercontent.com/PokeAPI/sprites/1dce80ceb372675e9fc7e9f101b71845ef587de2/sprites/pokemon/back/670-yellow.png,not_individually_verified,not_individually_verified
dex:form:floetteeternal,670,花叶蒂 · 永恒之花,special_form,https://raw.githubusercontent.com/PokeAPI/sprites/1dce80ceb372675e9fc7e9f101b71845ef587de2/sprites/pokemon/10061.png,https://raw.githubusercontent.com/PokeAPI/sprites/1dce80ceb372675e9fc7e9f101b71845ef587de2/sprites/pokemon/back/10061.png,not_individually_verified,not_individually_verified
dex:florges:base,671,花洁夫人,base,https://raw.githubusercontent.com/PokeAPI/sprites/1dce80ceb372675e9fc7e9f101b71845ef587de2/sprites/pokemon/671.png,https://raw.githubusercontent.com/PokeAPI/sprites/1dce80ceb372675e9fc7e9f101b71845ef587de2/sprites/pokemon/back/671.png,not_individually_verified,not_individually_verified
dex:cosmetic:florgesblue,671,花洁夫人 · 蓝色,cosmetic,https://raw.githubusercontent.com/PokeAPI/sprites/1dce80ceb372675e9fc7e9f101b71845ef587de2/sprites/pokemon/671-blue.png,https://raw.githubusercontent.com/PokeAPI/sprites/1dce80ceb372675e9fc7e9f101b71845ef587de2/sprites/pokemon/back/671-blue.png,not_individually_verified,not_individually_verified
dex:cosmetic:florgesorange,671,花洁夫人 · 橙色,cosmetic,https://raw.githubusercontent.com/PokeAPI/sprites/1dce80ceb372675e9fc7e9f101b71845ef587de2/sprites/pokemon/671-orange.png,https://raw.githubusercontent.com/PokeAPI/sprites/1dce80ceb372675e9fc7e9f101b71845ef587de2/sprites/pokemon/back/671-orange.png,not_individually_verified,not_individually_verified
dex:cosmetic:florgeswhite,671,花洁夫人 · 白色,cosmetic,https://raw.githubusercontent.com/PokeAPI/sprites/1dce80ceb372675e9fc7e9f101b71845ef587de2/sprites/pokemon/671-white.png,https://raw.githubusercontent.com/PokeAPI/sprites/1dce80ceb372675e9fc7e9f101b71845ef587de2/sprites/pokemon/back/671-white.png,not_individually_verified,not_individually_verified
dex:cosmetic:florgesyellow,671,花洁夫人 · 黄色,cosmetic,https://raw.githubusercontent.com/PokeAPI/sprites/1dce80ceb372675e9fc7e9f101b71845ef587de2/sprites/pokemon/671-yellow.png,https://raw.githubusercontent.com/PokeAPI/sprites/1dce80ceb372675e9fc7e9f101b71845ef587de2/sprites/pokemon/back/671-yellow.png,not_individually_verified,not_individually_verified
dex:skiddo:base,672,坐骑小羊,base,https://raw.githubusercontent.com/PokeAPI/sprites/1dce80ceb372675e9fc7e9f101b71845ef587de2/sprites/pokemon/672.png,https://raw.githubusercontent.com/PokeAPI/sprites/1dce80ceb372675e9fc7e9f101b71845ef587de2/sprites/pokemon/back/672.png,not_individually_verified,not_individually_verified
dex:gogoat:base,673,坐骑山羊,base,https://raw.githubusercontent.com/PokeAPI/sprites/1dce80ceb372675e9fc7e9f101b71845ef587de2/sprites/pokemon/673.png,https://raw.githubusercontent.com/PokeAPI/sprites/1dce80ceb372675e9fc7e9f101b71845ef587de2/sprites/pokemon/back/673.png,not_individually_verified,not_individually_verified
dex:pancham:base,674,顽皮熊猫,base,https://raw.githubusercontent.com/PokeAPI/sprites/1dce80ceb372675e9fc7e9f101b71845ef587de2/sprites/pokemon/674.png,https://raw.githubusercontent.com/PokeAPI/sprites/1dce80ceb372675e9fc7e9f101b71845ef587de2/sprites/pokemon/back/674.png,not_individually_verified,not_individually_verified
dex:pancham:base:dynamax,674,顽皮熊猫 · 极巨化,dynamax,https://raw.githubusercontent.com/PokeAPI/sprites/1dce80ceb372675e9fc7e9f101b71845ef587de2/sprites/pokemon/674.png,https://raw.githubusercontent.com/PokeAPI/sprites/1dce80ceb372675e9fc7e9f101b71845ef587de2/sprites/pokemon/back/674.png,not_individually_verified,not_individually_verified
dex:pangoro:base,675,霸道熊猫,base,https://raw.githubusercontent.com/PokeAPI/sprites/1dce80ceb372675e9fc7e9f101b71845ef587de2/sprites/pokemon/675.png,https://raw.githubusercontent.com/PokeAPI/sprites/1dce80ceb372675e9fc7e9f101b71845ef587de2/sprites/pokemon/back/675.png,not_individually_verified,not_individually_verified
dex:pangoro:base:dynamax,675,霸道熊猫 · 极巨化,dynamax,https://raw.githubusercontent.com/PokeAPI/sprites/1dce80ceb372675e9fc7e9f101b71845ef587de2/sprites/pokemon/675.png,https://raw.githubusercontent.com/PokeAPI/sprites/1dce80ceb372675e9fc7e9f101b71845ef587de2/sprites/pokemon/back/675.png,not_individually_verified,not_individually_verified
dex:furfrou:base,676,多丽米亚,base,https://raw.githubusercontent.com/PokeAPI/sprites/1dce80ceb372675e9fc7e9f101b71845ef587de2/sprites/pokemon/676.png,https://raw.githubusercontent.com/PokeAPI/sprites/1dce80ceb372675e9fc7e9f101b71845ef587de2/sprites/pokemon/back/676.png,not_individually_verified,not_individually_verified
dex:cosmetic:furfroudandy,676,多丽米亚 · 绅士造型,cosmetic,https://raw.githubusercontent.com/PokeAPI/sprites/1dce80ceb372675e9fc7e9f101b71845ef587de2/sprites/pokemon/676-dandy.png,https://raw.githubusercontent.com/PokeAPI/sprites/1dce80ceb372675e9fc7e9f101b71845ef587de2/sprites/pokemon/back/676-dandy.png,not_individually_verified,not_individually_verified
dex:cosmetic:furfroudebutante,676,多丽米亚 · 淑女造型,cosmetic,https://raw.githubusercontent.com/PokeAPI/sprites/1dce80ceb372675e9fc7e9f101b71845ef587de2/sprites/pokemon/676-debutante.png,https://raw.githubusercontent.com/PokeAPI/sprites/1dce80ceb372675e9fc7e9f101b71845ef587de2/sprites/pokemon/back/676-debutante.png,not_individually_verified,not_individually_verified
dex:cosmetic:furfroudiamond,676,多丽米亚 · 菱形造型,cosmetic,https://raw.githubusercontent.com/PokeAPI/sprites/1dce80ceb372675e9fc7e9f101b71845ef587de2/sprites/pokemon/676-diamond.png,https://raw.githubusercontent.com/PokeAPI/sprites/1dce80ceb372675e9fc7e9f101b71845ef587de2/sprites/pokemon/back/676-diamond.png,not_individually_verified,not_individually_verified
dex:cosmetic:furfrouheart,676,多丽米亚 · 心形造型,cosmetic,https://raw.githubusercontent.com/PokeAPI/sprites/1dce80ceb372675e9fc7e9f101b71845ef587de2/sprites/pokemon/676-heart.png,https://raw.githubusercontent.com/PokeAPI/sprites/1dce80ceb372675e9fc7e9f101b71845ef587de2/sprites/pokemon/back/676-heart.png,not_individually_verified,not_individually_verified
dex:cosmetic:furfroukabuki,676,多丽米亚 · 歌舞伎造型,cosmetic,https://raw.githubusercontent.com/PokeAPI/sprites/1dce80ceb372675e9fc7e9f101b71845ef587de2/sprites/pokemon/676-kabuki.png,https://raw.githubusercontent.com/PokeAPI/sprites/1dce80ceb372675e9fc7e9f101b71845ef587de2/sprites/pokemon/back/676-kabuki.png,not_individually_verified,not_individually_verified
dex:cosmetic:furfroulareine,676,多丽米亚 · 女王造型,cosmetic,https://raw.githubusercontent.com/PokeAPI/sprites/1dce80ceb372675e9fc7e9f101b71845ef587de2/sprites/pokemon/676-la-reine.png,https://raw.githubusercontent.com/PokeAPI/sprites/1dce80ceb372675e9fc7e9f101b71845ef587de2/sprites/pokemon/back/676-la-reine.png,not_individually_verified,not_individually_verified
dex:cosmetic:furfroumatron,676,多丽米亚 · 贵妇造型,cosmetic,https://raw.githubusercontent.com/PokeAPI/sprites/1dce80ceb372675e9fc7e9f101b71845ef587de2/sprites/pokemon/676-matron.png,https://raw.githubusercontent.com/PokeAPI/sprites/1dce80ceb372675e9fc7e9f101b71845ef587de2/sprites/pokemon/back/676-matron.png,not_individually_verified,not_individually_verified
dex:cosmetic:furfroupharaoh,676,多丽米亚 · 国王造型,cosmetic,https://raw.githubusercontent.com/PokeAPI/sprites/1dce80ceb372675e9fc7e9f101b71845ef587de2/sprites/pokemon/676-pharaoh.png,https://raw.githubusercontent.com/PokeAPI/sprites/1dce80ceb372675e9fc7e9f101b71845ef587de2/sprites/pokemon/back/676-pharaoh.png,not_individually_verified,not_individually_verified
dex:cosmetic:furfroustar,676,多丽米亚 · 星形造型,cosmetic,https://raw.githubusercontent.com/PokeAPI/sprites/1dce80ceb372675e9fc7e9f101b71845ef587de2/sprites/pokemon/676-star.png,https://raw.githubusercontent.com/PokeAPI/sprites/1dce80ceb372675e9fc7e9f101b71845ef587de2/sprites/pokemon/back/676-star.png,not_individually_verified,not_individually_verified
dex:espurr:base,677,妙喵,base,https://raw.githubusercontent.com/PokeAPI/sprites/1dce80ceb372675e9fc7e9f101b71845ef587de2/sprites/pokemon/677.png,https://raw.githubusercontent.com/PokeAPI/sprites/1dce80ceb372675e9fc7e9f101b71845ef587de2/sprites/pokemon/back/677.png,not_individually_verified,not_individually_verified
dex:espurr:base:dynamax,677,妙喵 · 极巨化,dynamax,https://raw.githubusercontent.com/PokeAPI/sprites/1dce80ceb372675e9fc7e9f101b71845ef587de2/sprites/pokemon/677.png,https://raw.githubusercontent.com/PokeAPI/sprites/1dce80ceb372675e9fc7e9f101b71845ef587de2/sprites/pokemon/back/677.png,not_individually_verified,not_individually_verified
dex:meowstic:base,678,超能妙喵,base,https://raw.githubusercontent.com/PokeAPI/sprites/1dce80ceb372675e9fc7e9f101b71845ef587de2/sprites/pokemon/678.png,https://raw.githubusercontent.com/PokeAPI/sprites/1dce80ceb372675e9fc7e9f101b71845ef587de2/sprites/pokemon/back/678.png,not_individually_verified,not_individually_verified
dex:form:meowsticfmega,678,超能妙喵 · 雌性超级进化,mega,https://raw.githubusercontent.com/PokeAPI/sprites/1dce80ceb372675e9fc7e9f101b71845ef587de2/sprites/pokemon/10326.png,https://raw.githubusercontent.com/PokeAPI/sprites/1dce80ceb372675e9fc7e9f101b71845ef587de2/sprites/pokemon/back/10326.png,not_individually_verified,not_individually_verified
dex:form:meowsticmmega,678,超能妙喵 · 雄性超级进化,mega,https://raw.githubusercontent.com/PokeAPI/sprites/1dce80ceb372675e9fc7e9f101b71845ef587de2/sprites/pokemon/10314.png,https://raw.githubusercontent.com/PokeAPI/sprites/1dce80ceb372675e9fc7e9f101b71845ef587de2/sprites/pokemon/back/10314.png,not_individually_verified,not_individually_verified
dex:form:meowsticf:dynamax,678,超能妙喵 · 雌性的样子 · 极巨化,dynamax,https://raw.githubusercontent.com/PokeAPI/sprites/1dce80ceb372675e9fc7e9f101b71845ef587de2/sprites/pokemon/10025.png,https://raw.githubusercontent.com/PokeAPI/sprites/1dce80ceb372675e9fc7e9f101b71845ef587de2/sprites/pokemon/back/10025.png,not_individually_verified,not_individually_verified
dex:meowstic:base:dynamax,678,超能妙喵 · 极巨化,dynamax,https://raw.githubusercontent.com/PokeAPI/sprites/1dce80ceb372675e9fc7e9f101b71845ef587de2/sprites/pokemon/678.png,https://raw.githubusercontent.com/PokeAPI/sprites/1dce80ceb372675e9fc7e9f101b71845ef587de2/sprites/pokemon/back/678.png,not_individually_verified,not_individually_verified
dex:form:meowsticf,678,超能妙喵 · 雌性的样子,gender_form,https://raw.githubusercontent.com/PokeAPI/sprites/1dce80ceb372675e9fc7e9f101b71845ef587de2/sprites/pokemon/10025.png,https://raw.githubusercontent.com/PokeAPI/sprites/1dce80ceb372675e9fc7e9f101b71845ef587de2/sprites/pokemon/back/10025.png,not_individually_verified,not_individually_verified
dex:honedge:base,679,独剑鞘,base,https://raw.githubusercontent.com/PokeAPI/sprites/1dce80ceb372675e9fc7e9f101b71845ef587de2/sprites/pokemon/679.png,https://raw.githubusercontent.com/PokeAPI/sprites/1dce80ceb372675e9fc7e9f101b71845ef587de2/sprites/pokemon/back/679.png,not_individually_verified,not_individually_verified
dex:honedge:base:dynamax,679,独剑鞘 · 极巨化,dynamax,https://raw.githubusercontent.com/PokeAPI/sprites/1dce80ceb372675e9fc7e9f101b71845ef587de2/sprites/pokemon/679.png,https://raw.githubusercontent.com/PokeAPI/sprites/1dce80ceb372675e9fc7e9f101b71845ef587de2/sprites/pokemon/back/679.png,not_individually_verified,not_individually_verified
dex:doublade:base,680,双剑鞘,base,https://raw.githubusercontent.com/PokeAPI/sprites/1dce80ceb372675e9fc7e9f101b71845ef587de2/sprites/pokemon/680.png,https://raw.githubusercontent.com/PokeAPI/sprites/1dce80ceb372675e9fc7e9f101b71845ef587de2/sprites/pokemon/back/680.png,not_individually_verified,not_individually_verified
dex:doublade:base:dynamax,680,双剑鞘 · 极巨化,dynamax,https://raw.githubusercontent.com/PokeAPI/sprites/1dce80ceb372675e9fc7e9f101b71845ef587de2/sprites/pokemon/680.png,https://raw.githubusercontent.com/PokeAPI/sprites/1dce80ceb372675e9fc7e9f101b71845ef587de2/sprites/pokemon/back/680.png,not_individually_verified,not_individually_verified
dex:aegislash:base,681,坚盾剑怪,base,https://raw.githubusercontent.com/PokeAPI/sprites/1dce80ceb372675e9fc7e9f101b71845ef587de2/sprites/pokemon/681.png,https://raw.githubusercontent.com/PokeAPI/sprites/1dce80ceb372675e9fc7e9f101b71845ef587de2/sprites/pokemon/back/681.png,not_individually_verified,not_individually_verified
dex:aegislash:base:dynamax,681,坚盾剑怪 · 极巨化,dynamax,https://raw.githubusercontent.com/PokeAPI/sprites/1dce80ceb372675e9fc7e9f101b71845ef587de2/sprites/pokemon/681.png,https://raw.githubusercontent.com/PokeAPI/sprites/1dce80ceb372675e9fc7e9f101b71845ef587de2/sprites/pokemon/back/681.png,not_individually_verified,not_individually_verified
dex:form:aegislashblade,681,坚盾剑怪 · 刀剑形态,battle_state,https://raw.githubusercontent.com/PokeAPI/sprites/1dce80ceb372675e9fc7e9f101b71845ef587de2/sprites/pokemon/10026.png,https://raw.githubusercontent.com/PokeAPI/sprites/1dce80ceb372675e9fc7e9f101b71845ef587de2/sprites/pokemon/back/10026.png,not_individually_verified,not_individually_verified
dex:spritzee:base,682,粉香香,base,https://raw.githubusercontent.com/PokeAPI/sprites/1dce80ceb372675e9fc7e9f101b71845ef587de2/sprites/pokemon/682.png,https://raw.githubusercontent.com/PokeAPI/sprites/1dce80ceb372675e9fc7e9f101b71845ef587de2/sprites/pokemon/back/682.png,not_individually_verified,not_individually_verified
dex:spritzee:base:dynamax,682,粉香香 · 极巨化,dynamax,https://raw.githubusercontent.com/PokeAPI/sprites/1dce80ceb372675e9fc7e9f101b71845ef587de2/sprites/pokemon/682.png,https://raw.githubusercontent.com/PokeAPI/sprites/1dce80ceb372675e9fc7e9f101b71845ef587de2/sprites/pokemon/back/682.png,not_individually_verified,not_individually_verified
dex:aromatisse:base,683,芳香精,base,https://raw.githubusercontent.com/PokeAPI/sprites/1dce80ceb372675e9fc7e9f101b71845ef587de2/sprites/pokemon/683.png,https://raw.githubusercontent.com/PokeAPI/sprites/1dce80ceb372675e9fc7e9f101b71845ef587de2/sprites/pokemon/back/683.png,not_individually_verified,not_individually_verified
dex:aromatisse:base:dynamax,683,芳香精 · 极巨化,dynamax,https://raw.githubusercontent.com/PokeAPI/sprites/1dce80ceb372675e9fc7e9f101b71845ef587de2/sprites/pokemon/683.png,https://raw.githubusercontent.com/PokeAPI/sprites/1dce80ceb372675e9fc7e9f101b71845ef587de2/sprites/pokemon/back/683.png,not_individually_verified,not_individually_verified
dex:swirlix:base,684,绵绵泡芙,base,https://raw.githubusercontent.com/PokeAPI/sprites/1dce80ceb372675e9fc7e9f101b71845ef587de2/sprites/pokemon/684.png,https://raw.githubusercontent.com/PokeAPI/sprites/1dce80ceb372675e9fc7e9f101b71845ef587de2/sprites/pokemon/back/684.png,not_individually_verified,not_individually_verified
dex:swirlix:base:dynamax,684,绵绵泡芙 · 极巨化,dynamax,https://raw.githubusercontent.com/PokeAPI/sprites/1dce80ceb372675e9fc7e9f101b71845ef587de2/sprites/pokemon/684.png,https://raw.githubusercontent.com/PokeAPI/sprites/1dce80ceb372675e9fc7e9f101b71845ef587de2/sprites/pokemon/back/684.png,not_individually_verified,not_individually_verified
dex:slurpuff:base,685,胖甜妮,base,https://raw.githubusercontent.com/PokeAPI/sprites/1dce80ceb372675e9fc7e9f101b71845ef587de2/sprites/pokemon/685.png,https://raw.githubusercontent.com/PokeAPI/sprites/1dce80ceb372675e9fc7e9f101b71845ef587de2/sprites/pokemon/back/685.png,not_individually_verified,not_individually_verified
dex:slurpuff:base:dynamax,685,胖甜妮 · 极巨化,dynamax,https://raw.githubusercontent.com/PokeAPI/sprites/1dce80ceb372675e9fc7e9f101b71845ef587de2/sprites/pokemon/685.png,https://raw.githubusercontent.com/PokeAPI/sprites/1dce80ceb372675e9fc7e9f101b71845ef587de2/sprites/pokemon/back/685.png,not_individually_verified,not_individually_verified
dex:inkay:base,686,好啦鱿,base,https://raw.githubusercontent.com/PokeAPI/sprites/1dce80ceb372675e9fc7e9f101b71845ef587de2/sprites/pokemon/686.png,https://raw.githubusercontent.com/PokeAPI/sprites/1dce80ceb372675e9fc7e9f101b71845ef587de2/sprites/pokemon/back/686.png,not_individually_verified,not_individually_verified
dex:inkay:base:dynamax,686,好啦鱿 · 极巨化,dynamax,https://raw.githubusercontent.com/PokeAPI/sprites/1dce80ceb372675e9fc7e9f101b71845ef587de2/sprites/pokemon/686.png,https://raw.githubusercontent.com/PokeAPI/sprites/1dce80ceb372675e9fc7e9f101b71845ef587de2/sprites/pokemon/back/686.png,not_individually_verified,not_individually_verified
dex:malamar:base,687,乌贼王,base,https://raw.githubusercontent.com/PokeAPI/sprites/1dce80ceb372675e9fc7e9f101b71845ef587de2/sprites/pokemon/687.png,https://raw.githubusercontent.com/PokeAPI/sprites/1dce80ceb372675e9fc7e9f101b71845ef587de2/sprites/pokemon/back/687.png,not_individually_verified,not_individually_verified
dex:form:malamarmega,687,乌贼王 · 超级进化,mega,https://raw.githubusercontent.com/PokeAPI/sprites/1dce80ceb372675e9fc7e9f101b71845ef587de2/sprites/pokemon/10297.png,https://raw.githubusercontent.com/PokeAPI/sprites/1dce80ceb372675e9fc7e9f101b71845ef587de2/sprites/pokemon/back/10297.png,not_individually_verified,not_individually_verified
dex:malamar:base:dynamax,687,乌贼王 · 极巨化,dynamax,https://raw.githubusercontent.com/PokeAPI/sprites/1dce80ceb372675e9fc7e9f101b71845ef587de2/sprites/pokemon/687.png,https://raw.githubusercontent.com/PokeAPI/sprites/1dce80ceb372675e9fc7e9f101b71845ef587de2/sprites/pokemon/back/687.png,not_individually_verified,not_individually_verified
dex:binacle:base,688,龟脚脚,base,https://raw.githubusercontent.com/PokeAPI/sprites/1dce80ceb372675e9fc7e9f101b71845ef587de2/sprites/pokemon/688.png,https://raw.githubusercontent.com/PokeAPI/sprites/1dce80ceb372675e9fc7e9f101b71845ef587de2/sprites/pokemon/back/688.png,not_individually_verified,not_individually_verified
dex:binacle:base:dynamax,688,龟脚脚 · 极巨化,dynamax,https://raw.githubusercontent.com/PokeAPI/sprites/1dce80ceb372675e9fc7e9f101b71845ef587de2/sprites/pokemon/688.png,https://raw.githubusercontent.com/PokeAPI/sprites/1dce80ceb372675e9fc7e9f101b71845ef587de2/sprites/pokemon/back/688.png,not_individually_verified,not_individually_verified
dex:barbaracle:base,689,龟足巨铠,base,https://raw.githubusercontent.com/PokeAPI/sprites/1dce80ceb372675e9fc7e9f101b71845ef587de2/sprites/pokemon/689.png,https://raw.githubusercontent.com/PokeAPI/sprites/1dce80ceb372675e9fc7e9f101b71845ef587de2/sprites/pokemon/back/689.png,not_individually_verified,not_individually_verified
dex:form:barbaraclemega,689,龟足巨铠 · 超级进化,mega,https://raw.githubusercontent.com/PokeAPI/sprites/1dce80ceb372675e9fc7e9f101b71845ef587de2/sprites/pokemon/10298.png,https://raw.githubusercontent.com/PokeAPI/sprites/1dce80ceb372675e9fc7e9f101b71845ef587de2/sprites/pokemon/back/10298.png,not_individually_verified,not_individually_verified
dex:barbaracle:base:dynamax,689,龟足巨铠 · 极巨化,dynamax,https://raw.githubusercontent.com/PokeAPI/sprites/1dce80ceb372675e9fc7e9f101b71845ef587de2/sprites/pokemon/689.png,https://raw.githubusercontent.com/PokeAPI/sprites/1dce80ceb372675e9fc7e9f101b71845ef587de2/sprites/pokemon/back/689.png,not_individually_verified,not_individually_verified
dex:skrelp:base,690,垃垃藻,base,https://raw.githubusercontent.com/PokeAPI/sprites/1dce80ceb372675e9fc7e9f101b71845ef587de2/sprites/pokemon/690.png,https://raw.githubusercontent.com/PokeAPI/sprites/1dce80ceb372675e9fc7e9f101b71845ef587de2/sprites/pokemon/back/690.png,not_individually_verified,not_individually_verified
dex:skrelp:base:dynamax,690,垃垃藻 · 极巨化,dynamax,https://raw.githubusercontent.com/PokeAPI/sprites/1dce80ceb372675e9fc7e9f101b71845ef587de2/sprites/pokemon/690.png,https://raw.githubusercontent.com/PokeAPI/sprites/1dce80ceb372675e9fc7e9f101b71845ef587de2/sprites/pokemon/back/690.png,not_individually_verified,not_individually_verified
dex:dragalge:base,691,毒藻龙,base,https://raw.githubusercontent.com/PokeAPI/sprites/1dce80ceb372675e9fc7e9f101b71845ef587de2/sprites/pokemon/691.png,https://raw.githubusercontent.com/PokeAPI/sprites/1dce80ceb372675e9fc7e9f101b71845ef587de2/sprites/pokemon/back/691.png,not_individually_verified,not_individually_verified
dex:form:dragalgemega,691,毒藻龙 · 超级进化,mega,https://raw.githubusercontent.com/PokeAPI/sprites/1dce80ceb372675e9fc7e9f101b71845ef587de2/sprites/pokemon/10299.png,https://raw.githubusercontent.com/PokeAPI/sprites/1dce80ceb372675e9fc7e9f101b71845ef587de2/sprites/pokemon/back/10299.png,not_individually_verified,not_individually_verified
dex:dragalge:base:dynamax,691,毒藻龙 · 极巨化,dynamax,https://raw.githubusercontent.com/PokeAPI/sprites/1dce80ceb372675e9fc7e9f101b71845ef587de2/sprites/pokemon/691.png,https://raw.githubusercontent.com/PokeAPI/sprites/1dce80ceb372675e9fc7e9f101b71845ef587de2/sprites/pokemon/back/691.png,not_individually_verified,not_individually_verified
dex:clauncher:base,692,铁臂枪虾,base,https://raw.githubusercontent.com/PokeAPI/sprites/1dce80ceb372675e9fc7e9f101b71845ef587de2/sprites/pokemon/692.png,https://raw.githubusercontent.com/PokeAPI/sprites/1dce80ceb372675e9fc7e9f101b71845ef587de2/sprites/pokemon/back/692.png,not_individually_verified,not_individually_verified
dex:clauncher:base:dynamax,692,铁臂枪虾 · 极巨化,dynamax,https://raw.githubusercontent.com/PokeAPI/sprites/1dce80ceb372675e9fc7e9f101b71845ef587de2/sprites/pokemon/692.png,https://raw.githubusercontent.com/PokeAPI/sprites/1dce80ceb372675e9fc7e9f101b71845ef587de2/sprites/pokemon/back/692.png,not_individually_verified,not_individually_verified
dex:clawitzer:base,693,钢炮臂虾,base,https://raw.githubusercontent.com/PokeAPI/sprites/1dce80ceb372675e9fc7e9f101b71845ef587de2/sprites/pokemon/693.png,https://raw.githubusercontent.com/PokeAPI/sprites/1dce80ceb372675e9fc7e9f101b71845ef587de2/sprites/pokemon/back/693.png,not_individually_verified,not_individually_verified
dex:clawitzer:base:dynamax,693,钢炮臂虾 · 极巨化,dynamax,https://raw.githubusercontent.com/PokeAPI/sprites/1dce80ceb372675e9fc7e9f101b71845ef587de2/sprites/pokemon/693.png,https://raw.githubusercontent.com/PokeAPI/sprites/1dce80ceb372675e9fc7e9f101b71845ef587de2/sprites/pokemon/back/693.png,not_individually_verified,not_individually_verified
dex:helioptile:base,694,伞电蜥,base,https://raw.githubusercontent.com/PokeAPI/sprites/1dce80ceb372675e9fc7e9f101b71845ef587de2/sprites/pokemon/694.png,https://raw.githubusercontent.com/PokeAPI/sprites/1dce80ceb372675e9fc7e9f101b71845ef587de2/sprites/pokemon/back/694.png,not_individually_verified,not_individually_verified
dex:helioptile:base:dynamax,694,伞电蜥 · 极巨化,dynamax,https://raw.githubusercontent.com/PokeAPI/sprites/1dce80ceb372675e9fc7e9f101b71845ef587de2/sprites/pokemon/694.png,https://raw.githubusercontent.com/PokeAPI/sprites/1dce80ceb372675e9fc7e9f101b71845ef587de2/sprites/pokemon/back/694.png,not_individually_verified,not_individually_verified
dex:heliolisk:base,695,光电伞蜥,base,https://raw.githubusercontent.com/PokeAPI/sprites/1dce80ceb372675e9fc7e9f101b71845ef587de2/sprites/pokemon/695.png,https://raw.githubusercontent.com/PokeAPI/sprites/1dce80ceb372675e9fc7e9f101b71845ef587de2/sprites/pokemon/back/695.png,not_individually_verified,not_individually_verified
dex:heliolisk:base:dynamax,695,光电伞蜥 · 极巨化,dynamax,https://raw.githubusercontent.com/PokeAPI/sprites/1dce80ceb372675e9fc7e9f101b71845ef587de2/sprites/pokemon/695.png,https://raw.githubusercontent.com/PokeAPI/sprites/1dce80ceb372675e9fc7e9f101b71845ef587de2/sprites/pokemon/back/695.png,not_individually_verified,not_individually_verified
dex:tyrunt:base,696,宝宝暴龙,base,https://raw.githubusercontent.com/PokeAPI/sprites/1dce80ceb372675e9fc7e9f101b71845ef587de2/sprites/pokemon/696.png,https://raw.githubusercontent.com/PokeAPI/sprites/1dce80ceb372675e9fc7e9f101b71845ef587de2/sprites/pokemon/back/696.png,not_individually_verified,not_individually_verified
dex:tyrunt:base:dynamax,696,宝宝暴龙 · 极巨化,dynamax,https://raw.githubusercontent.com/PokeAPI/sprites/1dce80ceb372675e9fc7e9f101b71845ef587de2/sprites/pokemon/696.png,https://raw.githubusercontent.com/PokeAPI/sprites/1dce80ceb372675e9fc7e9f101b71845ef587de2/sprites/pokemon/back/696.png,not_individually_verified,not_individually_verified
dex:tyrantrum:base,697,怪颚龙,base,https://raw.githubusercontent.com/PokeAPI/sprites/1dce80ceb372675e9fc7e9f101b71845ef587de2/sprites/pokemon/697.png,https://raw.githubusercontent.com/PokeAPI/sprites/1dce80ceb372675e9fc7e9f101b71845ef587de2/sprites/pokemon/back/697.png,not_individually_verified,not_individually_verified
dex:tyrantrum:base:dynamax,697,怪颚龙 · 极巨化,dynamax,https://raw.githubusercontent.com/PokeAPI/sprites/1dce80ceb372675e9fc7e9f101b71845ef587de2/sprites/pokemon/697.png,https://raw.githubusercontent.com/PokeAPI/sprites/1dce80ceb372675e9fc7e9f101b71845ef587de2/sprites/pokemon/back/697.png,not_individually_verified,not_individually_verified
dex:amaura:base,698,冰雪龙,base,https://raw.githubusercontent.com/PokeAPI/sprites/1dce80ceb372675e9fc7e9f101b71845ef587de2/sprites/pokemon/698.png,https://raw.githubusercontent.com/PokeAPI/sprites/1dce80ceb372675e9fc7e9f101b71845ef587de2/sprites/pokemon/back/698.png,not_individually_verified,not_individually_verified
dex:amaura:base:dynamax,698,冰雪龙 · 极巨化,dynamax,https://raw.githubusercontent.com/PokeAPI/sprites/1dce80ceb372675e9fc7e9f101b71845ef587de2/sprites/pokemon/698.png,https://raw.githubusercontent.com/PokeAPI/sprites/1dce80ceb372675e9fc7e9f101b71845ef587de2/sprites/pokemon/back/698.png,not_individually_verified,not_individually_verified
dex:aurorus:base,699,冰雪巨龙,base,https://raw.githubusercontent.com/PokeAPI/sprites/1dce80ceb372675e9fc7e9f101b71845ef587de2/sprites/pokemon/699.png,https://raw.githubusercontent.com/PokeAPI/sprites/1dce80ceb372675e9fc7e9f101b71845ef587de2/sprites/pokemon/back/699.png,not_individually_verified,not_individually_verified
dex:aurorus:base:dynamax,699,冰雪巨龙 · 极巨化,dynamax,https://raw.githubusercontent.com/PokeAPI/sprites/1dce80ceb372675e9fc7e9f101b71845ef587de2/sprites/pokemon/699.png,https://raw.githubusercontent.com/PokeAPI/sprites/1dce80ceb372675e9fc7e9f101b71845ef587de2/sprites/pokemon/back/699.png,not_individually_verified,not_individually_verified
dex:sylveon:base,700,仙子伊布,base,https://raw.githubusercontent.com/PokeAPI/sprites/1dce80ceb372675e9fc7e9f101b71845ef587de2/sprites/pokemon/700.png,https://raw.githubusercontent.com/PokeAPI/sprites/1dce80ceb372675e9fc7e9f101b71845ef587de2/sprites/pokemon/back/700.png,not_individually_verified,not_individually_verified
dex:sylveon:base:dynamax,700,仙子伊布 · 极巨化,dynamax,https://raw.githubusercontent.com/PokeAPI/sprites/1dce80ceb372675e9fc7e9f101b71845ef587de2/sprites/pokemon/700.png,https://raw.githubusercontent.com/PokeAPI/sprites/1dce80ceb372675e9fc7e9f101b71845ef587de2/sprites/pokemon/back/700.png,not_individually_verified,not_individually_verified
dex:hawlucha:base,701,摔角鹰人,base,https://raw.githubusercontent.com/PokeAPI/sprites/1dce80ceb372675e9fc7e9f101b71845ef587de2/sprites/pokemon/701.png,https://raw.githubusercontent.com/PokeAPI/sprites/1dce80ceb372675e9fc7e9f101b71845ef587de2/sprites/pokemon/back/701.png,not_individually_verified,not_individually_verified
dex:form:hawluchamega,701,摔角鹰人 · 超级进化,mega,https://raw.githubusercontent.com/PokeAPI/sprites/1dce80ceb372675e9fc7e9f101b71845ef587de2/sprites/pokemon/10300.png,https://raw.githubusercontent.com/PokeAPI/sprites/1dce80ceb372675e9fc7e9f101b71845ef587de2/sprites/pokemon/back/10300.png,not_individually_verified,not_individually_verified
dex:hawlucha:base:dynamax,701,摔角鹰人 · 极巨化,dynamax,https://raw.githubusercontent.com/PokeAPI/sprites/1dce80ceb372675e9fc7e9f101b71845ef587de2/sprites/pokemon/701.png,https://raw.githubusercontent.com/PokeAPI/sprites/1dce80ceb372675e9fc7e9f101b71845ef587de2/sprites/pokemon/back/701.png,not_individually_verified,not_individually_verified
dex:dedenne:base,702,咚咚鼠,base,https://raw.githubusercontent.com/PokeAPI/sprites/1dce80ceb372675e9fc7e9f101b71845ef587de2/sprites/pokemon/702.png,https://raw.githubusercontent.com/PokeAPI/sprites/1dce80ceb372675e9fc7e9f101b71845ef587de2/sprites/pokemon/back/702.png,not_individually_verified,not_individually_verified
dex:dedenne:base:dynamax,702,咚咚鼠 · 极巨化,dynamax,https://raw.githubusercontent.com/PokeAPI/sprites/1dce80ceb372675e9fc7e9f101b71845ef587de2/sprites/pokemon/702.png,https://raw.githubusercontent.com/PokeAPI/sprites/1dce80ceb372675e9fc7e9f101b71845ef587de2/sprites/pokemon/back/702.png,not_individually_verified,not_individually_verified
dex:carbink:base,703,小碎钻,base,https://raw.githubusercontent.com/PokeAPI/sprites/1dce80ceb372675e9fc7e9f101b71845ef587de2/sprites/pokemon/703.png,https://raw.githubusercontent.com/PokeAPI/sprites/1dce80ceb372675e9fc7e9f101b71845ef587de2/sprites/pokemon/back/703.png,not_individually_verified,not_individually_verified
dex:carbink:base:dynamax,703,小碎钻 · 极巨化,dynamax,https://raw.githubusercontent.com/PokeAPI/sprites/1dce80ceb372675e9fc7e9f101b71845ef587de2/sprites/pokemon/703.png,https://raw.githubusercontent.com/PokeAPI/sprites/1dce80ceb372675e9fc7e9f101b71845ef587de2/sprites/pokemon/back/703.png,not_individually_verified,not_individually_verified
dex:goomy:base,704,黏黏宝,base,https://raw.githubusercontent.com/PokeAPI/sprites/1dce80ceb372675e9fc7e9f101b71845ef587de2/sprites/pokemon/704.png,https://raw.githubusercontent.com/PokeAPI/sprites/1dce80ceb372675e9fc7e9f101b71845ef587de2/sprites/pokemon/back/704.png,not_individually_verified,not_individually_verified
dex:goomy:base:dynamax,704,黏黏宝 · 极巨化,dynamax,https://raw.githubusercontent.com/PokeAPI/sprites/1dce80ceb372675e9fc7e9f101b71845ef587de2/sprites/pokemon/704.png,https://raw.githubusercontent.com/PokeAPI/sprites/1dce80ceb372675e9fc7e9f101b71845ef587de2/sprites/pokemon/back/704.png,not_individually_verified,not_individually_verified
dex:sliggoo:base,705,黏美儿,base,https://raw.githubusercontent.com/PokeAPI/sprites/1dce80ceb372675e9fc7e9f101b71845ef587de2/sprites/pokemon/705.png,https://raw.githubusercontent.com/PokeAPI/sprites/1dce80ceb372675e9fc7e9f101b71845ef587de2/sprites/pokemon/back/705.png,not_individually_verified,not_individually_verified
dex:form:sliggoohisui,705,黏美儿 · 洗翠,regional,https://raw.githubusercontent.com/PokeAPI/sprites/1dce80ceb372675e9fc7e9f101b71845ef587de2/sprites/pokemon/10241.png,https://raw.githubusercontent.com/PokeAPI/sprites/1dce80ceb372675e9fc7e9f101b71845ef587de2/sprites/pokemon/back/10241.png,not_individually_verified,not_individually_verified
dex:sliggoo:base:dynamax,705,黏美儿 · 极巨化,dynamax,https://raw.githubusercontent.com/PokeAPI/sprites/1dce80ceb372675e9fc7e9f101b71845ef587de2/sprites/pokemon/705.png,https://raw.githubusercontent.com/PokeAPI/sprites/1dce80ceb372675e9fc7e9f101b71845ef587de2/sprites/pokemon/back/705.png,not_individually_verified,not_individually_verified
dex:goodra:base,706,黏美龙,base,https://raw.githubusercontent.com/PokeAPI/sprites/1dce80ceb372675e9fc7e9f101b71845ef587de2/sprites/pokemon/706.png,https://raw.githubusercontent.com/PokeAPI/sprites/1dce80ceb372675e9fc7e9f101b71845ef587de2/sprites/pokemon/back/706.png,not_individually_verified,not_individually_verified
dex:form:goodrahisui,706,黏美龙 · 洗翠,regional,https://raw.githubusercontent.com/PokeAPI/sprites/1dce80ceb372675e9fc7e9f101b71845ef587de2/sprites/pokemon/10242.png,https://raw.githubusercontent.com/PokeAPI/sprites/1dce80ceb372675e9fc7e9f101b71845ef587de2/sprites/pokemon/back/10242.png,not_individually_verified,not_individually_verified
dex:omni:rocket-bond:goodra,706,黏美龙 · 羁绊,rocket_bond_candidate,/rocket-art/goodra-front_default.png,/rocket-art/goodra-back_default.png,not_individually_verified,not_individually_verified
dex:goodra:base:dynamax,706,黏美龙 · 极巨化,dynamax,https://raw.githubusercontent.com/PokeAPI/sprites/1dce80ceb372675e9fc7e9f101b71845ef587de2/sprites/pokemon/706.png,https://raw.githubusercontent.com/PokeAPI/sprites/1dce80ceb372675e9fc7e9f101b71845ef587de2/sprites/pokemon/back/706.png,not_individually_verified,not_individually_verified
dex:klefki:base,707,钥圈儿,base,https://raw.githubusercontent.com/PokeAPI/sprites/1dce80ceb372675e9fc7e9f101b71845ef587de2/sprites/pokemon/707.png,https://raw.githubusercontent.com/PokeAPI/sprites/1dce80ceb372675e9fc7e9f101b71845ef587de2/sprites/pokemon/back/707.png,not_individually_verified,not_individually_verified
dex:klefki:base:dynamax,707,钥圈儿 · 极巨化,dynamax,https://raw.githubusercontent.com/PokeAPI/sprites/1dce80ceb372675e9fc7e9f101b71845ef587de2/sprites/pokemon/707.png,https://raw.githubusercontent.com/PokeAPI/sprites/1dce80ceb372675e9fc7e9f101b71845ef587de2/sprites/pokemon/back/707.png,not_individually_verified,not_individually_verified
dex:phantump:base,708,小木灵,base,https://raw.githubusercontent.com/PokeAPI/sprites/1dce80ceb372675e9fc7e9f101b71845ef587de2/sprites/pokemon/708.png,https://raw.githubusercontent.com/PokeAPI/sprites/1dce80ceb372675e9fc7e9f101b71845ef587de2/sprites/pokemon/back/708.png,not_individually_verified,not_individually_verified
dex:phantump:base:dynamax,708,小木灵 · 极巨化,dynamax,https://raw.githubusercontent.com/PokeAPI/sprites/1dce80ceb372675e9fc7e9f101b71845ef587de2/sprites/pokemon/708.png,https://raw.githubusercontent.com/PokeAPI/sprites/1dce80ceb372675e9fc7e9f101b71845ef587de2/sprites/pokemon/back/708.png,not_individually_verified,not_individually_verified
dex:trevenant:base,709,朽木妖,base,https://raw.githubusercontent.com/PokeAPI/sprites/1dce80ceb372675e9fc7e9f101b71845ef587de2/sprites/pokemon/709.png,https://raw.githubusercontent.com/PokeAPI/sprites/1dce80ceb372675e9fc7e9f101b71845ef587de2/sprites/pokemon/back/709.png,not_individually_verified,not_individually_verified
dex:trevenant:base:dynamax,709,朽木妖 · 极巨化,dynamax,https://raw.githubusercontent.com/PokeAPI/sprites/1dce80ceb372675e9fc7e9f101b71845ef587de2/sprites/pokemon/709.png,https://raw.githubusercontent.com/PokeAPI/sprites/1dce80ceb372675e9fc7e9f101b71845ef587de2/sprites/pokemon/back/709.png,not_individually_verified,not_individually_verified
dex:pumpkaboo:base,710,南瓜精,base,https://raw.githubusercontent.com/PokeAPI/sprites/1dce80ceb372675e9fc7e9f101b71845ef587de2/sprites/pokemon/710.png,https://raw.githubusercontent.com/PokeAPI/sprites/1dce80ceb372675e9fc7e9f101b71845ef587de2/sprites/pokemon/back/710.png,not_individually_verified,not_individually_verified
dex:form:pumpkaboolarge:dynamax,710,南瓜精 · 大尺寸 · 极巨化,dynamax,https://raw.githubusercontent.com/PokeAPI/sprites/1dce80ceb372675e9fc7e9f101b71845ef587de2/sprites/pokemon/10028.png,https://raw.githubusercontent.com/PokeAPI/sprites/1dce80ceb372675e9fc7e9f101b71845ef587de2/sprites/pokemon/back/10028.png,not_individually_verified,not_individually_verified
dex:form:pumpkaboosmall:dynamax,710,南瓜精 · 小尺寸 · 极巨化,dynamax,https://raw.githubusercontent.com/PokeAPI/sprites/1dce80ceb372675e9fc7e9f101b71845ef587de2/sprites/pokemon/10027.png,https://raw.githubusercontent.com/PokeAPI/sprites/1dce80ceb372675e9fc7e9f101b71845ef587de2/sprites/pokemon/back/10027.png,not_individually_verified,not_individually_verified
dex:form:pumpkaboosuper:dynamax,710,南瓜精 · 特大尺寸 · 极巨化,dynamax,https://raw.githubusercontent.com/PokeAPI/sprites/1dce80ceb372675e9fc7e9f101b71845ef587de2/sprites/pokemon/10029.png,https://raw.githubusercontent.com/PokeAPI/sprites/1dce80ceb372675e9fc7e9f101b71845ef587de2/sprites/pokemon/back/10029.png,not_individually_verified,not_individually_verified
dex:pumpkaboo:base:dynamax,710,南瓜精 · 极巨化,dynamax,https://raw.githubusercontent.com/PokeAPI/sprites/1dce80ceb372675e9fc7e9f101b71845ef587de2/sprites/pokemon/710.png,https://raw.githubusercontent.com/PokeAPI/sprites/1dce80ceb372675e9fc7e9f101b71845ef587de2/sprites/pokemon/back/710.png,not_individually_verified,not_individually_verified
dex:form:pumpkaboolarge,710,南瓜精 · 大尺寸,size_form,https://raw.githubusercontent.com/PokeAPI/sprites/1dce80ceb372675e9fc7e9f101b71845ef587de2/sprites/pokemon/10028.png,https://raw.githubusercontent.com/PokeAPI/sprites/1dce80ceb372675e9fc7e9f101b71845ef587de2/sprites/pokemon/back/10028.png,not_individually_verified,not_individually_verified
dex:form:pumpkaboosmall,710,南瓜精 · 小尺寸,size_form,https://raw.githubusercontent.com/PokeAPI/sprites/1dce80ceb372675e9fc7e9f101b71845ef587de2/sprites/pokemon/10027.png,https://raw.githubusercontent.com/PokeAPI/sprites/1dce80ceb372675e9fc7e9f101b71845ef587de2/sprites/pokemon/back/10027.png,not_individually_verified,not_individually_verified
dex:form:pumpkaboosuper,710,南瓜精 · 特大尺寸,size_form,https://raw.githubusercontent.com/PokeAPI/sprites/1dce80ceb372675e9fc7e9f101b71845ef587de2/sprites/pokemon/10029.png,https://raw.githubusercontent.com/PokeAPI/sprites/1dce80ceb372675e9fc7e9f101b71845ef587de2/sprites/pokemon/back/10029.png,not_individually_verified,not_individually_verified
dex:gourgeist:base,711,南瓜怪人,base,https://raw.githubusercontent.com/PokeAPI/sprites/1dce80ceb372675e9fc7e9f101b71845ef587de2/sprites/pokemon/711.png,https://raw.githubusercontent.com/PokeAPI/sprites/1dce80ceb372675e9fc7e9f101b71845ef587de2/sprites/pokemon/back/711.png,not_individually_verified,not_individually_verified
dex:form:gourgeistlarge:dynamax,711,南瓜怪人 · 大尺寸 · 极巨化,dynamax,https://raw.githubusercontent.com/PokeAPI/sprites/1dce80ceb372675e9fc7e9f101b71845ef587de2/sprites/pokemon/10031.png,https://raw.githubusercontent.com/PokeAPI/sprites/1dce80ceb372675e9fc7e9f101b71845ef587de2/sprites/pokemon/back/10031.png,not_individually_verified,not_individually_verified
dex:form:gourgeistsmall:dynamax,711,南瓜怪人 · 小尺寸 · 极巨化,dynamax,https://raw.githubusercontent.com/PokeAPI/sprites/1dce80ceb372675e9fc7e9f101b71845ef587de2/sprites/pokemon/10030.png,https://raw.githubusercontent.com/PokeAPI/sprites/1dce80ceb372675e9fc7e9f101b71845ef587de2/sprites/pokemon/back/10030.png,not_individually_verified,not_individually_verified
dex:form:gourgeistsuper:dynamax,711,南瓜怪人 · 特大尺寸 · 极巨化,dynamax,https://raw.githubusercontent.com/PokeAPI/sprites/1dce80ceb372675e9fc7e9f101b71845ef587de2/sprites/pokemon/10032.png,https://raw.githubusercontent.com/PokeAPI/sprites/1dce80ceb372675e9fc7e9f101b71845ef587de2/sprites/pokemon/back/10032.png,not_individually_verified,not_individually_verified
dex:gourgeist:base:dynamax,711,南瓜怪人 · 极巨化,dynamax,https://raw.githubusercontent.com/PokeAPI/sprites/1dce80ceb372675e9fc7e9f101b71845ef587de2/sprites/pokemon/711.png,https://raw.githubusercontent.com/PokeAPI/sprites/1dce80ceb372675e9fc7e9f101b71845ef587de2/sprites/pokemon/back/711.png,not_individually_verified,not_individually_verified
dex:form:gourgeistlarge,711,南瓜怪人 · 大尺寸,size_form,https://raw.githubusercontent.com/PokeAPI/sprites/1dce80ceb372675e9fc7e9f101b71845ef587de2/sprites/pokemon/10031.png,https://raw.githubusercontent.com/PokeAPI/sprites/1dce80ceb372675e9fc7e9f101b71845ef587de2/sprites/pokemon/back/10031.png,not_individually_verified,not_individually_verified
dex:form:gourgeistsmall,711,南瓜怪人 · 小尺寸,size_form,https://raw.githubusercontent.com/PokeAPI/sprites/1dce80ceb372675e9fc7e9f101b71845ef587de2/sprites/pokemon/10030.png,https://raw.githubusercontent.com/PokeAPI/sprites/1dce80ceb372675e9fc7e9f101b71845ef587de2/sprites/pokemon/back/10030.png,not_individually_verified,not_individually_verified
dex:form:gourgeistsuper,711,南瓜怪人 · 特大尺寸,size_form,https://raw.githubusercontent.com/PokeAPI/sprites/1dce80ceb372675e9fc7e9f101b71845ef587de2/sprites/pokemon/10032.png,https://raw.githubusercontent.com/PokeAPI/sprites/1dce80ceb372675e9fc7e9f101b71845ef587de2/sprites/pokemon/back/10032.png,not_individually_verified,not_individually_verified
dex:bergmite:base,712,冰宝,base,https://raw.githubusercontent.com/PokeAPI/sprites/1dce80ceb372675e9fc7e9f101b71845ef587de2/sprites/pokemon/712.png,https://raw.githubusercontent.com/PokeAPI/sprites/1dce80ceb372675e9fc7e9f101b71845ef587de2/sprites/pokemon/back/712.png,not_individually_verified,not_individually_verified
dex:bergmite:base:dynamax,712,冰宝 · 极巨化,dynamax,https://raw.githubusercontent.com/PokeAPI/sprites/1dce80ceb372675e9fc7e9f101b71845ef587de2/sprites/pokemon/712.png,https://raw.githubusercontent.com/PokeAPI/sprites/1dce80ceb372675e9fc7e9f101b71845ef587de2/sprites/pokemon/back/712.png,not_individually_verified,not_individually_verified
dex:avalugg:base,713,冰岩怪,base,https://raw.githubusercontent.com/PokeAPI/sprites/1dce80ceb372675e9fc7e9f101b71845ef587de2/sprites/pokemon/713.png,https://raw.githubusercontent.com/PokeAPI/sprites/1dce80ceb372675e9fc7e9f101b71845ef587de2/sprites/pokemon/back/713.png,not_individually_verified,not_individually_verified
dex:form:avalugghisui,713,冰岩怪 · 洗翠,regional,https://raw.githubusercontent.com/PokeAPI/sprites/1dce80ceb372675e9fc7e9f101b71845ef587de2/sprites/pokemon/10243.png,https://raw.githubusercontent.com/PokeAPI/sprites/1dce80ceb372675e9fc7e9f101b71845ef587de2/sprites/pokemon/back/10243.png,not_individually_verified,not_individually_verified
dex:avalugg:base:dynamax,713,冰岩怪 · 极巨化,dynamax,https://raw.githubusercontent.com/PokeAPI/sprites/1dce80ceb372675e9fc7e9f101b71845ef587de2/sprites/pokemon/713.png,https://raw.githubusercontent.com/PokeAPI/sprites/1dce80ceb372675e9fc7e9f101b71845ef587de2/sprites/pokemon/back/713.png,not_individually_verified,not_individually_verified
dex:noibat:base,714,嗡蝠,base,https://raw.githubusercontent.com/PokeAPI/sprites/1dce80ceb372675e9fc7e9f101b71845ef587de2/sprites/pokemon/714.png,https://raw.githubusercontent.com/PokeAPI/sprites/1dce80ceb372675e9fc7e9f101b71845ef587de2/sprites/pokemon/back/714.png,not_individually_verified,not_individually_verified
dex:noibat:base:dynamax,714,嗡蝠 · 极巨化,dynamax,https://raw.githubusercontent.com/PokeAPI/sprites/1dce80ceb372675e9fc7e9f101b71845ef587de2/sprites/pokemon/714.png,https://raw.githubusercontent.com/PokeAPI/sprites/1dce80ceb372675e9fc7e9f101b71845ef587de2/sprites/pokemon/back/714.png,not_individually_verified,not_individually_verified
dex:noivern:base,715,音波龙,base,https://raw.githubusercontent.com/PokeAPI/sprites/1dce80ceb372675e9fc7e9f101b71845ef587de2/sprites/pokemon/715.png,https://raw.githubusercontent.com/PokeAPI/sprites/1dce80ceb372675e9fc7e9f101b71845ef587de2/sprites/pokemon/back/715.png,not_individually_verified,not_individually_verified
dex:noivern:base:dynamax,715,音波龙 · 极巨化,dynamax,https://raw.githubusercontent.com/PokeAPI/sprites/1dce80ceb372675e9fc7e9f101b71845ef587de2/sprites/pokemon/715.png,https://raw.githubusercontent.com/PokeAPI/sprites/1dce80ceb372675e9fc7e9f101b71845ef587de2/sprites/pokemon/back/715.png,not_individually_verified,not_individually_verified
dex:omni:ultra58:429,715,超级音波龙,source_variant,/ultra-art/429-front_default.png,/ultra-art/429-back_default.png,not_individually_verified,not_individually_verified
dex:xerneas:base,716,哲尔尼亚斯,base,https://raw.githubusercontent.com/PokeAPI/sprites/1dce80ceb372675e9fc7e9f101b71845ef587de2/sprites/pokemon/716-active.png,https://raw.githubusercontent.com/PokeAPI/sprites/1dce80ceb372675e9fc7e9f101b71845ef587de2/sprites/pokemon/back/716-active.png,not_individually_verified,not_individually_verified
dex:form:xerneasneutral,716,哲尔尼亚斯 · 放松模式,cosmetic,https://raw.githubusercontent.com/PokeAPI/sprites/1dce80ceb372675e9fc7e9f101b71845ef587de2/sprites/pokemon/716.png,https://raw.githubusercontent.com/PokeAPI/sprites/1dce80ceb372675e9fc7e9f101b71845ef587de2/sprites/pokemon/back/716.png,not_individually_verified,not_individually_verified
dex:xerneas:base:dynamax,716,哲尔尼亚斯 · 极巨化,dynamax,https://raw.githubusercontent.com/PokeAPI/sprites/1dce80ceb372675e9fc7e9f101b71845ef587de2/sprites/pokemon/716-active.png,https://raw.githubusercontent.com/PokeAPI/sprites/1dce80ceb372675e9fc7e9f101b71845ef587de2/sprites/pokemon/back/716-active.png,not_individually_verified,not_individually_verified
dex:yveltal:base,717,伊裴尔塔尔,base,https://raw.githubusercontent.com/PokeAPI/sprites/1dce80ceb372675e9fc7e9f101b71845ef587de2/sprites/pokemon/717.png,https://raw.githubusercontent.com/PokeAPI/sprites/1dce80ceb372675e9fc7e9f101b71845ef587de2/sprites/pokemon/back/717.png,not_individually_verified,not_individually_verified
dex:yveltal:base:dynamax,717,伊裴尔塔尔 · 极巨化,dynamax,https://raw.githubusercontent.com/PokeAPI/sprites/1dce80ceb372675e9fc7e9f101b71845ef587de2/sprites/pokemon/717.png,https://raw.githubusercontent.com/PokeAPI/sprites/1dce80ceb372675e9fc7e9f101b71845ef587de2/sprites/pokemon/back/717.png,not_individually_verified,not_individually_verified
dex:zygarde:base,718,基格尔德,base,https://raw.githubusercontent.com/PokeAPI/sprites/1dce80ceb372675e9fc7e9f101b71845ef587de2/sprites/pokemon/718.png,https://raw.githubusercontent.com/PokeAPI/sprites/1dce80ceb372675e9fc7e9f101b71845ef587de2/sprites/pokemon/back/718.png,not_individually_verified,not_individually_verified
dex:form:zygardemega,718,基格尔德 · 超级进化,mega,https://zukan.pokemon.co.jp/zukan-api/up/images/index/89a6ac8ab89049ba8589649d2d399ecb.png,,not_individually_verified,not_individually_verified
dex:form:zygarde10:dynamax,718,基格尔德 · １０％形态 · 极巨化,dynamax,https://raw.githubusercontent.com/PokeAPI/sprites/1dce80ceb372675e9fc7e9f101b71845ef587de2/sprites/pokemon/10118.png,https://raw.githubusercontent.com/PokeAPI/sprites/1dce80ceb372675e9fc7e9f101b71845ef587de2/sprites/pokemon/back/10118.png,not_individually_verified,not_individually_verified
dex:zygarde:base:dynamax,718,基格尔德 · 极巨化,dynamax,https://raw.githubusercontent.com/PokeAPI/sprites/1dce80ceb372675e9fc7e9f101b71845ef587de2/sprites/pokemon/718.png,https://raw.githubusercontent.com/PokeAPI/sprites/1dce80ceb372675e9fc7e9f101b71845ef587de2/sprites/pokemon/back/718.png,not_individually_verified,not_individually_verified
dex:form:zygardecomplete,718,基格尔德 · 完全体形态,battle_state,https://raw.githubusercontent.com/PokeAPI/sprites/1dce80ceb372675e9fc7e9f101b71845ef587de2/sprites/pokemon/10120.png,https://raw.githubusercontent.com/PokeAPI/sprites/1dce80ceb372675e9fc7e9f101b71845ef587de2/sprites/pokemon/back/10120.png,not_individually_verified,not_individually_verified
dex:form:zygarde10,718,基格尔德 · １０％形态,special_form,https://raw.githubusercontent.com/PokeAPI/sprites/1dce80ceb372675e9fc7e9f101b71845ef587de2/sprites/pokemon/10118.png,https://raw.githubusercontent.com/PokeAPI/sprites/1dce80ceb372675e9fc7e9f101b71845ef587de2/sprites/pokemon/back/10118.png,not_individually_verified,not_individually_verified
dex:diancie:base,719,蒂安希,base,https://raw.githubusercontent.com/PokeAPI/sprites/1dce80ceb372675e9fc7e9f101b71845ef587de2/sprites/pokemon/719.png,https://raw.githubusercontent.com/PokeAPI/sprites/1dce80ceb372675e9fc7e9f101b71845ef587de2/sprites/pokemon/back/719.png,not_individually_verified,not_individually_verified
dex:form:dianciemega,719,蒂安希 · 超级进化,mega,https://raw.githubusercontent.com/PokeAPI/sprites/1dce80ceb372675e9fc7e9f101b71845ef587de2/sprites/pokemon/10075.png,https://raw.githubusercontent.com/PokeAPI/sprites/1dce80ceb372675e9fc7e9f101b71845ef587de2/sprites/pokemon/back/10075.png,not_individually_verified,not_individually_verified
dex:diancie:base:dynamax,719,蒂安希 · 极巨化,dynamax,https://raw.githubusercontent.com/PokeAPI/sprites/1dce80ceb372675e9fc7e9f101b71845ef587de2/sprites/pokemon/719.png,https://raw.githubusercontent.com/PokeAPI/sprites/1dce80ceb372675e9fc7e9f101b71845ef587de2/sprites/pokemon/back/719.png,not_individually_verified,not_individually_verified
dex:hoopa:base,720,胡帕,base,https://raw.githubusercontent.com/PokeAPI/sprites/1dce80ceb372675e9fc7e9f101b71845ef587de2/sprites/pokemon/720.png,https://raw.githubusercontent.com/PokeAPI/sprites/1dce80ceb372675e9fc7e9f101b71845ef587de2/sprites/pokemon/back/720.png,not_individually_verified,not_individually_verified
dex:form:hoopaunbound,720,胡帕 · 解放胡帕,special_form,https://raw.githubusercontent.com/PokeAPI/sprites/1dce80ceb372675e9fc7e9f101b71845ef587de2/sprites/pokemon/10086.png,https://raw.githubusercontent.com/PokeAPI/sprites/1dce80ceb372675e9fc7e9f101b71845ef587de2/sprites/pokemon/back/10086.png,not_individually_verified,not_individually_verified
dex:volcanion:base,721,波尔凯尼恩,base,https://raw.githubusercontent.com/PokeAPI/sprites/1dce80ceb372675e9fc7e9f101b71845ef587de2/sprites/pokemon/721.png,https://raw.githubusercontent.com/PokeAPI/sprites/1dce80ceb372675e9fc7e9f101b71845ef587de2/sprites/pokemon/back/721.png,not_individually_verified,not_individually_verified
dex:volcanion:base:dynamax,721,波尔凯尼恩 · 极巨化,dynamax,https://raw.githubusercontent.com/PokeAPI/sprites/1dce80ceb372675e9fc7e9f101b71845ef587de2/sprites/pokemon/721.png,https://raw.githubusercontent.com/PokeAPI/sprites/1dce80ceb372675e9fc7e9f101b71845ef587de2/sprites/pokemon/back/721.png,not_individually_verified,not_individually_verified
dex:rowlet:base,722,木木枭,base,https://raw.githubusercontent.com/PokeAPI/sprites/1dce80ceb372675e9fc7e9f101b71845ef587de2/sprites/pokemon/722.png,https://raw.githubusercontent.com/PokeAPI/sprites/1dce80ceb372675e9fc7e9f101b71845ef587de2/sprites/pokemon/back/722.png,not_individually_verified,not_individually_verified
dex:rowlet:base:dynamax,722,木木枭 · 极巨化,dynamax,https://raw.githubusercontent.com/PokeAPI/sprites/1dce80ceb372675e9fc7e9f101b71845ef587de2/sprites/pokemon/722.png,https://raw.githubusercontent.com/PokeAPI/sprites/1dce80ceb372675e9fc7e9f101b71845ef587de2/sprites/pokemon/back/722.png,not_individually_verified,not_individually_verified
dex:dartrix:base,723,投羽枭,base,https://raw.githubusercontent.com/PokeAPI/sprites/1dce80ceb372675e9fc7e9f101b71845ef587de2/sprites/pokemon/723.png,https://raw.githubusercontent.com/PokeAPI/sprites/1dce80ceb372675e9fc7e9f101b71845ef587de2/sprites/pokemon/back/723.png,not_individually_verified,not_individually_verified
dex:dartrix:base:dynamax,723,投羽枭 · 极巨化,dynamax,https://raw.githubusercontent.com/PokeAPI/sprites/1dce80ceb372675e9fc7e9f101b71845ef587de2/sprites/pokemon/723.png,https://raw.githubusercontent.com/PokeAPI/sprites/1dce80ceb372675e9fc7e9f101b71845ef587de2/sprites/pokemon/back/723.png,not_individually_verified,not_individually_verified
dex:decidueye:base,724,狙射树枭,base,https://raw.githubusercontent.com/PokeAPI/sprites/1dce80ceb372675e9fc7e9f101b71845ef587de2/sprites/pokemon/724.png,https://raw.githubusercontent.com/PokeAPI/sprites/1dce80ceb372675e9fc7e9f101b71845ef587de2/sprites/pokemon/back/724.png,not_individually_verified,not_individually_verified
dex:form:decidueyehisui,724,狙射树枭 · 洗翠,regional,https://raw.githubusercontent.com/PokeAPI/sprites/1dce80ceb372675e9fc7e9f101b71845ef587de2/sprites/pokemon/10244.png,https://raw.githubusercontent.com/PokeAPI/sprites/1dce80ceb372675e9fc7e9f101b71845ef587de2/sprites/pokemon/back/10244.png,not_individually_verified,not_individually_verified
dex:decidueye:base:dynamax,724,狙射树枭 · 极巨化,dynamax,https://raw.githubusercontent.com/PokeAPI/sprites/1dce80ceb372675e9fc7e9f101b71845ef587de2/sprites/pokemon/724.png,https://raw.githubusercontent.com/PokeAPI/sprites/1dce80ceb372675e9fc7e9f101b71845ef587de2/sprites/pokemon/back/724.png,not_individually_verified,not_individually_verified
dex:litten:base,725,火斑喵,base,https://raw.githubusercontent.com/PokeAPI/sprites/1dce80ceb372675e9fc7e9f101b71845ef587de2/sprites/pokemon/725.png,https://raw.githubusercontent.com/PokeAPI/sprites/1dce80ceb372675e9fc7e9f101b71845ef587de2/sprites/pokemon/back/725.png,not_individually_verified,not_individually_verified
dex:litten:base:dynamax,725,火斑喵 · 极巨化,dynamax,https://raw.githubusercontent.com/PokeAPI/sprites/1dce80ceb372675e9fc7e9f101b71845ef587de2/sprites/pokemon/725.png,https://raw.githubusercontent.com/PokeAPI/sprites/1dce80ceb372675e9fc7e9f101b71845ef587de2/sprites/pokemon/back/725.png,not_individually_verified,not_individually_verified
dex:torracat:base,726,炎热喵,base,https://raw.githubusercontent.com/PokeAPI/sprites/1dce80ceb372675e9fc7e9f101b71845ef587de2/sprites/pokemon/726.png,https://raw.githubusercontent.com/PokeAPI/sprites/1dce80ceb372675e9fc7e9f101b71845ef587de2/sprites/pokemon/back/726.png,not_individually_verified,not_individually_verified
dex:torracat:base:dynamax,726,炎热喵 · 极巨化,dynamax,https://raw.githubusercontent.com/PokeAPI/sprites/1dce80ceb372675e9fc7e9f101b71845ef587de2/sprites/pokemon/726.png,https://raw.githubusercontent.com/PokeAPI/sprites/1dce80ceb372675e9fc7e9f101b71845ef587de2/sprites/pokemon/back/726.png,not_individually_verified,not_individually_verified
dex:incineroar:base,727,炽焰咆哮虎,base,https://raw.githubusercontent.com/PokeAPI/sprites/1dce80ceb372675e9fc7e9f101b71845ef587de2/sprites/pokemon/727.png,https://raw.githubusercontent.com/PokeAPI/sprites/1dce80ceb372675e9fc7e9f101b71845ef587de2/sprites/pokemon/back/727.png,not_individually_verified,not_individually_verified
dex:incineroar:base:dynamax,727,炽焰咆哮虎 · 极巨化,dynamax,https://raw.githubusercontent.com/PokeAPI/sprites/1dce80ceb372675e9fc7e9f101b71845ef587de2/sprites/pokemon/727.png,https://raw.githubusercontent.com/PokeAPI/sprites/1dce80ceb372675e9fc7e9f101b71845ef587de2/sprites/pokemon/back/727.png,not_individually_verified,not_individually_verified
dex:popplio:base,728,球球海狮,base,https://raw.githubusercontent.com/PokeAPI/sprites/1dce80ceb372675e9fc7e9f101b71845ef587de2/sprites/pokemon/728.png,https://raw.githubusercontent.com/PokeAPI/sprites/1dce80ceb372675e9fc7e9f101b71845ef587de2/sprites/pokemon/back/728.png,not_individually_verified,not_individually_verified
dex:popplio:base:dynamax,728,球球海狮 · 极巨化,dynamax,https://raw.githubusercontent.com/PokeAPI/sprites/1dce80ceb372675e9fc7e9f101b71845ef587de2/sprites/pokemon/728.png,https://raw.githubusercontent.com/PokeAPI/sprites/1dce80ceb372675e9fc7e9f101b71845ef587de2/sprites/pokemon/back/728.png,not_individually_verified,not_individually_verified
dex:brionne:base,729,花漾海狮,base,https://raw.githubusercontent.com/PokeAPI/sprites/1dce80ceb372675e9fc7e9f101b71845ef587de2/sprites/pokemon/729.png,https://raw.githubusercontent.com/PokeAPI/sprites/1dce80ceb372675e9fc7e9f101b71845ef587de2/sprites/pokemon/back/729.png,not_individually_verified,not_individually_verified
dex:brionne:base:dynamax,729,花漾海狮 · 极巨化,dynamax,https://raw.githubusercontent.com/PokeAPI/sprites/1dce80ceb372675e9fc7e9f101b71845ef587de2/sprites/pokemon/729.png,https://raw.githubusercontent.com/PokeAPI/sprites/1dce80ceb372675e9fc7e9f101b71845ef587de2/sprites/pokemon/back/729.png,not_individually_verified,not_individually_verified
dex:primarina:base,730,西狮海壬,base,https://raw.githubusercontent.com/PokeAPI/sprites/1dce80ceb372675e9fc7e9f101b71845ef587de2/sprites/pokemon/730.png,https://raw.githubusercontent.com/PokeAPI/sprites/1dce80ceb372675e9fc7e9f101b71845ef587de2/sprites/pokemon/back/730.png,not_individually_verified,not_individually_verified
dex:primarina:base:dynamax,730,西狮海壬 · 极巨化,dynamax,https://raw.githubusercontent.com/PokeAPI/sprites/1dce80ceb372675e9fc7e9f101b71845ef587de2/sprites/pokemon/730.png,https://raw.githubusercontent.com/PokeAPI/sprites/1dce80ceb372675e9fc7e9f101b71845ef587de2/sprites/pokemon/back/730.png,not_individually_verified,not_individually_verified
dex:pikipek:base,731,小笃儿,base,https://raw.githubusercontent.com/PokeAPI/sprites/1dce80ceb372675e9fc7e9f101b71845ef587de2/sprites/pokemon/731.png,https://raw.githubusercontent.com/PokeAPI/sprites/1dce80ceb372675e9fc7e9f101b71845ef587de2/sprites/pokemon/back/731.png,not_individually_verified,not_individually_verified
dex:trumbeak:base,732,喇叭啄鸟,base,https://raw.githubusercontent.com/PokeAPI/sprites/1dce80ceb372675e9fc7e9f101b71845ef587de2/sprites/pokemon/732.png,https://raw.githubusercontent.com/PokeAPI/sprites/1dce80ceb372675e9fc7e9f101b71845ef587de2/sprites/pokemon/back/732.png,not_individually_verified,not_individually_verified
dex:toucannon:base,733,铳嘴大鸟,base,https://raw.githubusercontent.com/PokeAPI/sprites/1dce80ceb372675e9fc7e9f101b71845ef587de2/sprites/pokemon/733.png,https://raw.githubusercontent.com/PokeAPI/sprites/1dce80ceb372675e9fc7e9f101b71845ef587de2/sprites/pokemon/back/733.png,not_individually_verified,not_individually_verified
dex:yungoos:base,734,猫鼬少,base,https://raw.githubusercontent.com/PokeAPI/sprites/1dce80ceb372675e9fc7e9f101b71845ef587de2/sprites/pokemon/734.png,https://raw.githubusercontent.com/PokeAPI/sprites/1dce80ceb372675e9fc7e9f101b71845ef587de2/sprites/pokemon/back/734.png,not_individually_verified,not_individually_verified
dex:gumshoos:base,735,猫鼬探长,base,https://raw.githubusercontent.com/PokeAPI/sprites/1dce80ceb372675e9fc7e9f101b71845ef587de2/sprites/pokemon/735.png,https://raw.githubusercontent.com/PokeAPI/sprites/1dce80ceb372675e9fc7e9f101b71845ef587de2/sprites/pokemon/back/735.png,not_individually_verified,not_individually_verified
dex:form:gumshoostotem,735,猫鼬探长 · 霸主,size_form,https://raw.githubusercontent.com/PokeAPI/sprites/1dce80ceb372675e9fc7e9f101b71845ef587de2/sprites/pokemon/10121.png,https://raw.githubusercontent.com/PokeAPI/sprites/1dce80ceb372675e9fc7e9f101b71845ef587de2/sprites/pokemon/back/10121.png,not_individually_verified,not_individually_verified
dex:grubbin:base,736,强颚鸡母虫,base,https://raw.githubusercontent.com/PokeAPI/sprites/1dce80ceb372675e9fc7e9f101b71845ef587de2/sprites/pokemon/736.png,https://raw.githubusercontent.com/PokeAPI/sprites/1dce80ceb372675e9fc7e9f101b71845ef587de2/sprites/pokemon/back/736.png,not_individually_verified,not_individually_verified
dex:grubbin:base:dynamax,736,强颚鸡母虫 · 极巨化,dynamax,https://raw.githubusercontent.com/PokeAPI/sprites/1dce80ceb372675e9fc7e9f101b71845ef587de2/sprites/pokemon/736.png,https://raw.githubusercontent.com/PokeAPI/sprites/1dce80ceb372675e9fc7e9f101b71845ef587de2/sprites/pokemon/back/736.png,not_individually_verified,not_individually_verified
dex:charjabug:base,737,虫电宝,base,https://raw.githubusercontent.com/PokeAPI/sprites/1dce80ceb372675e9fc7e9f101b71845ef587de2/sprites/pokemon/737.png,https://raw.githubusercontent.com/PokeAPI/sprites/1dce80ceb372675e9fc7e9f101b71845ef587de2/sprites/pokemon/back/737.png,not_individually_verified,not_individually_verified
dex:charjabug:base:dynamax,737,虫电宝 · 极巨化,dynamax,https://raw.githubusercontent.com/PokeAPI/sprites/1dce80ceb372675e9fc7e9f101b71845ef587de2/sprites/pokemon/737.png,https://raw.githubusercontent.com/PokeAPI/sprites/1dce80ceb372675e9fc7e9f101b71845ef587de2/sprites/pokemon/back/737.png,not_individually_verified,not_individually_verified
dex:vikavolt:base,738,锹农炮虫,base,https://raw.githubusercontent.com/PokeAPI/sprites/1dce80ceb372675e9fc7e9f101b71845ef587de2/sprites/pokemon/738.png,https://raw.githubusercontent.com/PokeAPI/sprites/1dce80ceb372675e9fc7e9f101b71845ef587de2/sprites/pokemon/back/738.png,not_individually_verified,not_individually_verified
dex:vikavolt:base:dynamax,738,锹农炮虫 · 极巨化,dynamax,https://raw.githubusercontent.com/PokeAPI/sprites/1dce80ceb372675e9fc7e9f101b71845ef587de2/sprites/pokemon/738.png,https://raw.githubusercontent.com/PokeAPI/sprites/1dce80ceb372675e9fc7e9f101b71845ef587de2/sprites/pokemon/back/738.png,not_individually_verified,not_individually_verified
dex:form:vikavolttotem,738,锹农炮虫 · 霸主,size_form,https://raw.githubusercontent.com/PokeAPI/sprites/1dce80ceb372675e9fc7e9f101b71845ef587de2/sprites/pokemon/10122.png,https://raw.githubusercontent.com/PokeAPI/sprites/1dce80ceb372675e9fc7e9f101b71845ef587de2/sprites/pokemon/back/10122.png,not_individually_verified,not_individually_verified
dex:crabrawler:base,739,好胜蟹,base,https://raw.githubusercontent.com/PokeAPI/sprites/1dce80ceb372675e9fc7e9f101b71845ef587de2/sprites/pokemon/739.png,https://raw.githubusercontent.com/PokeAPI/sprites/1dce80ceb372675e9fc7e9f101b71845ef587de2/sprites/pokemon/back/739.png,not_individually_verified,not_individually_verified
dex:crabominable:base,740,好胜毛蟹,base,https://raw.githubusercontent.com/PokeAPI/sprites/1dce80ceb372675e9fc7e9f101b71845ef587de2/sprites/pokemon/740.png,https://raw.githubusercontent.com/PokeAPI/sprites/1dce80ceb372675e9fc7e9f101b71845ef587de2/sprites/pokemon/back/740.png,not_individually_verified,not_individually_verified
dex:form:crabominablemega,740,好胜毛蟹 · 超级进化,mega,https://raw.githubusercontent.com/PokeAPI/sprites/1dce80ceb372675e9fc7e9f101b71845ef587de2/sprites/pokemon/10315.png,https://raw.githubusercontent.com/PokeAPI/sprites/1dce80ceb372675e9fc7e9f101b71845ef587de2/sprites/pokemon/back/10315.png,not_individually_verified,not_individually_verified
dex:oricorio:base,741,花舞鸟,base,https://raw.githubusercontent.com/PokeAPI/sprites/1dce80ceb372675e9fc7e9f101b71845ef587de2/sprites/pokemon/741.png,https://raw.githubusercontent.com/PokeAPI/sprites/1dce80ceb372675e9fc7e9f101b71845ef587de2/sprites/pokemon/back/741.png,not_individually_verified,not_individually_verified
dex:form:oricoriopau,741,花舞鸟 · 呼拉呼拉风格,special_form,https://raw.githubusercontent.com/PokeAPI/sprites/1dce80ceb372675e9fc7e9f101b71845ef587de2/sprites/pokemon/10124.png,https://raw.githubusercontent.com/PokeAPI/sprites/1dce80ceb372675e9fc7e9f101b71845ef587de2/sprites/pokemon/back/10124.png,not_individually_verified,not_individually_verified
dex:form:oricoriopompom,741,花舞鸟 · 啪滋啪滋风格,special_form,https://raw.githubusercontent.com/PokeAPI/sprites/1dce80ceb372675e9fc7e9f101b71845ef587de2/sprites/pokemon/10123.png,https://raw.githubusercontent.com/PokeAPI/sprites/1dce80ceb372675e9fc7e9f101b71845ef587de2/sprites/pokemon/back/10123.png,not_individually_verified,not_individually_verified
dex:form:oricoriosensu,741,花舞鸟 · 轻盈轻盈风格,special_form,https://raw.githubusercontent.com/PokeAPI/sprites/1dce80ceb372675e9fc7e9f101b71845ef587de2/sprites/pokemon/10125.png,https://raw.githubusercontent.com/PokeAPI/sprites/1dce80ceb372675e9fc7e9f101b71845ef587de2/sprites/pokemon/back/10125.png,not_individually_verified,not_individually_verified
dex:cutiefly:base,742,萌虻,base,https://raw.githubusercontent.com/PokeAPI/sprites/1dce80ceb372675e9fc7e9f101b71845ef587de2/sprites/pokemon/742.png,https://raw.githubusercontent.com/PokeAPI/sprites/1dce80ceb372675e9fc7e9f101b71845ef587de2/sprites/pokemon/back/742.png,not_individually_verified,not_individually_verified
dex:cutiefly:base:dynamax,742,萌虻 · 极巨化,dynamax,https://raw.githubusercontent.com/PokeAPI/sprites/1dce80ceb372675e9fc7e9f101b71845ef587de2/sprites/pokemon/742.png,https://raw.githubusercontent.com/PokeAPI/sprites/1dce80ceb372675e9fc7e9f101b71845ef587de2/sprites/pokemon/back/742.png,not_individually_verified,not_individually_verified
dex:ribombee:base,743,蝶结萌虻,base,https://raw.githubusercontent.com/PokeAPI/sprites/1dce80ceb372675e9fc7e9f101b71845ef587de2/sprites/pokemon/743.png,https://raw.githubusercontent.com/PokeAPI/sprites/1dce80ceb372675e9fc7e9f101b71845ef587de2/sprites/pokemon/back/743.png,not_individually_verified,not_individually_verified
dex:ribombee:base:dynamax,743,蝶结萌虻 · 极巨化,dynamax,https://raw.githubusercontent.com/PokeAPI/sprites/1dce80ceb372675e9fc7e9f101b71845ef587de2/sprites/pokemon/743.png,https://raw.githubusercontent.com/PokeAPI/sprites/1dce80ceb372675e9fc7e9f101b71845ef587de2/sprites/pokemon/back/743.png,not_individually_verified,not_individually_verified
dex:form:ribombeetotem,743,蝶结萌虻 · 霸主,size_form,https://raw.githubusercontent.com/PokeAPI/sprites/1dce80ceb372675e9fc7e9f101b71845ef587de2/sprites/pokemon/10150.png,https://raw.githubusercontent.com/PokeAPI/sprites/1dce80ceb372675e9fc7e9f101b71845ef587de2/sprites/pokemon/back/10150.png,not_individually_verified,not_individually_verified
dex:rockruff:base,744,岩狗狗,base,https://raw.githubusercontent.com/PokeAPI/sprites/1dce80ceb372675e9fc7e9f101b71845ef587de2/sprites/pokemon/744.png,https://raw.githubusercontent.com/PokeAPI/sprites/1dce80ceb372675e9fc7e9f101b71845ef587de2/sprites/pokemon/back/744.png,not_individually_verified,not_individually_verified
dex:form:rockruffdusk:dynamax,744,岩狗狗 · 我行我素个体 · 极巨化,dynamax,https://raw.githubusercontent.com/PokeAPI/sprites/1dce80ceb372675e9fc7e9f101b71845ef587de2/sprites/pokemon/10151.png,https://raw.githubusercontent.com/PokeAPI/sprites/1dce80ceb372675e9fc7e9f101b71845ef587de2/sprites/pokemon/back/10151.png,not_individually_verified,not_individually_verified
dex:rockruff:base:dynamax,744,岩狗狗 · 极巨化,dynamax,https://raw.githubusercontent.com/PokeAPI/sprites/1dce80ceb372675e9fc7e9f101b71845ef587de2/sprites/pokemon/744.png,https://raw.githubusercontent.com/PokeAPI/sprites/1dce80ceb372675e9fc7e9f101b71845ef587de2/sprites/pokemon/back/744.png,not_individually_verified,not_individually_verified
dex:form:rockruffdusk,744,岩狗狗 · 我行我素个体,special_form,https://raw.githubusercontent.com/PokeAPI/sprites/1dce80ceb372675e9fc7e9f101b71845ef587de2/sprites/pokemon/10151.png,https://raw.githubusercontent.com/PokeAPI/sprites/1dce80ceb372675e9fc7e9f101b71845ef587de2/sprites/pokemon/back/10151.png,not_individually_verified,not_individually_verified
dex:lycanroc:base,745,鬃岩狼人,base,https://raw.githubusercontent.com/PokeAPI/sprites/1dce80ceb372675e9fc7e9f101b71845ef587de2/sprites/pokemon/745.png,https://raw.githubusercontent.com/PokeAPI/sprites/1dce80ceb372675e9fc7e9f101b71845ef587de2/sprites/pokemon/back/745.png,not_individually_verified,not_individually_verified
dex:form:lycanrocdusk:dynamax,745,鬃岩狼人 · 黄昏的样子 · 极巨化,dynamax,https://raw.githubusercontent.com/PokeAPI/sprites/1dce80ceb372675e9fc7e9f101b71845ef587de2/sprites/pokemon/10152.png,https://raw.githubusercontent.com/PokeAPI/sprites/1dce80ceb372675e9fc7e9f101b71845ef587de2/sprites/pokemon/back/10152.png,not_individually_verified,not_individually_verified
dex:form:lycanrocmidnight:dynamax,745,鬃岩狼人 · 黑夜的样子 · 极巨化,dynamax,https://raw.githubusercontent.com/PokeAPI/sprites/1dce80ceb372675e9fc7e9f101b71845ef587de2/sprites/pokemon/10126.png,https://raw.githubusercontent.com/PokeAPI/sprites/1dce80ceb372675e9fc7e9f101b71845ef587de2/sprites/pokemon/back/10126.png,not_individually_verified,not_individually_verified
dex:lycanroc:base:dynamax,745,鬃岩狼人 · 极巨化,dynamax,https://raw.githubusercontent.com/PokeAPI/sprites/1dce80ceb372675e9fc7e9f101b71845ef587de2/sprites/pokemon/745.png,https://raw.githubusercontent.com/PokeAPI/sprites/1dce80ceb372675e9fc7e9f101b71845ef587de2/sprites/pokemon/back/745.png,not_individually_verified,not_individually_verified
dex:form:lycanrocdusk,745,鬃岩狼人 · 黄昏的样子,special_form,https://raw.githubusercontent.com/PokeAPI/sprites/1dce80ceb372675e9fc7e9f101b71845ef587de2/sprites/pokemon/10152.png,https://raw.githubusercontent.com/PokeAPI/sprites/1dce80ceb372675e9fc7e9f101b71845ef587de2/sprites/pokemon/back/10152.png,not_individually_verified,not_individually_verified
dex:form:lycanrocmidnight,745,鬃岩狼人 · 黑夜的样子,special_form,https://raw.githubusercontent.com/PokeAPI/sprites/1dce80ceb372675e9fc7e9f101b71845ef587de2/sprites/pokemon/10126.png,https://raw.githubusercontent.com/PokeAPI/sprites/1dce80ceb372675e9fc7e9f101b71845ef587de2/sprites/pokemon/back/10126.png,not_individually_verified,not_individually_verified
dex:wishiwashi:base,746,弱丁鱼,base,https://raw.githubusercontent.com/PokeAPI/sprites/1dce80ceb372675e9fc7e9f101b71845ef587de2/sprites/pokemon/746.png,https://raw.githubusercontent.com/PokeAPI/sprites/1dce80ceb372675e9fc7e9f101b71845ef587de2/sprites/pokemon/back/746.png,not_individually_verified,not_individually_verified
dex:wishiwashi:base:dynamax,746,弱丁鱼 · 极巨化,dynamax,https://raw.githubusercontent.com/PokeAPI/sprites/1dce80ceb372675e9fc7e9f101b71845ef587de2/sprites/pokemon/746.png,https://raw.githubusercontent.com/PokeAPI/sprites/1dce80ceb372675e9fc7e9f101b71845ef587de2/sprites/pokemon/back/746.png,not_individually_verified,not_individually_verified
dex:form:wishiwashischool,746,弱丁鱼 · 鱼群的样子,battle_state,https://raw.githubusercontent.com/PokeAPI/sprites/1dce80ceb372675e9fc7e9f101b71845ef587de2/sprites/pokemon/10127.png,https://raw.githubusercontent.com/PokeAPI/sprites/1dce80ceb372675e9fc7e9f101b71845ef587de2/sprites/pokemon/back/10127.png,not_individually_verified,not_individually_verified
dex:mareanie:base,747,好坏星,base,https://raw.githubusercontent.com/PokeAPI/sprites/1dce80ceb372675e9fc7e9f101b71845ef587de2/sprites/pokemon/747.png,https://raw.githubusercontent.com/PokeAPI/sprites/1dce80ceb372675e9fc7e9f101b71845ef587de2/sprites/pokemon/back/747.png,not_individually_verified,not_individually_verified
dex:mareanie:base:dynamax,747,好坏星 · 极巨化,dynamax,https://raw.githubusercontent.com/PokeAPI/sprites/1dce80ceb372675e9fc7e9f101b71845ef587de2/sprites/pokemon/747.png,https://raw.githubusercontent.com/PokeAPI/sprites/1dce80ceb372675e9fc7e9f101b71845ef587de2/sprites/pokemon/back/747.png,not_individually_verified,not_individually_verified
dex:toxapex:base,748,超坏星,base,https://raw.githubusercontent.com/PokeAPI/sprites/1dce80ceb372675e9fc7e9f101b71845ef587de2/sprites/pokemon/748.png,https://raw.githubusercontent.com/PokeAPI/sprites/1dce80ceb372675e9fc7e9f101b71845ef587de2/sprites/pokemon/back/748.png,not_individually_verified,not_individually_verified
dex:toxapex:base:dynamax,748,超坏星 · 极巨化,dynamax,https://raw.githubusercontent.com/PokeAPI/sprites/1dce80ceb372675e9fc7e9f101b71845ef587de2/sprites/pokemon/748.png,https://raw.githubusercontent.com/PokeAPI/sprites/1dce80ceb372675e9fc7e9f101b71845ef587de2/sprites/pokemon/back/748.png,not_individually_verified,not_individually_verified
dex:mudbray:base,749,泥驴仔,base,https://raw.githubusercontent.com/PokeAPI/sprites/1dce80ceb372675e9fc7e9f101b71845ef587de2/sprites/pokemon/749.png,https://raw.githubusercontent.com/PokeAPI/sprites/1dce80ceb372675e9fc7e9f101b71845ef587de2/sprites/pokemon/back/749.png,not_individually_verified,not_individually_verified
dex:mudbray:base:dynamax,749,泥驴仔 · 极巨化,dynamax,https://raw.githubusercontent.com/PokeAPI/sprites/1dce80ceb372675e9fc7e9f101b71845ef587de2/sprites/pokemon/749.png,https://raw.githubusercontent.com/PokeAPI/sprites/1dce80ceb372675e9fc7e9f101b71845ef587de2/sprites/pokemon/back/749.png,not_individually_verified,not_individually_verified
dex:mudsdale:base,750,重泥挽马,base,https://raw.githubusercontent.com/PokeAPI/sprites/1dce80ceb372675e9fc7e9f101b71845ef587de2/sprites/pokemon/750.png,https://raw.githubusercontent.com/PokeAPI/sprites/1dce80ceb372675e9fc7e9f101b71845ef587de2/sprites/pokemon/back/750.png,not_individually_verified,not_individually_verified
dex:mudsdale:base:dynamax,750,重泥挽马 · 极巨化,dynamax,https://raw.githubusercontent.com/PokeAPI/sprites/1dce80ceb372675e9fc7e9f101b71845ef587de2/sprites/pokemon/750.png,https://raw.githubusercontent.com/PokeAPI/sprites/1dce80ceb372675e9fc7e9f101b71845ef587de2/sprites/pokemon/back/750.png,not_individually_verified,not_individually_verified
dex:dewpider:base,751,滴蛛,base,https://raw.githubusercontent.com/PokeAPI/sprites/1dce80ceb372675e9fc7e9f101b71845ef587de2/sprites/pokemon/751.png,https://raw.githubusercontent.com/PokeAPI/sprites/1dce80ceb372675e9fc7e9f101b71845ef587de2/sprites/pokemon/back/751.png,not_individually_verified,not_individually_verified
dex:dewpider:base:dynamax,751,滴蛛 · 极巨化,dynamax,https://raw.githubusercontent.com/PokeAPI/sprites/1dce80ceb372675e9fc7e9f101b71845ef587de2/sprites/pokemon/751.png,https://raw.githubusercontent.com/PokeAPI/sprites/1dce80ceb372675e9fc7e9f101b71845ef587de2/sprites/pokemon/back/751.png,not_individually_verified,not_individually_verified
dex:araquanid:base,752,滴蛛霸,base,https://raw.githubusercontent.com/PokeAPI/sprites/1dce80ceb372675e9fc7e9f101b71845ef587de2/sprites/pokemon/752.png,https://raw.githubusercontent.com/PokeAPI/sprites/1dce80ceb372675e9fc7e9f101b71845ef587de2/sprites/pokemon/back/752.png,not_individually_verified,not_individually_verified
dex:araquanid:base:dynamax,752,滴蛛霸 · 极巨化,dynamax,https://raw.githubusercontent.com/PokeAPI/sprites/1dce80ceb372675e9fc7e9f101b71845ef587de2/sprites/pokemon/752.png,https://raw.githubusercontent.com/PokeAPI/sprites/1dce80ceb372675e9fc7e9f101b71845ef587de2/sprites/pokemon/back/752.png,not_individually_verified,not_individually_verified
dex:form:araquanidtotem,752,滴蛛霸 · 霸主,size_form,https://raw.githubusercontent.com/PokeAPI/sprites/1dce80ceb372675e9fc7e9f101b71845ef587de2/sprites/pokemon/10153.png,https://raw.githubusercontent.com/PokeAPI/sprites/1dce80ceb372675e9fc7e9f101b71845ef587de2/sprites/pokemon/back/10153.png,not_individually_verified,not_individually_verified
dex:fomantis:base,753,伪螳草,base,https://raw.githubusercontent.com/PokeAPI/sprites/1dce80ceb372675e9fc7e9f101b71845ef587de2/sprites/pokemon/753.png,https://raw.githubusercontent.com/PokeAPI/sprites/1dce80ceb372675e9fc7e9f101b71845ef587de2/sprites/pokemon/back/753.png,not_individually_verified,not_individually_verified
dex:fomantis:base:dynamax,753,伪螳草 · 极巨化,dynamax,https://raw.githubusercontent.com/PokeAPI/sprites/1dce80ceb372675e9fc7e9f101b71845ef587de2/sprites/pokemon/753.png,https://raw.githubusercontent.com/PokeAPI/sprites/1dce80ceb372675e9fc7e9f101b71845ef587de2/sprites/pokemon/back/753.png,not_individually_verified,not_individually_verified
dex:lurantis:base,754,兰螳花,base,https://raw.githubusercontent.com/PokeAPI/sprites/1dce80ceb372675e9fc7e9f101b71845ef587de2/sprites/pokemon/754.png,https://raw.githubusercontent.com/PokeAPI/sprites/1dce80ceb372675e9fc7e9f101b71845ef587de2/sprites/pokemon/back/754.png,not_individually_verified,not_individually_verified
dex:lurantis:base:dynamax,754,兰螳花 · 极巨化,dynamax,https://raw.githubusercontent.com/PokeAPI/sprites/1dce80ceb372675e9fc7e9f101b71845ef587de2/sprites/pokemon/754.png,https://raw.githubusercontent.com/PokeAPI/sprites/1dce80ceb372675e9fc7e9f101b71845ef587de2/sprites/pokemon/back/754.png,not_individually_verified,not_individually_verified
dex:form:lurantistotem,754,兰螳花 · 霸主,size_form,https://raw.githubusercontent.com/PokeAPI/sprites/1dce80ceb372675e9fc7e9f101b71845ef587de2/sprites/pokemon/10128.png,https://raw.githubusercontent.com/PokeAPI/sprites/1dce80ceb372675e9fc7e9f101b71845ef587de2/sprites/pokemon/back/10128.png,not_individually_verified,not_individually_verified
dex:morelull:base,755,睡睡菇,base,https://raw.githubusercontent.com/PokeAPI/sprites/1dce80ceb372675e9fc7e9f101b71845ef587de2/sprites/pokemon/755.png,https://raw.githubusercontent.com/PokeAPI/sprites/1dce80ceb372675e9fc7e9f101b71845ef587de2/sprites/pokemon/back/755.png,not_individually_verified,not_individually_verified
dex:morelull:base:dynamax,755,睡睡菇 · 极巨化,dynamax,https://raw.githubusercontent.com/PokeAPI/sprites/1dce80ceb372675e9fc7e9f101b71845ef587de2/sprites/pokemon/755.png,https://raw.githubusercontent.com/PokeAPI/sprites/1dce80ceb372675e9fc7e9f101b71845ef587de2/sprites/pokemon/back/755.png,not_individually_verified,not_individually_verified
dex:shiinotic:base,756,灯罩夜菇,base,https://raw.githubusercontent.com/PokeAPI/sprites/1dce80ceb372675e9fc7e9f101b71845ef587de2/sprites/pokemon/756.png,https://raw.githubusercontent.com/PokeAPI/sprites/1dce80ceb372675e9fc7e9f101b71845ef587de2/sprites/pokemon/back/756.png,not_individually_verified,not_individually_verified
dex:shiinotic:base:dynamax,756,灯罩夜菇 · 极巨化,dynamax,https://raw.githubusercontent.com/PokeAPI/sprites/1dce80ceb372675e9fc7e9f101b71845ef587de2/sprites/pokemon/756.png,https://raw.githubusercontent.com/PokeAPI/sprites/1dce80ceb372675e9fc7e9f101b71845ef587de2/sprites/pokemon/back/756.png,not_individually_verified,not_individually_verified
dex:salandit:base,757,夜盗火蜥,base,https://raw.githubusercontent.com/PokeAPI/sprites/1dce80ceb372675e9fc7e9f101b71845ef587de2/sprites/pokemon/757.png,https://raw.githubusercontent.com/PokeAPI/sprites/1dce80ceb372675e9fc7e9f101b71845ef587de2/sprites/pokemon/back/757.png,not_individually_verified,not_individually_verified
dex:salandit:base:dynamax,757,夜盗火蜥 · 极巨化,dynamax,https://raw.githubusercontent.com/PokeAPI/sprites/1dce80ceb372675e9fc7e9f101b71845ef587de2/sprites/pokemon/757.png,https://raw.githubusercontent.com/PokeAPI/sprites/1dce80ceb372675e9fc7e9f101b71845ef587de2/sprites/pokemon/back/757.png,not_individually_verified,not_individually_verified
dex:salazzle:base,758,焰后蜥,base,https://raw.githubusercontent.com/PokeAPI/sprites/1dce80ceb372675e9fc7e9f101b71845ef587de2/sprites/pokemon/758.png,https://raw.githubusercontent.com/PokeAPI/sprites/1dce80ceb372675e9fc7e9f101b71845ef587de2/sprites/pokemon/back/758.png,not_individually_verified,not_individually_verified
dex:salazzle:base:dynamax,758,焰后蜥 · 极巨化,dynamax,https://raw.githubusercontent.com/PokeAPI/sprites/1dce80ceb372675e9fc7e9f101b71845ef587de2/sprites/pokemon/758.png,https://raw.githubusercontent.com/PokeAPI/sprites/1dce80ceb372675e9fc7e9f101b71845ef587de2/sprites/pokemon/back/758.png,not_individually_verified,not_individually_verified
dex:form:salazzletotem,758,焰后蜥 · 霸主,size_form,https://raw.githubusercontent.com/PokeAPI/sprites/1dce80ceb372675e9fc7e9f101b71845ef587de2/sprites/pokemon/10129.png,https://raw.githubusercontent.com/PokeAPI/sprites/1dce80ceb372675e9fc7e9f101b71845ef587de2/sprites/pokemon/back/10129.png,not_individually_verified,not_individually_verified
dex:stufful:base,759,童偶熊,base,https://raw.githubusercontent.com/PokeAPI/sprites/1dce80ceb372675e9fc7e9f101b71845ef587de2/sprites/pokemon/759.png,https://raw.githubusercontent.com/PokeAPI/sprites/1dce80ceb372675e9fc7e9f101b71845ef587de2/sprites/pokemon/back/759.png,not_individually_verified,not_individually_verified
dex:stufful:base:dynamax,759,童偶熊 · 极巨化,dynamax,https://raw.githubusercontent.com/PokeAPI/sprites/1dce80ceb372675e9fc7e9f101b71845ef587de2/sprites/pokemon/759.png,https://raw.githubusercontent.com/PokeAPI/sprites/1dce80ceb372675e9fc7e9f101b71845ef587de2/sprites/pokemon/back/759.png,not_individually_verified,not_individually_verified
dex:bewear:base,760,穿着熊,base,https://raw.githubusercontent.com/PokeAPI/sprites/1dce80ceb372675e9fc7e9f101b71845ef587de2/sprites/pokemon/760.png,https://raw.githubusercontent.com/PokeAPI/sprites/1dce80ceb372675e9fc7e9f101b71845ef587de2/sprites/pokemon/back/760.png,not_individually_verified,not_individually_verified
dex:bewear:base:dynamax,760,穿着熊 · 极巨化,dynamax,https://raw.githubusercontent.com/PokeAPI/sprites/1dce80ceb372675e9fc7e9f101b71845ef587de2/sprites/pokemon/760.png,https://raw.githubusercontent.com/PokeAPI/sprites/1dce80ceb372675e9fc7e9f101b71845ef587de2/sprites/pokemon/back/760.png,not_individually_verified,not_individually_verified
dex:bounsweet:base,761,甜竹竹,base,https://raw.githubusercontent.com/PokeAPI/sprites/1dce80ceb372675e9fc7e9f101b71845ef587de2/sprites/pokemon/761.png,https://raw.githubusercontent.com/PokeAPI/sprites/1dce80ceb372675e9fc7e9f101b71845ef587de2/sprites/pokemon/back/761.png,not_individually_verified,not_individually_verified
dex:bounsweet:base:dynamax,761,甜竹竹 · 极巨化,dynamax,https://raw.githubusercontent.com/PokeAPI/sprites/1dce80ceb372675e9fc7e9f101b71845ef587de2/sprites/pokemon/761.png,https://raw.githubusercontent.com/PokeAPI/sprites/1dce80ceb372675e9fc7e9f101b71845ef587de2/sprites/pokemon/back/761.png,not_individually_verified,not_individually_verified
dex:steenee:base,762,甜舞妮,base,https://raw.githubusercontent.com/PokeAPI/sprites/1dce80ceb372675e9fc7e9f101b71845ef587de2/sprites/pokemon/762.png,https://raw.githubusercontent.com/PokeAPI/sprites/1dce80ceb372675e9fc7e9f101b71845ef587de2/sprites/pokemon/back/762.png,not_individually_verified,not_individually_verified
dex:steenee:base:dynamax,762,甜舞妮 · 极巨化,dynamax,https://raw.githubusercontent.com/PokeAPI/sprites/1dce80ceb372675e9fc7e9f101b71845ef587de2/sprites/pokemon/762.png,https://raw.githubusercontent.com/PokeAPI/sprites/1dce80ceb372675e9fc7e9f101b71845ef587de2/sprites/pokemon/back/762.png,not_individually_verified,not_individually_verified
dex:tsareena:base,763,甜冷美后,base,https://raw.githubusercontent.com/PokeAPI/sprites/1dce80ceb372675e9fc7e9f101b71845ef587de2/sprites/pokemon/763.png,https://raw.githubusercontent.com/PokeAPI/sprites/1dce80ceb372675e9fc7e9f101b71845ef587de2/sprites/pokemon/back/763.png,not_individually_verified,not_individually_verified
dex:tsareena:base:dynamax,763,甜冷美后 · 极巨化,dynamax,https://raw.githubusercontent.com/PokeAPI/sprites/1dce80ceb372675e9fc7e9f101b71845ef587de2/sprites/pokemon/763.png,https://raw.githubusercontent.com/PokeAPI/sprites/1dce80ceb372675e9fc7e9f101b71845ef587de2/sprites/pokemon/back/763.png,not_individually_verified,not_individually_verified
dex:comfey:base,764,花疗环环,base,https://raw.githubusercontent.com/PokeAPI/sprites/1dce80ceb372675e9fc7e9f101b71845ef587de2/sprites/pokemon/764.png,https://raw.githubusercontent.com/PokeAPI/sprites/1dce80ceb372675e9fc7e9f101b71845ef587de2/sprites/pokemon/back/764.png,not_individually_verified,not_individually_verified
dex:comfey:base:dynamax,764,花疗环环 · 极巨化,dynamax,https://raw.githubusercontent.com/PokeAPI/sprites/1dce80ceb372675e9fc7e9f101b71845ef587de2/sprites/pokemon/764.png,https://raw.githubusercontent.com/PokeAPI/sprites/1dce80ceb372675e9fc7e9f101b71845ef587de2/sprites/pokemon/back/764.png,not_individually_verified,not_individually_verified
dex:oranguru:base,765,智挥猩,base,https://raw.githubusercontent.com/PokeAPI/sprites/1dce80ceb372675e9fc7e9f101b71845ef587de2/sprites/pokemon/765.png,https://raw.githubusercontent.com/PokeAPI/sprites/1dce80ceb372675e9fc7e9f101b71845ef587de2/sprites/pokemon/back/765.png,not_individually_verified,not_individually_verified
dex:oranguru:base:dynamax,765,智挥猩 · 极巨化,dynamax,https://raw.githubusercontent.com/PokeAPI/sprites/1dce80ceb372675e9fc7e9f101b71845ef587de2/sprites/pokemon/765.png,https://raw.githubusercontent.com/PokeAPI/sprites/1dce80ceb372675e9fc7e9f101b71845ef587de2/sprites/pokemon/back/765.png,not_individually_verified,not_individually_verified
dex:passimian:base,766,投掷猴,base,https://raw.githubusercontent.com/PokeAPI/sprites/1dce80ceb372675e9fc7e9f101b71845ef587de2/sprites/pokemon/766.png,https://raw.githubusercontent.com/PokeAPI/sprites/1dce80ceb372675e9fc7e9f101b71845ef587de2/sprites/pokemon/back/766.png,not_individually_verified,not_individually_verified
dex:passimian:base:dynamax,766,投掷猴 · 极巨化,dynamax,https://raw.githubusercontent.com/PokeAPI/sprites/1dce80ceb372675e9fc7e9f101b71845ef587de2/sprites/pokemon/766.png,https://raw.githubusercontent.com/PokeAPI/sprites/1dce80ceb372675e9fc7e9f101b71845ef587de2/sprites/pokemon/back/766.png,not_individually_verified,not_individually_verified
dex:wimpod:base,767,胆小虫,base,https://raw.githubusercontent.com/PokeAPI/sprites/1dce80ceb372675e9fc7e9f101b71845ef587de2/sprites/pokemon/767.png,https://raw.githubusercontent.com/PokeAPI/sprites/1dce80ceb372675e9fc7e9f101b71845ef587de2/sprites/pokemon/back/767.png,not_individually_verified,not_individually_verified
dex:wimpod:base:dynamax,767,胆小虫 · 极巨化,dynamax,https://raw.githubusercontent.com/PokeAPI/sprites/1dce80ceb372675e9fc7e9f101b71845ef587de2/sprites/pokemon/767.png,https://raw.githubusercontent.com/PokeAPI/sprites/1dce80ceb372675e9fc7e9f101b71845ef587de2/sprites/pokemon/back/767.png,not_individually_verified,not_individually_verified
dex:golisopod:base,768,具甲武者,base,https://raw.githubusercontent.com/PokeAPI/sprites/1dce80ceb372675e9fc7e9f101b71845ef587de2/sprites/pokemon/768.png,https://raw.githubusercontent.com/PokeAPI/sprites/1dce80ceb372675e9fc7e9f101b71845ef587de2/sprites/pokemon/back/768.png,not_individually_verified,not_individually_verified
dex:form:golisopodmega,768,具甲武者 · 超级进化,mega,https://raw.githubusercontent.com/PokeAPI/sprites/1dce80ceb372675e9fc7e9f101b71845ef587de2/sprites/pokemon/10316.png,https://raw.githubusercontent.com/PokeAPI/sprites/1dce80ceb372675e9fc7e9f101b71845ef587de2/sprites/pokemon/back/10316.png,not_individually_verified,not_individually_verified
dex:golisopod:base:dynamax,768,具甲武者 · 极巨化,dynamax,https://raw.githubusercontent.com/PokeAPI/sprites/1dce80ceb372675e9fc7e9f101b71845ef587de2/sprites/pokemon/768.png,https://raw.githubusercontent.com/PokeAPI/sprites/1dce80ceb372675e9fc7e9f101b71845ef587de2/sprites/pokemon/back/768.png,not_individually_verified,not_individually_verified
dex:sandygast:base,769,沙丘娃,base,https://raw.githubusercontent.com/PokeAPI/sprites/1dce80ceb372675e9fc7e9f101b71845ef587de2/sprites/pokemon/769.png,https://raw.githubusercontent.com/PokeAPI/sprites/1dce80ceb372675e9fc7e9f101b71845ef587de2/sprites/pokemon/back/769.png,not_individually_verified,not_individually_verified
dex:sandygast:base:dynamax,769,沙丘娃 · 极巨化,dynamax,https://raw.githubusercontent.com/PokeAPI/sprites/1dce80ceb372675e9fc7e9f101b71845ef587de2/sprites/pokemon/769.png,https://raw.githubusercontent.com/PokeAPI/sprites/1dce80ceb372675e9fc7e9f101b71845ef587de2/sprites/pokemon/back/769.png,not_individually_verified,not_individually_verified
dex:palossand:base,770,噬沙堡爷,base,https://raw.githubusercontent.com/PokeAPI/sprites/1dce80ceb372675e9fc7e9f101b71845ef587de2/sprites/pokemon/770.png,https://raw.githubusercontent.com/PokeAPI/sprites/1dce80ceb372675e9fc7e9f101b71845ef587de2/sprites/pokemon/back/770.png,not_individually_verified,not_individually_verified
dex:palossand:base:dynamax,770,噬沙堡爷 · 极巨化,dynamax,https://raw.githubusercontent.com/PokeAPI/sprites/1dce80ceb372675e9fc7e9f101b71845ef587de2/sprites/pokemon/770.png,https://raw.githubusercontent.com/PokeAPI/sprites/1dce80ceb372675e9fc7e9f101b71845ef587de2/sprites/pokemon/back/770.png,not_individually_verified,not_individually_verified
dex:pyukumuku:base,771,拳海参,base,https://raw.githubusercontent.com/PokeAPI/sprites/1dce80ceb372675e9fc7e9f101b71845ef587de2/sprites/pokemon/771.png,https://raw.githubusercontent.com/PokeAPI/sprites/1dce80ceb372675e9fc7e9f101b71845ef587de2/sprites/pokemon/back/771.png,not_individually_verified,not_individually_verified
dex:pyukumuku:base:dynamax,771,拳海参 · 极巨化,dynamax,https://raw.githubusercontent.com/PokeAPI/sprites/1dce80ceb372675e9fc7e9f101b71845ef587de2/sprites/pokemon/771.png,https://raw.githubusercontent.com/PokeAPI/sprites/1dce80ceb372675e9fc7e9f101b71845ef587de2/sprites/pokemon/back/771.png,not_individually_verified,not_individually_verified
dex:typenull:base,772,属性：空,base,https://raw.githubusercontent.com/PokeAPI/sprites/1dce80ceb372675e9fc7e9f101b71845ef587de2/sprites/pokemon/772.png,https://raw.githubusercontent.com/PokeAPI/sprites/1dce80ceb372675e9fc7e9f101b71845ef587de2/sprites/pokemon/back/772.png,not_individually_verified,not_individually_verified
dex:typenull:base:dynamax,772,属性：空 · 极巨化,dynamax,https://raw.githubusercontent.com/PokeAPI/sprites/1dce80ceb372675e9fc7e9f101b71845ef587de2/sprites/pokemon/772.png,https://raw.githubusercontent.com/PokeAPI/sprites/1dce80ceb372675e9fc7e9f101b71845ef587de2/sprites/pokemon/back/772.png,not_individually_verified,not_individually_verified
dex:silvally:base,773,银伴战兽,base,https://raw.githubusercontent.com/PokeAPI/sprites/1dce80ceb372675e9fc7e9f101b71845ef587de2/sprites/pokemon/773.png,https://raw.githubusercontent.com/PokeAPI/sprites/1dce80ceb372675e9fc7e9f101b71845ef587de2/sprites/pokemon/back/773.png,not_individually_verified,not_individually_verified
dex:form:silvallybug:dynamax,773,银伴战兽 · 虫属性 · 极巨化,dynamax,https://raw.githubusercontent.com/PokeAPI/sprites/1dce80ceb372675e9fc7e9f101b71845ef587de2/sprites/pokemon/773-bug.png,https://raw.githubusercontent.com/PokeAPI/sprites/1dce80ceb372675e9fc7e9f101b71845ef587de2/sprites/pokemon/back/773-bug.png,not_individually_verified,not_individually_verified
dex:form:silvallydark:dynamax,773,银伴战兽 · 恶属性 · 极巨化,dynamax,https://raw.githubusercontent.com/PokeAPI/sprites/1dce80ceb372675e9fc7e9f101b71845ef587de2/sprites/pokemon/773-dark.png,https://raw.githubusercontent.com/PokeAPI/sprites/1dce80ceb372675e9fc7e9f101b71845ef587de2/sprites/pokemon/back/773-dark.png,not_individually_verified,not_individually_verified
dex:form:silvallydragon:dynamax,773,银伴战兽 · 龙属性 · 极巨化,dynamax,https://raw.githubusercontent.com/PokeAPI/sprites/1dce80ceb372675e9fc7e9f101b71845ef587de2/sprites/pokemon/773-dragon.png,https://raw.githubusercontent.com/PokeAPI/sprites/1dce80ceb372675e9fc7e9f101b71845ef587de2/sprites/pokemon/back/773-dragon.png,not_individually_verified,not_individually_verified
dex:form:silvallyelectric:dynamax,773,银伴战兽 · 电属性 · 极巨化,dynamax,https://raw.githubusercontent.com/PokeAPI/sprites/1dce80ceb372675e9fc7e9f101b71845ef587de2/sprites/pokemon/773-electric.png,https://raw.githubusercontent.com/PokeAPI/sprites/1dce80ceb372675e9fc7e9f101b71845ef587de2/sprites/pokemon/back/773-electric.png,not_individually_verified,not_individually_verified
dex:form:silvallyfairy:dynamax,773,银伴战兽 · 妖精属性 · 极巨化,dynamax,https://raw.githubusercontent.com/PokeAPI/sprites/1dce80ceb372675e9fc7e9f101b71845ef587de2/sprites/pokemon/773-fairy.png,https://raw.githubusercontent.com/PokeAPI/sprites/1dce80ceb372675e9fc7e9f101b71845ef587de2/sprites/pokemon/back/773-fairy.png,not_individually_verified,not_individually_verified
dex:form:silvallyfighting:dynamax,773,银伴战兽 · 格斗属性 · 极巨化,dynamax,https://raw.githubusercontent.com/PokeAPI/sprites/1dce80ceb372675e9fc7e9f101b71845ef587de2/sprites/pokemon/773-fighting.png,https://raw.githubusercontent.com/PokeAPI/sprites/1dce80ceb372675e9fc7e9f101b71845ef587de2/sprites/pokemon/back/773-fighting.png,not_individually_verified,not_individually_verified
dex:form:silvallyfire:dynamax,773,银伴战兽 · 火属性 · 极巨化,dynamax,https://raw.githubusercontent.com/PokeAPI/sprites/1dce80ceb372675e9fc7e9f101b71845ef587de2/sprites/pokemon/773-fire.png,https://raw.githubusercontent.com/PokeAPI/sprites/1dce80ceb372675e9fc7e9f101b71845ef587de2/sprites/pokemon/back/773-fire.png,not_individually_verified,not_individually_verified
dex:form:silvallyflying:dynamax,773,银伴战兽 · 飞行属性 · 极巨化,dynamax,https://raw.githubusercontent.com/PokeAPI/sprites/1dce80ceb372675e9fc7e9f101b71845ef587de2/sprites/pokemon/773-flying.png,https://raw.githubusercontent.com/PokeAPI/sprites/1dce80ceb372675e9fc7e9f101b71845ef587de2/sprites/pokemon/back/773-flying.png,not_individually_verified,not_individually_verified
dex:form:silvallyghost:dynamax,773,银伴战兽 · 幽灵属性 · 极巨化,dynamax,https://raw.githubusercontent.com/PokeAPI/sprites/1dce80ceb372675e9fc7e9f101b71845ef587de2/sprites/pokemon/773-ghost.png,https://raw.githubusercontent.com/PokeAPI/sprites/1dce80ceb372675e9fc7e9f101b71845ef587de2/sprites/pokemon/back/773-ghost.png,not_individually_verified,not_individually_verified
dex:form:silvallygrass:dynamax,773,银伴战兽 · 草属性 · 极巨化,dynamax,https://raw.githubusercontent.com/PokeAPI/sprites/1dce80ceb372675e9fc7e9f101b71845ef587de2/sprites/pokemon/773-grass.png,https://raw.githubusercontent.com/PokeAPI/sprites/1dce80ceb372675e9fc7e9f101b71845ef587de2/sprites/pokemon/back/773-grass.png,not_individually_verified,not_individually_verified
dex:form:silvallyground:dynamax,773,银伴战兽 · 地面属性 · 极巨化,dynamax,https://raw.githubusercontent.com/PokeAPI/sprites/1dce80ceb372675e9fc7e9f101b71845ef587de2/sprites/pokemon/773-ground.png,https://raw.githubusercontent.com/PokeAPI/sprites/1dce80ceb372675e9fc7e9f101b71845ef587de2/sprites/pokemon/back/773-ground.png,not_individually_verified,not_individually_verified
dex:form:silvallyice:dynamax,773,银伴战兽 · 冰属性 · 极巨化,dynamax,https://raw.githubusercontent.com/PokeAPI/sprites/1dce80ceb372675e9fc7e9f101b71845ef587de2/sprites/pokemon/773-ice.png,https://raw.githubusercontent.com/PokeAPI/sprites/1dce80ceb372675e9fc7e9f101b71845ef587de2/sprites/pokemon/back/773-ice.png,not_individually_verified,not_individually_verified
dex:form:silvallypoison:dynamax,773,银伴战兽 · 毒属性 · 极巨化,dynamax,https://raw.githubusercontent.com/PokeAPI/sprites/1dce80ceb372675e9fc7e9f101b71845ef587de2/sprites/pokemon/773-poison.png,https://raw.githubusercontent.com/PokeAPI/sprites/1dce80ceb372675e9fc7e9f101b71845ef587de2/sprites/pokemon/back/773-poison.png,not_individually_verified,not_individually_verified
dex:form:silvallypsychic:dynamax,773,银伴战兽 · 超能力属性 · 极巨化,dynamax,https://raw.githubusercontent.com/PokeAPI/sprites/1dce80ceb372675e9fc7e9f101b71845ef587de2/sprites/pokemon/773-psychic.png,https://raw.githubusercontent.com/PokeAPI/sprites/1dce80ceb372675e9fc7e9f101b71845ef587de2/sprites/pokemon/back/773-psychic.png,not_individually_verified,not_individually_verified
dex:form:silvallyrock:dynamax,773,银伴战兽 · 岩石属性 · 极巨化,dynamax,https://raw.githubusercontent.com/PokeAPI/sprites/1dce80ceb372675e9fc7e9f101b71845ef587de2/sprites/pokemon/773-rock.png,https://raw.githubusercontent.com/PokeAPI/sprites/1dce80ceb372675e9fc7e9f101b71845ef587de2/sprites/pokemon/back/773-rock.png,not_individually_verified,not_individually_verified
dex:form:silvallysteel:dynamax,773,银伴战兽 · 钢属性 · 极巨化,dynamax,https://raw.githubusercontent.com/PokeAPI/sprites/1dce80ceb372675e9fc7e9f101b71845ef587de2/sprites/pokemon/773-steel.png,https://raw.githubusercontent.com/PokeAPI/sprites/1dce80ceb372675e9fc7e9f101b71845ef587de2/sprites/pokemon/back/773-steel.png,not_individually_verified,not_individually_verified
dex:form:silvallywater:dynamax,773,银伴战兽 · 水属性 · 极巨化,dynamax,https://raw.githubusercontent.com/PokeAPI/sprites/1dce80ceb372675e9fc7e9f101b71845ef587de2/sprites/pokemon/773-water.png,https://raw.githubusercontent.com/PokeAPI/sprites/1dce80ceb372675e9fc7e9f101b71845ef587de2/sprites/pokemon/back/773-water.png,not_individually_verified,not_individually_verified
dex:silvally:base:dynamax,773,银伴战兽 · 极巨化,dynamax,https://raw.githubusercontent.com/PokeAPI/sprites/1dce80ceb372675e9fc7e9f101b71845ef587de2/sprites/pokemon/773.png,https://raw.githubusercontent.com/PokeAPI/sprites/1dce80ceb372675e9fc7e9f101b71845ef587de2/sprites/pokemon/back/773.png,not_individually_verified,not_individually_verified
dex:form:silvallybug,773,银伴战兽 · 虫属性,type_form,https://raw.githubusercontent.com/PokeAPI/sprites/1dce80ceb372675e9fc7e9f101b71845ef587de2/sprites/pokemon/773-bug.png,https://raw.githubusercontent.com/PokeAPI/sprites/1dce80ceb372675e9fc7e9f101b71845ef587de2/sprites/pokemon/back/773-bug.png,not_individually_verified,not_individually_verified
dex:form:silvallydark,773,银伴战兽 · 恶属性,type_form,https://raw.githubusercontent.com/PokeAPI/sprites/1dce80ceb372675e9fc7e9f101b71845ef587de2/sprites/pokemon/773-dark.png,https://raw.githubusercontent.com/PokeAPI/sprites/1dce80ceb372675e9fc7e9f101b71845ef587de2/sprites/pokemon/back/773-dark.png,not_individually_verified,not_individually_verified
dex:form:silvallydragon,773,银伴战兽 · 龙属性,type_form,https://raw.githubusercontent.com/PokeAPI/sprites/1dce80ceb372675e9fc7e9f101b71845ef587de2/sprites/pokemon/773-dragon.png,https://raw.githubusercontent.com/PokeAPI/sprites/1dce80ceb372675e9fc7e9f101b71845ef587de2/sprites/pokemon/back/773-dragon.png,not_individually_verified,not_individually_verified
dex:form:silvallyelectric,773,银伴战兽 · 电属性,type_form,https://raw.githubusercontent.com/PokeAPI/sprites/1dce80ceb372675e9fc7e9f101b71845ef587de2/sprites/pokemon/773-electric.png,https://raw.githubusercontent.com/PokeAPI/sprites/1dce80ceb372675e9fc7e9f101b71845ef587de2/sprites/pokemon/back/773-electric.png,not_individually_verified,not_individually_verified
dex:form:silvallyfairy,773,银伴战兽 · 妖精属性,type_form,https://raw.githubusercontent.com/PokeAPI/sprites/1dce80ceb372675e9fc7e9f101b71845ef587de2/sprites/pokemon/773-fairy.png,https://raw.githubusercontent.com/PokeAPI/sprites/1dce80ceb372675e9fc7e9f101b71845ef587de2/sprites/pokemon/back/773-fairy.png,not_individually_verified,not_individually_verified
dex:form:silvallyfighting,773,银伴战兽 · 格斗属性,type_form,https://raw.githubusercontent.com/PokeAPI/sprites/1dce80ceb372675e9fc7e9f101b71845ef587de2/sprites/pokemon/773-fighting.png,https://raw.githubusercontent.com/PokeAPI/sprites/1dce80ceb372675e9fc7e9f101b71845ef587de2/sprites/pokemon/back/773-fighting.png,not_individually_verified,not_individually_verified
dex:form:silvallyfire,773,银伴战兽 · 火属性,type_form,https://raw.githubusercontent.com/PokeAPI/sprites/1dce80ceb372675e9fc7e9f101b71845ef587de2/sprites/pokemon/773-fire.png,https://raw.githubusercontent.com/PokeAPI/sprites/1dce80ceb372675e9fc7e9f101b71845ef587de2/sprites/pokemon/back/773-fire.png,not_individually_verified,not_individually_verified
dex:form:silvallyflying,773,银伴战兽 · 飞行属性,type_form,https://raw.githubusercontent.com/PokeAPI/sprites/1dce80ceb372675e9fc7e9f101b71845ef587de2/sprites/pokemon/773-flying.png,https://raw.githubusercontent.com/PokeAPI/sprites/1dce80ceb372675e9fc7e9f101b71845ef587de2/sprites/pokemon/back/773-flying.png,not_individually_verified,not_individually_verified
dex:form:silvallyghost,773,银伴战兽 · 幽灵属性,type_form,https://raw.githubusercontent.com/PokeAPI/sprites/1dce80ceb372675e9fc7e9f101b71845ef587de2/sprites/pokemon/773-ghost.png,https://raw.githubusercontent.com/PokeAPI/sprites/1dce80ceb372675e9fc7e9f101b71845ef587de2/sprites/pokemon/back/773-ghost.png,not_individually_verified,not_individually_verified
dex:form:silvallygrass,773,银伴战兽 · 草属性,type_form,https://raw.githubusercontent.com/PokeAPI/sprites/1dce80ceb372675e9fc7e9f101b71845ef587de2/sprites/pokemon/773-grass.png,https://raw.githubusercontent.com/PokeAPI/sprites/1dce80ceb372675e9fc7e9f101b71845ef587de2/sprites/pokemon/back/773-grass.png,not_individually_verified,not_individually_verified
dex:form:silvallyground,773,银伴战兽 · 地面属性,type_form,https://raw.githubusercontent.com/PokeAPI/sprites/1dce80ceb372675e9fc7e9f101b71845ef587de2/sprites/pokemon/773-ground.png,https://raw.githubusercontent.com/PokeAPI/sprites/1dce80ceb372675e9fc7e9f101b71845ef587de2/sprites/pokemon/back/773-ground.png,not_individually_verified,not_individually_verified
dex:form:silvallyice,773,银伴战兽 · 冰属性,type_form,https://raw.githubusercontent.com/PokeAPI/sprites/1dce80ceb372675e9fc7e9f101b71845ef587de2/sprites/pokemon/773-ice.png,https://raw.githubusercontent.com/PokeAPI/sprites/1dce80ceb372675e9fc7e9f101b71845ef587de2/sprites/pokemon/back/773-ice.png,not_individually_verified,not_individually_verified
dex:form:silvallypoison,773,银伴战兽 · 毒属性,type_form,https://raw.githubusercontent.com/PokeAPI/sprites/1dce80ceb372675e9fc7e9f101b71845ef587de2/sprites/pokemon/773-poison.png,https://raw.githubusercontent.com/PokeAPI/sprites/1dce80ceb372675e9fc7e9f101b71845ef587de2/sprites/pokemon/back/773-poison.png,not_individually_verified,not_individually_verified
dex:form:silvallypsychic,773,银伴战兽 · 超能力属性,type_form,https://raw.githubusercontent.com/PokeAPI/sprites/1dce80ceb372675e9fc7e9f101b71845ef587de2/sprites/pokemon/773-psychic.png,https://raw.githubusercontent.com/PokeAPI/sprites/1dce80ceb372675e9fc7e9f101b71845ef587de2/sprites/pokemon/back/773-psychic.png,not_individually_verified,not_individually_verified
dex:form:silvallyrock,773,银伴战兽 · 岩石属性,type_form,https://raw.githubusercontent.com/PokeAPI/sprites/1dce80ceb372675e9fc7e9f101b71845ef587de2/sprites/pokemon/773-rock.png,https://raw.githubusercontent.com/PokeAPI/sprites/1dce80ceb372675e9fc7e9f101b71845ef587de2/sprites/pokemon/back/773-rock.png,not_individually_verified,not_individually_verified
dex:form:silvallysteel,773,银伴战兽 · 钢属性,type_form,https://raw.githubusercontent.com/PokeAPI/sprites/1dce80ceb372675e9fc7e9f101b71845ef587de2/sprites/pokemon/773-steel.png,https://raw.githubusercontent.com/PokeAPI/sprites/1dce80ceb372675e9fc7e9f101b71845ef587de2/sprites/pokemon/back/773-steel.png,not_individually_verified,not_individually_verified
dex:form:silvallywater,773,银伴战兽 · 水属性,type_form,https://raw.githubusercontent.com/PokeAPI/sprites/1dce80ceb372675e9fc7e9f101b71845ef587de2/sprites/pokemon/773-water.png,https://raw.githubusercontent.com/PokeAPI/sprites/1dce80ceb372675e9fc7e9f101b71845ef587de2/sprites/pokemon/back/773-water.png,not_individually_verified,not_individually_verified
dex:minior:base,774,小陨星 · 红色核心,base,https://raw.githubusercontent.com/PokeAPI/sprites/1dce80ceb372675e9fc7e9f101b71845ef587de2/sprites/pokemon/10136.png,https://raw.githubusercontent.com/PokeAPI/sprites/1dce80ceb372675e9fc7e9f101b71845ef587de2/sprites/pokemon/back/10136.png,not_individually_verified,not_individually_verified
dex:form:miniorblue,774,小陨星 · 蓝色核心,cosmetic,https://raw.githubusercontent.com/PokeAPI/sprites/1dce80ceb372675e9fc7e9f101b71845ef587de2/sprites/pokemon/10140.png,https://raw.githubusercontent.com/PokeAPI/sprites/1dce80ceb372675e9fc7e9f101b71845ef587de2/sprites/pokemon/back/10140.png,not_individually_verified,not_individually_verified
dex:form:miniorgreen,774,小陨星 · 绿色核心,cosmetic,https://raw.githubusercontent.com/PokeAPI/sprites/1dce80ceb372675e9fc7e9f101b71845ef587de2/sprites/pokemon/10139.png,https://raw.githubusercontent.com/PokeAPI/sprites/1dce80ceb372675e9fc7e9f101b71845ef587de2/sprites/pokemon/back/10139.png,not_individually_verified,not_individually_verified
dex:form:miniorindigo,774,小陨星 · 靛蓝色核心,cosmetic,https://raw.githubusercontent.com/PokeAPI/sprites/1dce80ceb372675e9fc7e9f101b71845ef587de2/sprites/pokemon/10141.png,https://raw.githubusercontent.com/PokeAPI/sprites/1dce80ceb372675e9fc7e9f101b71845ef587de2/sprites/pokemon/back/10141.png,not_individually_verified,not_individually_verified
dex:form:miniororange,774,小陨星 · 橙色核心,cosmetic,https://raw.githubusercontent.com/PokeAPI/sprites/1dce80ceb372675e9fc7e9f101b71845ef587de2/sprites/pokemon/10137.png,https://raw.githubusercontent.com/PokeAPI/sprites/1dce80ceb372675e9fc7e9f101b71845ef587de2/sprites/pokemon/back/10137.png,not_individually_verified,not_individually_verified
dex:form:miniorviolet,774,小陨星 · 紫色核心,cosmetic,https://raw.githubusercontent.com/PokeAPI/sprites/1dce80ceb372675e9fc7e9f101b71845ef587de2/sprites/pokemon/10142.png,https://raw.githubusercontent.com/PokeAPI/sprites/1dce80ceb372675e9fc7e9f101b71845ef587de2/sprites/pokemon/back/10142.png,not_individually_verified,not_individually_verified
dex:form:minioryellow,774,小陨星 · 黄色核心,cosmetic,https://raw.githubusercontent.com/PokeAPI/sprites/1dce80ceb372675e9fc7e9f101b71845ef587de2/sprites/pokemon/10138.png,https://raw.githubusercontent.com/PokeAPI/sprites/1dce80ceb372675e9fc7e9f101b71845ef587de2/sprites/pokemon/back/10138.png,not_individually_verified,not_individually_verified
dex:appearance:minior-blue-meteor,774,小陨星 · 蓝色流星形态,battle_state,https://raw.githubusercontent.com/PokeAPI/sprites/1dce80ceb372675e9fc7e9f101b71845ef587de2/sprites/pokemon/10133.png,https://raw.githubusercontent.com/PokeAPI/sprites/1dce80ceb372675e9fc7e9f101b71845ef587de2/sprites/pokemon/back/10133.png,not_individually_verified,not_individually_verified
dex:appearance:minior-green-meteor,774,小陨星 · 绿色流星形态,battle_state,https://raw.githubusercontent.com/PokeAPI/sprites/1dce80ceb372675e9fc7e9f101b71845ef587de2/sprites/pokemon/10132.png,https://raw.githubusercontent.com/PokeAPI/sprites/1dce80ceb372675e9fc7e9f101b71845ef587de2/sprites/pokemon/back/10132.png,not_individually_verified,not_individually_verified
dex:appearance:minior-indigo-meteor,774,小陨星 · 靛蓝色流星形态,battle_state,https://raw.githubusercontent.com/PokeAPI/sprites/1dce80ceb372675e9fc7e9f101b71845ef587de2/sprites/pokemon/10134.png,https://raw.githubusercontent.com/PokeAPI/sprites/1dce80ceb372675e9fc7e9f101b71845ef587de2/sprites/pokemon/back/10134.png,not_individually_verified,not_individually_verified
dex:appearance:minior-orange-meteor,774,小陨星 · 橙色流星形态,battle_state,https://raw.githubusercontent.com/PokeAPI/sprites/1dce80ceb372675e9fc7e9f101b71845ef587de2/sprites/pokemon/10130.png,https://raw.githubusercontent.com/PokeAPI/sprites/1dce80ceb372675e9fc7e9f101b71845ef587de2/sprites/pokemon/back/10130.png,not_individually_verified,not_individually_verified
dex:appearance:minior-violet-meteor,774,小陨星 · 紫色流星形态,battle_state,https://raw.githubusercontent.com/PokeAPI/sprites/1dce80ceb372675e9fc7e9f101b71845ef587de2/sprites/pokemon/10135.png,https://raw.githubusercontent.com/PokeAPI/sprites/1dce80ceb372675e9fc7e9f101b71845ef587de2/sprites/pokemon/back/10135.png,not_individually_verified,not_individually_verified
dex:appearance:minior-yellow-meteor,774,小陨星 · 黄色流星形态,battle_state,https://raw.githubusercontent.com/PokeAPI/sprites/1dce80ceb372675e9fc7e9f101b71845ef587de2/sprites/pokemon/10131.png,https://raw.githubusercontent.com/PokeAPI/sprites/1dce80ceb372675e9fc7e9f101b71845ef587de2/sprites/pokemon/back/10131.png,not_individually_verified,not_individually_verified
dex:form:miniormeteor,774,小陨星 · 红色流星形态,battle_state,https://raw.githubusercontent.com/PokeAPI/sprites/1dce80ceb372675e9fc7e9f101b71845ef587de2/sprites/pokemon/774.png,https://raw.githubusercontent.com/PokeAPI/sprites/1dce80ceb372675e9fc7e9f101b71845ef587de2/sprites/pokemon/back/774.png,not_individually_verified,not_individually_verified
dex:komala:base,775,树枕尾熊,base,https://raw.githubusercontent.com/PokeAPI/sprites/1dce80ceb372675e9fc7e9f101b71845ef587de2/sprites/pokemon/775.png,https://raw.githubusercontent.com/PokeAPI/sprites/1dce80ceb372675e9fc7e9f101b71845ef587de2/sprites/pokemon/back/775.png,not_individually_verified,not_individually_verified
dex:turtonator:base,776,爆焰龟兽,base,https://raw.githubusercontent.com/PokeAPI/sprites/1dce80ceb372675e9fc7e9f101b71845ef587de2/sprites/pokemon/776.png,https://raw.githubusercontent.com/PokeAPI/sprites/1dce80ceb372675e9fc7e9f101b71845ef587de2/sprites/pokemon/back/776.png,not_individually_verified,not_individually_verified
dex:turtonator:base:dynamax,776,爆焰龟兽 · 极巨化,dynamax,https://raw.githubusercontent.com/PokeAPI/sprites/1dce80ceb372675e9fc7e9f101b71845ef587de2/sprites/pokemon/776.png,https://raw.githubusercontent.com/PokeAPI/sprites/1dce80ceb372675e9fc7e9f101b71845ef587de2/sprites/pokemon/back/776.png,not_individually_verified,not_individually_verified
dex:togedemaru:base,777,托戈德玛尔,base,https://raw.githubusercontent.com/PokeAPI/sprites/1dce80ceb372675e9fc7e9f101b71845ef587de2/sprites/pokemon/777.png,https://raw.githubusercontent.com/PokeAPI/sprites/1dce80ceb372675e9fc7e9f101b71845ef587de2/sprites/pokemon/back/777.png,not_individually_verified,not_individually_verified
dex:togedemaru:base:dynamax,777,托戈德玛尔 · 极巨化,dynamax,https://raw.githubusercontent.com/PokeAPI/sprites/1dce80ceb372675e9fc7e9f101b71845ef587de2/sprites/pokemon/777.png,https://raw.githubusercontent.com/PokeAPI/sprites/1dce80ceb372675e9fc7e9f101b71845ef587de2/sprites/pokemon/back/777.png,not_individually_verified,not_individually_verified
dex:form:togedemarutotem,777,托戈德玛尔 · 霸主,size_form,https://raw.githubusercontent.com/PokeAPI/sprites/1dce80ceb372675e9fc7e9f101b71845ef587de2/sprites/pokemon/10154.png,https://raw.githubusercontent.com/PokeAPI/sprites/1dce80ceb372675e9fc7e9f101b71845ef587de2/sprites/pokemon/back/10154.png,not_individually_verified,not_individually_verified
dex:mimikyu:base,778,谜拟丘,base,https://raw.githubusercontent.com/PokeAPI/sprites/1dce80ceb372675e9fc7e9f101b71845ef587de2/sprites/pokemon/778.png,https://raw.githubusercontent.com/PokeAPI/sprites/1dce80ceb372675e9fc7e9f101b71845ef587de2/sprites/pokemon/back/778.png,not_individually_verified,not_individually_verified
dex:mimikyu:base:dynamax,778,谜拟丘 · 极巨化,dynamax,https://raw.githubusercontent.com/PokeAPI/sprites/1dce80ceb372675e9fc7e9f101b71845ef587de2/sprites/pokemon/778.png,https://raw.githubusercontent.com/PokeAPI/sprites/1dce80ceb372675e9fc7e9f101b71845ef587de2/sprites/pokemon/back/778.png,not_individually_verified,not_individually_verified
dex:form:mimikyubusted,778,谜拟丘 · 现形的样子,battle_state,https://raw.githubusercontent.com/PokeAPI/sprites/1dce80ceb372675e9fc7e9f101b71845ef587de2/sprites/pokemon/10143.png,https://raw.githubusercontent.com/PokeAPI/sprites/1dce80ceb372675e9fc7e9f101b71845ef587de2/sprites/pokemon/back/10143.png,not_individually_verified,not_individually_verified
dex:form:mimikyubustedtotem,778,谜拟丘 · 现形霸主,size_form,https://raw.githubusercontent.com/PokeAPI/sprites/1dce80ceb372675e9fc7e9f101b71845ef587de2/sprites/pokemon/10145.png,https://raw.githubusercontent.com/PokeAPI/sprites/1dce80ceb372675e9fc7e9f101b71845ef587de2/sprites/pokemon/back/10145.png,not_individually_verified,not_individually_verified
dex:form:mimikyutotem,778,谜拟丘 · 霸主,size_form,https://raw.githubusercontent.com/PokeAPI/sprites/1dce80ceb372675e9fc7e9f101b71845ef587de2/sprites/pokemon/10144.png,https://raw.githubusercontent.com/PokeAPI/sprites/1dce80ceb372675e9fc7e9f101b71845ef587de2/sprites/pokemon/back/10144.png,not_individually_verified,not_individually_verified
dex:bruxish:base,779,磨牙彩皮鱼,base,https://raw.githubusercontent.com/PokeAPI/sprites/1dce80ceb372675e9fc7e9f101b71845ef587de2/sprites/pokemon/779.png,https://raw.githubusercontent.com/PokeAPI/sprites/1dce80ceb372675e9fc7e9f101b71845ef587de2/sprites/pokemon/back/779.png,not_individually_verified,not_individually_verified
dex:drampa:base,780,老翁龙,base,https://raw.githubusercontent.com/PokeAPI/sprites/1dce80ceb372675e9fc7e9f101b71845ef587de2/sprites/pokemon/780.png,https://raw.githubusercontent.com/PokeAPI/sprites/1dce80ceb372675e9fc7e9f101b71845ef587de2/sprites/pokemon/back/780.png,not_individually_verified,not_individually_verified
dex:form:drampamega,780,老翁龙 · 超级进化,mega,https://raw.githubusercontent.com/PokeAPI/sprites/1dce80ceb372675e9fc7e9f101b71845ef587de2/sprites/pokemon/10302.png,https://raw.githubusercontent.com/PokeAPI/sprites/1dce80ceb372675e9fc7e9f101b71845ef587de2/sprites/pokemon/back/10302.png,not_individually_verified,not_individually_verified
dex:drampa:base:dynamax,780,老翁龙 · 极巨化,dynamax,https://raw.githubusercontent.com/PokeAPI/sprites/1dce80ceb372675e9fc7e9f101b71845ef587de2/sprites/pokemon/780.png,https://raw.githubusercontent.com/PokeAPI/sprites/1dce80ceb372675e9fc7e9f101b71845ef587de2/sprites/pokemon/back/780.png,not_individually_verified,not_individually_verified
dex:dhelmise:base,781,破破舵轮,base,https://raw.githubusercontent.com/PokeAPI/sprites/1dce80ceb372675e9fc7e9f101b71845ef587de2/sprites/pokemon/781.png,https://raw.githubusercontent.com/PokeAPI/sprites/1dce80ceb372675e9fc7e9f101b71845ef587de2/sprites/pokemon/back/781.png,not_individually_verified,not_individually_verified
dex:dhelmise:base:dynamax,781,破破舵轮 · 极巨化,dynamax,https://raw.githubusercontent.com/PokeAPI/sprites/1dce80ceb372675e9fc7e9f101b71845ef587de2/sprites/pokemon/781.png,https://raw.githubusercontent.com/PokeAPI/sprites/1dce80ceb372675e9fc7e9f101b71845ef587de2/sprites/pokemon/back/781.png,not_individually_verified,not_individually_verified
dex:jangmoo:base,782,心鳞宝,base,https://raw.githubusercontent.com/PokeAPI/sprites/1dce80ceb372675e9fc7e9f101b71845ef587de2/sprites/pokemon/782.png,https://raw.githubusercontent.com/PokeAPI/sprites/1dce80ceb372675e9fc7e9f101b71845ef587de2/sprites/pokemon/back/782.png,not_individually_verified,not_individually_verified
dex:jangmoo:base:dynamax,782,心鳞宝 · 极巨化,dynamax,https://raw.githubusercontent.com/PokeAPI/sprites/1dce80ceb372675e9fc7e9f101b71845ef587de2/sprites/pokemon/782.png,https://raw.githubusercontent.com/PokeAPI/sprites/1dce80ceb372675e9fc7e9f101b71845ef587de2/sprites/pokemon/back/782.png,not_individually_verified,not_individually_verified
dex:hakamoo:base,783,鳞甲龙,base,https://raw.githubusercontent.com/PokeAPI/sprites/1dce80ceb372675e9fc7e9f101b71845ef587de2/sprites/pokemon/783.png,https://raw.githubusercontent.com/PokeAPI/sprites/1dce80ceb372675e9fc7e9f101b71845ef587de2/sprites/pokemon/back/783.png,not_individually_verified,not_individually_verified
dex:hakamoo:base:dynamax,783,鳞甲龙 · 极巨化,dynamax,https://raw.githubusercontent.com/PokeAPI/sprites/1dce80ceb372675e9fc7e9f101b71845ef587de2/sprites/pokemon/783.png,https://raw.githubusercontent.com/PokeAPI/sprites/1dce80ceb372675e9fc7e9f101b71845ef587de2/sprites/pokemon/back/783.png,not_individually_verified,not_individually_verified
dex:kommoo:base,784,杖尾鳞甲龙,base,https://raw.githubusercontent.com/PokeAPI/sprites/1dce80ceb372675e9fc7e9f101b71845ef587de2/sprites/pokemon/784.png,https://raw.githubusercontent.com/PokeAPI/sprites/1dce80ceb372675e9fc7e9f101b71845ef587de2/sprites/pokemon/back/784.png,not_individually_verified,not_individually_verified
dex:kommoo:base:dynamax,784,杖尾鳞甲龙 · 极巨化,dynamax,https://raw.githubusercontent.com/PokeAPI/sprites/1dce80ceb372675e9fc7e9f101b71845ef587de2/sprites/pokemon/784.png,https://raw.githubusercontent.com/PokeAPI/sprites/1dce80ceb372675e9fc7e9f101b71845ef587de2/sprites/pokemon/back/784.png,not_individually_verified,not_individually_verified
dex:form:kommoototem,784,杖尾鳞甲龙 · 霸主,size_form,https://raw.githubusercontent.com/PokeAPI/sprites/1dce80ceb372675e9fc7e9f101b71845ef587de2/sprites/pokemon/10146.png,https://raw.githubusercontent.com/PokeAPI/sprites/1dce80ceb372675e9fc7e9f101b71845ef587de2/sprites/pokemon/back/10146.png,not_individually_verified,not_individually_verified
dex:tapukoko:base,785,卡璞・鸣鸣,base,https://raw.githubusercontent.com/PokeAPI/sprites/1dce80ceb372675e9fc7e9f101b71845ef587de2/sprites/pokemon/785.png,https://raw.githubusercontent.com/PokeAPI/sprites/1dce80ceb372675e9fc7e9f101b71845ef587de2/sprites/pokemon/back/785.png,not_individually_verified,not_individually_verified
dex:tapukoko:base:dynamax,785,卡璞・鸣鸣 · 极巨化,dynamax,https://raw.githubusercontent.com/PokeAPI/sprites/1dce80ceb372675e9fc7e9f101b71845ef587de2/sprites/pokemon/785.png,https://raw.githubusercontent.com/PokeAPI/sprites/1dce80ceb372675e9fc7e9f101b71845ef587de2/sprites/pokemon/back/785.png,not_individually_verified,not_individually_verified
dex:tapulele:base,786,卡璞・蝶蝶,base,https://raw.githubusercontent.com/PokeAPI/sprites/1dce80ceb372675e9fc7e9f101b71845ef587de2/sprites/pokemon/786.png,https://raw.githubusercontent.com/PokeAPI/sprites/1dce80ceb372675e9fc7e9f101b71845ef587de2/sprites/pokemon/back/786.png,not_individually_verified,not_individually_verified
dex:tapulele:base:dynamax,786,卡璞・蝶蝶 · 极巨化,dynamax,https://raw.githubusercontent.com/PokeAPI/sprites/1dce80ceb372675e9fc7e9f101b71845ef587de2/sprites/pokemon/786.png,https://raw.githubusercontent.com/PokeAPI/sprites/1dce80ceb372675e9fc7e9f101b71845ef587de2/sprites/pokemon/back/786.png,not_individually_verified,not_individually_verified
dex:tapubulu:base,787,卡璞・哞哞,base,https://raw.githubusercontent.com/PokeAPI/sprites/1dce80ceb372675e9fc7e9f101b71845ef587de2/sprites/pokemon/787.png,https://raw.githubusercontent.com/PokeAPI/sprites/1dce80ceb372675e9fc7e9f101b71845ef587de2/sprites/pokemon/back/787.png,not_individually_verified,not_individually_verified
dex:tapubulu:base:dynamax,787,卡璞・哞哞 · 极巨化,dynamax,https://raw.githubusercontent.com/PokeAPI/sprites/1dce80ceb372675e9fc7e9f101b71845ef587de2/sprites/pokemon/787.png,https://raw.githubusercontent.com/PokeAPI/sprites/1dce80ceb372675e9fc7e9f101b71845ef587de2/sprites/pokemon/back/787.png,not_individually_verified,not_individually_verified
dex:tapufini:base,788,卡璞・鳍鳍,base,https://raw.githubusercontent.com/PokeAPI/sprites/1dce80ceb372675e9fc7e9f101b71845ef587de2/sprites/pokemon/788.png,https://raw.githubusercontent.com/PokeAPI/sprites/1dce80ceb372675e9fc7e9f101b71845ef587de2/sprites/pokemon/back/788.png,not_individually_verified,not_individually_verified
dex:tapufini:base:dynamax,788,卡璞・鳍鳍 · 极巨化,dynamax,https://raw.githubusercontent.com/PokeAPI/sprites/1dce80ceb372675e9fc7e9f101b71845ef587de2/sprites/pokemon/788.png,https://raw.githubusercontent.com/PokeAPI/sprites/1dce80ceb372675e9fc7e9f101b71845ef587de2/sprites/pokemon/back/788.png,not_individually_verified,not_individually_verified
dex:cosmog:base,789,科斯莫古,base,https://raw.githubusercontent.com/PokeAPI/sprites/1dce80ceb372675e9fc7e9f101b71845ef587de2/sprites/pokemon/789.png,https://raw.githubusercontent.com/PokeAPI/sprites/1dce80ceb372675e9fc7e9f101b71845ef587de2/sprites/pokemon/back/789.png,not_individually_verified,not_individually_verified
dex:cosmog:base:dynamax,789,科斯莫古 · 极巨化,dynamax,https://raw.githubusercontent.com/PokeAPI/sprites/1dce80ceb372675e9fc7e9f101b71845ef587de2/sprites/pokemon/789.png,https://raw.githubusercontent.com/PokeAPI/sprites/1dce80ceb372675e9fc7e9f101b71845ef587de2/sprites/pokemon/back/789.png,not_individually_verified,not_individually_verified
dex:cosmoem:base,790,科斯莫姆,base,https://raw.githubusercontent.com/PokeAPI/sprites/1dce80ceb372675e9fc7e9f101b71845ef587de2/sprites/pokemon/790.png,https://raw.githubusercontent.com/PokeAPI/sprites/1dce80ceb372675e9fc7e9f101b71845ef587de2/sprites/pokemon/back/790.png,not_individually_verified,not_individually_verified
dex:cosmoem:base:dynamax,790,科斯莫姆 · 极巨化,dynamax,https://raw.githubusercontent.com/PokeAPI/sprites/1dce80ceb372675e9fc7e9f101b71845ef587de2/sprites/pokemon/790.png,https://raw.githubusercontent.com/PokeAPI/sprites/1dce80ceb372675e9fc7e9f101b71845ef587de2/sprites/pokemon/back/790.png,not_individually_verified,not_individually_verified
dex:solgaleo:base,791,索尔迦雷欧,base,https://raw.githubusercontent.com/PokeAPI/sprites/1dce80ceb372675e9fc7e9f101b71845ef587de2/sprites/pokemon/791.png,https://raw.githubusercontent.com/PokeAPI/sprites/1dce80ceb372675e9fc7e9f101b71845ef587de2/sprites/pokemon/back/791.png,not_individually_verified,not_individually_verified
dex:solgaleo:base:dynamax,791,索尔迦雷欧 · 极巨化,dynamax,https://raw.githubusercontent.com/PokeAPI/sprites/1dce80ceb372675e9fc7e9f101b71845ef587de2/sprites/pokemon/791.png,https://raw.githubusercontent.com/PokeAPI/sprites/1dce80ceb372675e9fc7e9f101b71845ef587de2/sprites/pokemon/back/791.png,not_individually_verified,not_individually_verified
dex:lunala:base,792,露奈雅拉,base,https://raw.githubusercontent.com/PokeAPI/sprites/1dce80ceb372675e9fc7e9f101b71845ef587de2/sprites/pokemon/792.png,https://raw.githubusercontent.com/PokeAPI/sprites/1dce80ceb372675e9fc7e9f101b71845ef587de2/sprites/pokemon/back/792.png,not_individually_verified,not_individually_verified
dex:lunala:base:dynamax,792,露奈雅拉 · 极巨化,dynamax,https://raw.githubusercontent.com/PokeAPI/sprites/1dce80ceb372675e9fc7e9f101b71845ef587de2/sprites/pokemon/792.png,https://raw.githubusercontent.com/PokeAPI/sprites/1dce80ceb372675e9fc7e9f101b71845ef587de2/sprites/pokemon/back/792.png,not_individually_verified,not_individually_verified
dex:nihilego:base,793,虚吾伊德,base,https://raw.githubusercontent.com/PokeAPI/sprites/1dce80ceb372675e9fc7e9f101b71845ef587de2/sprites/pokemon/793.png,https://raw.githubusercontent.com/PokeAPI/sprites/1dce80ceb372675e9fc7e9f101b71845ef587de2/sprites/pokemon/back/793.png,not_individually_verified,not_individually_verified
dex:nihilego:base:dynamax,793,虚吾伊德 · 极巨化,dynamax,https://raw.githubusercontent.com/PokeAPI/sprites/1dce80ceb372675e9fc7e9f101b71845ef587de2/sprites/pokemon/793.png,https://raw.githubusercontent.com/PokeAPI/sprites/1dce80ceb372675e9fc7e9f101b71845ef587de2/sprites/pokemon/back/793.png,not_individually_verified,not_individually_verified
dex:buzzwole:base,794,爆肌蚊,base,https://raw.githubusercontent.com/PokeAPI/sprites/1dce80ceb372675e9fc7e9f101b71845ef587de2/sprites/pokemon/794.png,https://raw.githubusercontent.com/PokeAPI/sprites/1dce80ceb372675e9fc7e9f101b71845ef587de2/sprites/pokemon/back/794.png,not_individually_verified,not_individually_verified
dex:buzzwole:base:dynamax,794,爆肌蚊 · 极巨化,dynamax,https://raw.githubusercontent.com/PokeAPI/sprites/1dce80ceb372675e9fc7e9f101b71845ef587de2/sprites/pokemon/794.png,https://raw.githubusercontent.com/PokeAPI/sprites/1dce80ceb372675e9fc7e9f101b71845ef587de2/sprites/pokemon/back/794.png,not_individually_verified,not_individually_verified
dex:pheromosa:base,795,费洛美螂,base,https://raw.githubusercontent.com/PokeAPI/sprites/1dce80ceb372675e9fc7e9f101b71845ef587de2/sprites/pokemon/795.png,https://raw.githubusercontent.com/PokeAPI/sprites/1dce80ceb372675e9fc7e9f101b71845ef587de2/sprites/pokemon/back/795.png,not_individually_verified,not_individually_verified
dex:pheromosa:base:dynamax,795,费洛美螂 · 极巨化,dynamax,https://raw.githubusercontent.com/PokeAPI/sprites/1dce80ceb372675e9fc7e9f101b71845ef587de2/sprites/pokemon/795.png,https://raw.githubusercontent.com/PokeAPI/sprites/1dce80ceb372675e9fc7e9f101b71845ef587de2/sprites/pokemon/back/795.png,not_individually_verified,not_individually_verified
dex:xurkitree:base,796,电束木,base,https://raw.githubusercontent.com/PokeAPI/sprites/1dce80ceb372675e9fc7e9f101b71845ef587de2/sprites/pokemon/796.png,https://raw.githubusercontent.com/PokeAPI/sprites/1dce80ceb372675e9fc7e9f101b71845ef587de2/sprites/pokemon/back/796.png,not_individually_verified,not_individually_verified
dex:xurkitree:base:dynamax,796,电束木 · 极巨化,dynamax,https://raw.githubusercontent.com/PokeAPI/sprites/1dce80ceb372675e9fc7e9f101b71845ef587de2/sprites/pokemon/796.png,https://raw.githubusercontent.com/PokeAPI/sprites/1dce80ceb372675e9fc7e9f101b71845ef587de2/sprites/pokemon/back/796.png,not_individually_verified,not_individually_verified
dex:celesteela:base,797,铁火辉夜,base,https://raw.githubusercontent.com/PokeAPI/sprites/1dce80ceb372675e9fc7e9f101b71845ef587de2/sprites/pokemon/797.png,https://raw.githubusercontent.com/PokeAPI/sprites/1dce80ceb372675e9fc7e9f101b71845ef587de2/sprites/pokemon/back/797.png,not_individually_verified,not_individually_verified
dex:celesteela:base:dynamax,797,铁火辉夜 · 极巨化,dynamax,https://raw.githubusercontent.com/PokeAPI/sprites/1dce80ceb372675e9fc7e9f101b71845ef587de2/sprites/pokemon/797.png,https://raw.githubusercontent.com/PokeAPI/sprites/1dce80ceb372675e9fc7e9f101b71845ef587de2/sprites/pokemon/back/797.png,not_individually_verified,not_individually_verified
dex:kartana:base,798,纸御剑,base,https://raw.githubusercontent.com/PokeAPI/sprites/1dce80ceb372675e9fc7e9f101b71845ef587de2/sprites/pokemon/798.png,https://raw.githubusercontent.com/PokeAPI/sprites/1dce80ceb372675e9fc7e9f101b71845ef587de2/sprites/pokemon/back/798.png,not_individually_verified,not_individually_verified
dex:kartana:base:dynamax,798,纸御剑 · 极巨化,dynamax,https://raw.githubusercontent.com/PokeAPI/sprites/1dce80ceb372675e9fc7e9f101b71845ef587de2/sprites/pokemon/798.png,https://raw.githubusercontent.com/PokeAPI/sprites/1dce80ceb372675e9fc7e9f101b71845ef587de2/sprites/pokemon/back/798.png,not_individually_verified,not_individually_verified
dex:guzzlord:base,799,恶食大王,base,https://raw.githubusercontent.com/PokeAPI/sprites/1dce80ceb372675e9fc7e9f101b71845ef587de2/sprites/pokemon/799.png,https://raw.githubusercontent.com/PokeAPI/sprites/1dce80ceb372675e9fc7e9f101b71845ef587de2/sprites/pokemon/back/799.png,not_individually_verified,not_individually_verified
dex:guzzlord:base:dynamax,799,恶食大王 · 极巨化,dynamax,https://raw.githubusercontent.com/PokeAPI/sprites/1dce80ceb372675e9fc7e9f101b71845ef587de2/sprites/pokemon/799.png,https://raw.githubusercontent.com/PokeAPI/sprites/1dce80ceb372675e9fc7e9f101b71845ef587de2/sprites/pokemon/back/799.png,not_individually_verified,not_individually_verified
dex:necrozma:base,800,奈克洛兹玛,base,https://raw.githubusercontent.com/PokeAPI/sprites/1dce80ceb372675e9fc7e9f101b71845ef587de2/sprites/pokemon/800.png,https://raw.githubusercontent.com/PokeAPI/sprites/1dce80ceb372675e9fc7e9f101b71845ef587de2/sprites/pokemon/back/800.png,not_individually_verified,not_individually_verified
dex:form:necrozmaultra,800,奈克洛兹玛 · 究极奈克洛兹玛,ultra_burst,https://raw.githubusercontent.com/PokeAPI/sprites/1dce80ceb372675e9fc7e9f101b71845ef587de2/sprites/pokemon/10157.png,https://raw.githubusercontent.com/PokeAPI/sprites/1dce80ceb372675e9fc7e9f101b71845ef587de2/sprites/pokemon/back/10157.png,not_individually_verified,not_individually_verified
dex:form:necrozmadawnwings:dynamax,800,奈克洛兹玛 · 拂晓之翼 · 极巨化,dynamax,https://raw.githubusercontent.com/PokeAPI/sprites/1dce80ceb372675e9fc7e9f101b71845ef587de2/sprites/pokemon/10156.png,https://raw.githubusercontent.com/PokeAPI/sprites/1dce80ceb372675e9fc7e9f101b71845ef587de2/sprites/pokemon/back/10156.png,not_individually_verified,not_individually_verified
dex:form:necrozmaduskmane:dynamax,800,奈克洛兹玛 · 黄昏之鬃 · 极巨化,dynamax,https://raw.githubusercontent.com/PokeAPI/sprites/1dce80ceb372675e9fc7e9f101b71845ef587de2/sprites/pokemon/10155.png,https://raw.githubusercontent.com/PokeAPI/sprites/1dce80ceb372675e9fc7e9f101b71845ef587de2/sprites/pokemon/back/10155.png,not_individually_verified,not_individually_verified
dex:necrozma:base:dynamax,800,奈克洛兹玛 · 极巨化,dynamax,https://raw.githubusercontent.com/PokeAPI/sprites/1dce80ceb372675e9fc7e9f101b71845ef587de2/sprites/pokemon/800.png,https://raw.githubusercontent.com/PokeAPI/sprites/1dce80ceb372675e9fc7e9f101b71845ef587de2/sprites/pokemon/back/800.png,not_individually_verified,not_individually_verified
dex:form:necrozmadawnwings,800,奈克洛兹玛 · 拂晓之翼,fusion,https://raw.githubusercontent.com/PokeAPI/sprites/1dce80ceb372675e9fc7e9f101b71845ef587de2/sprites/pokemon/10156.png,https://raw.githubusercontent.com/PokeAPI/sprites/1dce80ceb372675e9fc7e9f101b71845ef587de2/sprites/pokemon/back/10156.png,not_individually_verified,not_individually_verified
dex:form:necrozmaduskmane,800,奈克洛兹玛 · 黄昏之鬃,fusion,https://raw.githubusercontent.com/PokeAPI/sprites/1dce80ceb372675e9fc7e9f101b71845ef587de2/sprites/pokemon/10155.png,https://raw.githubusercontent.com/PokeAPI/sprites/1dce80ceb372675e9fc7e9f101b71845ef587de2/sprites/pokemon/back/10155.png,not_individually_verified,not_individually_verified
dex:magearna:base,801,玛机雅娜,base,https://raw.githubusercontent.com/PokeAPI/sprites/1dce80ceb372675e9fc7e9f101b71845ef587de2/sprites/pokemon/801.png,https://raw.githubusercontent.com/PokeAPI/sprites/1dce80ceb372675e9fc7e9f101b71845ef587de2/sprites/pokemon/back/801.png,not_individually_verified,not_individually_verified
dex:form:magearnamega,801,玛机雅娜 · 超级进化,mega,https://raw.githubusercontent.com/PokeAPI/sprites/1dce80ceb372675e9fc7e9f101b71845ef587de2/sprites/pokemon/10317.png,https://raw.githubusercontent.com/PokeAPI/sprites/1dce80ceb372675e9fc7e9f101b71845ef587de2/sprites/pokemon/back/10317.png,not_individually_verified,not_individually_verified
dex:form:magearnaoriginalmega,801,玛机雅娜 · 原始颜色超级进化,mega,https://raw.githubusercontent.com/PokeAPI/sprites/1dce80ceb372675e9fc7e9f101b71845ef587de2/sprites/pokemon/10318.png,https://raw.githubusercontent.com/PokeAPI/sprites/1dce80ceb372675e9fc7e9f101b71845ef587de2/sprites/pokemon/back/10318.png,not_individually_verified,not_individually_verified
dex:form:magearnaoriginal:dynamax,801,玛机雅娜 · ５００年前的颜色 · 极巨化,dynamax,https://raw.githubusercontent.com/PokeAPI/sprites/1dce80ceb372675e9fc7e9f101b71845ef587de2/sprites/pokemon/10147.png,https://raw.githubusercontent.com/PokeAPI/sprites/1dce80ceb372675e9fc7e9f101b71845ef587de2/sprites/pokemon/back/10147.png,not_individually_verified,not_individually_verified
dex:magearna:base:dynamax,801,玛机雅娜 · 极巨化,dynamax,https://raw.githubusercontent.com/PokeAPI/sprites/1dce80ceb372675e9fc7e9f101b71845ef587de2/sprites/pokemon/801.png,https://raw.githubusercontent.com/PokeAPI/sprites/1dce80ceb372675e9fc7e9f101b71845ef587de2/sprites/pokemon/back/801.png,not_individually_verified,not_individually_verified
dex:form:magearnaoriginal,801,玛机雅娜 · ５００年前的颜色,special_form,https://raw.githubusercontent.com/PokeAPI/sprites/1dce80ceb372675e9fc7e9f101b71845ef587de2/sprites/pokemon/10147.png,https://raw.githubusercontent.com/PokeAPI/sprites/1dce80ceb372675e9fc7e9f101b71845ef587de2/sprites/pokemon/back/10147.png,not_individually_verified,not_individually_verified
dex:marshadow:base,802,玛夏多,base,https://raw.githubusercontent.com/PokeAPI/sprites/1dce80ceb372675e9fc7e9f101b71845ef587de2/sprites/pokemon/802.png,https://raw.githubusercontent.com/PokeAPI/sprites/1dce80ceb372675e9fc7e9f101b71845ef587de2/sprites/pokemon/back/802.png,not_individually_verified,not_individually_verified
dex:marshadow:base:dynamax,802,玛夏多 · 极巨化,dynamax,https://raw.githubusercontent.com/PokeAPI/sprites/1dce80ceb372675e9fc7e9f101b71845ef587de2/sprites/pokemon/802.png,https://raw.githubusercontent.com/PokeAPI/sprites/1dce80ceb372675e9fc7e9f101b71845ef587de2/sprites/pokemon/back/802.png,not_individually_verified,not_individually_verified
dex:poipole:base,803,毒贝比,base,https://raw.githubusercontent.com/PokeAPI/sprites/1dce80ceb372675e9fc7e9f101b71845ef587de2/sprites/pokemon/803.png,https://raw.githubusercontent.com/PokeAPI/sprites/1dce80ceb372675e9fc7e9f101b71845ef587de2/sprites/pokemon/back/803.png,not_individually_verified,not_individually_verified
dex:poipole:base:dynamax,803,毒贝比 · 极巨化,dynamax,https://raw.githubusercontent.com/PokeAPI/sprites/1dce80ceb372675e9fc7e9f101b71845ef587de2/sprites/pokemon/803.png,https://raw.githubusercontent.com/PokeAPI/sprites/1dce80ceb372675e9fc7e9f101b71845ef587de2/sprites/pokemon/back/803.png,not_individually_verified,not_individually_verified
dex:naganadel:base,804,四颚针龙,base,https://raw.githubusercontent.com/PokeAPI/sprites/1dce80ceb372675e9fc7e9f101b71845ef587de2/sprites/pokemon/804.png,https://raw.githubusercontent.com/PokeAPI/sprites/1dce80ceb372675e9fc7e9f101b71845ef587de2/sprites/pokemon/back/804.png,not_individually_verified,not_individually_verified
dex:naganadel:base:dynamax,804,四颚针龙 · 极巨化,dynamax,https://raw.githubusercontent.com/PokeAPI/sprites/1dce80ceb372675e9fc7e9f101b71845ef587de2/sprites/pokemon/804.png,https://raw.githubusercontent.com/PokeAPI/sprites/1dce80ceb372675e9fc7e9f101b71845ef587de2/sprites/pokemon/back/804.png,not_individually_verified,not_individually_verified
dex:stakataka:base,805,垒磊石,base,https://raw.githubusercontent.com/PokeAPI/sprites/1dce80ceb372675e9fc7e9f101b71845ef587de2/sprites/pokemon/805.png,https://raw.githubusercontent.com/PokeAPI/sprites/1dce80ceb372675e9fc7e9f101b71845ef587de2/sprites/pokemon/back/805.png,not_individually_verified,not_individually_verified
dex:stakataka:base:dynamax,805,垒磊石 · 极巨化,dynamax,https://raw.githubusercontent.com/PokeAPI/sprites/1dce80ceb372675e9fc7e9f101b71845ef587de2/sprites/pokemon/805.png,https://raw.githubusercontent.com/PokeAPI/sprites/1dce80ceb372675e9fc7e9f101b71845ef587de2/sprites/pokemon/back/805.png,not_individually_verified,not_individually_verified
dex:blacephalon:base,806,砰头小丑,base,https://raw.githubusercontent.com/PokeAPI/sprites/1dce80ceb372675e9fc7e9f101b71845ef587de2/sprites/pokemon/806.png,https://raw.githubusercontent.com/PokeAPI/sprites/1dce80ceb372675e9fc7e9f101b71845ef587de2/sprites/pokemon/back/806.png,not_individually_verified,not_individually_verified
dex:blacephalon:base:dynamax,806,砰头小丑 · 极巨化,dynamax,https://raw.githubusercontent.com/PokeAPI/sprites/1dce80ceb372675e9fc7e9f101b71845ef587de2/sprites/pokemon/806.png,https://raw.githubusercontent.com/PokeAPI/sprites/1dce80ceb372675e9fc7e9f101b71845ef587de2/sprites/pokemon/back/806.png,not_individually_verified,not_individually_verified
dex:zeraora:base,807,捷拉奥拉,base,https://raw.githubusercontent.com/PokeAPI/sprites/1dce80ceb372675e9fc7e9f101b71845ef587de2/sprites/pokemon/807.png,https://raw.githubusercontent.com/PokeAPI/sprites/1dce80ceb372675e9fc7e9f101b71845ef587de2/sprites/pokemon/back/807.png,not_individually_verified,not_individually_verified
dex:form:zeraoramega,807,捷拉奥拉 · 超级进化,mega,https://raw.githubusercontent.com/PokeAPI/sprites/1dce80ceb372675e9fc7e9f101b71845ef587de2/sprites/pokemon/10319.png,https://raw.githubusercontent.com/PokeAPI/sprites/1dce80ceb372675e9fc7e9f101b71845ef587de2/sprites/pokemon/back/10319.png,not_individually_verified,not_individually_verified
dex:zeraora:base:dynamax,807,捷拉奥拉 · 极巨化,dynamax,https://raw.githubusercontent.com/PokeAPI/sprites/1dce80ceb372675e9fc7e9f101b71845ef587de2/sprites/pokemon/807.png,https://raw.githubusercontent.com/PokeAPI/sprites/1dce80ceb372675e9fc7e9f101b71845ef587de2/sprites/pokemon/back/807.png,not_individually_verified,not_individually_verified
dex:meltan:base,808,美录坦,base,https://raw.githubusercontent.com/PokeAPI/sprites/1dce80ceb372675e9fc7e9f101b71845ef587de2/sprites/pokemon/808.png,https://raw.githubusercontent.com/PokeAPI/sprites/1dce80ceb372675e9fc7e9f101b71845ef587de2/sprites/pokemon/back/808.png,not_individually_verified,not_individually_verified
dex:meltan:base:dynamax,808,美录坦 · 极巨化,dynamax,https://raw.githubusercontent.com/PokeAPI/sprites/1dce80ceb372675e9fc7e9f101b71845ef587de2/sprites/pokemon/808.png,https://raw.githubusercontent.com/PokeAPI/sprites/1dce80ceb372675e9fc7e9f101b71845ef587de2/sprites/pokemon/back/808.png,not_individually_verified,not_individually_verified
dex:melmetal:base,809,美录梅塔,base,https://raw.githubusercontent.com/PokeAPI/sprites/1dce80ceb372675e9fc7e9f101b71845ef587de2/sprites/pokemon/809.png,https://raw.githubusercontent.com/PokeAPI/sprites/1dce80ceb372675e9fc7e9f101b71845ef587de2/sprites/pokemon/back/809.png,not_individually_verified,not_individually_verified
dex:form:melmetalgmax,809,美录梅塔 · 超极巨化,gigantamax,https://raw.githubusercontent.com/PokeAPI/sprites/1dce80ceb372675e9fc7e9f101b71845ef587de2/sprites/pokemon/10208.png,https://raw.githubusercontent.com/PokeAPI/sprites/1dce80ceb372675e9fc7e9f101b71845ef587de2/sprites/pokemon/back/10208.png,not_individually_verified,not_individually_verified
dex:melmetal:base:dynamax,809,美录梅塔 · 极巨化,dynamax,https://raw.githubusercontent.com/PokeAPI/sprites/1dce80ceb372675e9fc7e9f101b71845ef587de2/sprites/pokemon/809.png,https://raw.githubusercontent.com/PokeAPI/sprites/1dce80ceb372675e9fc7e9f101b71845ef587de2/sprites/pokemon/back/809.png,not_individually_verified,not_individually_verified
dex:grookey:base,810,敲音猴,base,https://raw.githubusercontent.com/PokeAPI/sprites/1dce80ceb372675e9fc7e9f101b71845ef587de2/sprites/pokemon/810.png,https://raw.githubusercontent.com/PokeAPI/sprites/1dce80ceb372675e9fc7e9f101b71845ef587de2/sprites/pokemon/back/810.png,not_individually_verified,not_individually_verified
dex:grookey:base:dynamax,810,敲音猴 · 极巨化,dynamax,https://raw.githubusercontent.com/PokeAPI/sprites/1dce80ceb372675e9fc7e9f101b71845ef587de2/sprites/pokemon/810.png,https://raw.githubusercontent.com/PokeAPI/sprites/1dce80ceb372675e9fc7e9f101b71845ef587de2/sprites/pokemon/back/810.png,not_individually_verified,not_individually_verified
dex:thwackey:base,811,啪咚猴,base,https://raw.githubusercontent.com/PokeAPI/sprites/1dce80ceb372675e9fc7e9f101b71845ef587de2/sprites/pokemon/811.png,https://raw.githubusercontent.com/PokeAPI/sprites/1dce80ceb372675e9fc7e9f101b71845ef587de2/sprites/pokemon/back/811.png,not_individually_verified,not_individually_verified
dex:thwackey:base:dynamax,811,啪咚猴 · 极巨化,dynamax,https://raw.githubusercontent.com/PokeAPI/sprites/1dce80ceb372675e9fc7e9f101b71845ef587de2/sprites/pokemon/811.png,https://raw.githubusercontent.com/PokeAPI/sprites/1dce80ceb372675e9fc7e9f101b71845ef587de2/sprites/pokemon/back/811.png,not_individually_verified,not_individually_verified
dex:rillaboom:base,812,轰擂金刚猩,base,https://raw.githubusercontent.com/PokeAPI/sprites/1dce80ceb372675e9fc7e9f101b71845ef587de2/sprites/pokemon/812.png,https://raw.githubusercontent.com/PokeAPI/sprites/1dce80ceb372675e9fc7e9f101b71845ef587de2/sprites/pokemon/back/812.png,not_individually_verified,not_individually_verified
dex:form:rillaboomgmax,812,轰擂金刚猩 · 超极巨化,gigantamax,https://raw.githubusercontent.com/PokeAPI/sprites/1dce80ceb372675e9fc7e9f101b71845ef587de2/sprites/pokemon/10209.png,https://raw.githubusercontent.com/PokeAPI/sprites/1dce80ceb372675e9fc7e9f101b71845ef587de2/sprites/pokemon/back/10209.png,not_individually_verified,not_individually_verified
dex:rillaboom:base:dynamax,812,轰擂金刚猩 · 极巨化,dynamax,https://raw.githubusercontent.com/PokeAPI/sprites/1dce80ceb372675e9fc7e9f101b71845ef587de2/sprites/pokemon/812.png,https://raw.githubusercontent.com/PokeAPI/sprites/1dce80ceb372675e9fc7e9f101b71845ef587de2/sprites/pokemon/back/812.png,not_individually_verified,not_individually_verified
dex:scorbunny:base,813,炎兔儿,base,https://raw.githubusercontent.com/PokeAPI/sprites/1dce80ceb372675e9fc7e9f101b71845ef587de2/sprites/pokemon/813.png,https://raw.githubusercontent.com/PokeAPI/sprites/1dce80ceb372675e9fc7e9f101b71845ef587de2/sprites/pokemon/back/813.png,not_individually_verified,not_individually_verified
dex:scorbunny:base:dynamax,813,炎兔儿 · 极巨化,dynamax,https://raw.githubusercontent.com/PokeAPI/sprites/1dce80ceb372675e9fc7e9f101b71845ef587de2/sprites/pokemon/813.png,https://raw.githubusercontent.com/PokeAPI/sprites/1dce80ceb372675e9fc7e9f101b71845ef587de2/sprites/pokemon/back/813.png,not_individually_verified,not_individually_verified
dex:raboot:base,814,腾蹴小将,base,https://raw.githubusercontent.com/PokeAPI/sprites/1dce80ceb372675e9fc7e9f101b71845ef587de2/sprites/pokemon/814.png,https://raw.githubusercontent.com/PokeAPI/sprites/1dce80ceb372675e9fc7e9f101b71845ef587de2/sprites/pokemon/back/814.png,not_individually_verified,not_individually_verified
dex:raboot:base:dynamax,814,腾蹴小将 · 极巨化,dynamax,https://raw.githubusercontent.com/PokeAPI/sprites/1dce80ceb372675e9fc7e9f101b71845ef587de2/sprites/pokemon/814.png,https://raw.githubusercontent.com/PokeAPI/sprites/1dce80ceb372675e9fc7e9f101b71845ef587de2/sprites/pokemon/back/814.png,not_individually_verified,not_individually_verified
dex:cinderace:base,815,闪焰王牌,base,https://raw.githubusercontent.com/PokeAPI/sprites/1dce80ceb372675e9fc7e9f101b71845ef587de2/sprites/pokemon/815.png,https://raw.githubusercontent.com/PokeAPI/sprites/1dce80ceb372675e9fc7e9f101b71845ef587de2/sprites/pokemon/back/815.png,not_individually_verified,not_individually_verified
dex:form:cinderacegmax,815,闪焰王牌 · 超极巨化,gigantamax,https://raw.githubusercontent.com/PokeAPI/sprites/1dce80ceb372675e9fc7e9f101b71845ef587de2/sprites/pokemon/10210.png,https://raw.githubusercontent.com/PokeAPI/sprites/1dce80ceb372675e9fc7e9f101b71845ef587de2/sprites/pokemon/back/10210.png,not_individually_verified,not_individually_verified
dex:cinderace:base:dynamax,815,闪焰王牌 · 极巨化,dynamax,https://raw.githubusercontent.com/PokeAPI/sprites/1dce80ceb372675e9fc7e9f101b71845ef587de2/sprites/pokemon/815.png,https://raw.githubusercontent.com/PokeAPI/sprites/1dce80ceb372675e9fc7e9f101b71845ef587de2/sprites/pokemon/back/815.png,not_individually_verified,not_individually_verified
dex:sobble:base,816,泪眼蜥,base,https://raw.githubusercontent.com/PokeAPI/sprites/1dce80ceb372675e9fc7e9f101b71845ef587de2/sprites/pokemon/816.png,https://raw.githubusercontent.com/PokeAPI/sprites/1dce80ceb372675e9fc7e9f101b71845ef587de2/sprites/pokemon/back/816.png,not_individually_verified,not_individually_verified
dex:sobble:base:dynamax,816,泪眼蜥 · 极巨化,dynamax,https://raw.githubusercontent.com/PokeAPI/sprites/1dce80ceb372675e9fc7e9f101b71845ef587de2/sprites/pokemon/816.png,https://raw.githubusercontent.com/PokeAPI/sprites/1dce80ceb372675e9fc7e9f101b71845ef587de2/sprites/pokemon/back/816.png,not_individually_verified,not_individually_verified
dex:drizzile:base,817,变涩蜥,base,https://raw.githubusercontent.com/PokeAPI/sprites/1dce80ceb372675e9fc7e9f101b71845ef587de2/sprites/pokemon/817.png,https://raw.githubusercontent.com/PokeAPI/sprites/1dce80ceb372675e9fc7e9f101b71845ef587de2/sprites/pokemon/back/817.png,not_individually_verified,not_individually_verified
dex:drizzile:base:dynamax,817,变涩蜥 · 极巨化,dynamax,https://raw.githubusercontent.com/PokeAPI/sprites/1dce80ceb372675e9fc7e9f101b71845ef587de2/sprites/pokemon/817.png,https://raw.githubusercontent.com/PokeAPI/sprites/1dce80ceb372675e9fc7e9f101b71845ef587de2/sprites/pokemon/back/817.png,not_individually_verified,not_individually_verified
dex:inteleon:base,818,千面避役,base,https://raw.githubusercontent.com/PokeAPI/sprites/1dce80ceb372675e9fc7e9f101b71845ef587de2/sprites/pokemon/818.png,https://raw.githubusercontent.com/PokeAPI/sprites/1dce80ceb372675e9fc7e9f101b71845ef587de2/sprites/pokemon/back/818.png,not_individually_verified,not_individually_verified
dex:form:inteleongmax,818,千面避役 · 超极巨化,gigantamax,https://raw.githubusercontent.com/PokeAPI/sprites/1dce80ceb372675e9fc7e9f101b71845ef587de2/sprites/pokemon/10211.png,https://raw.githubusercontent.com/PokeAPI/sprites/1dce80ceb372675e9fc7e9f101b71845ef587de2/sprites/pokemon/back/10211.png,not_individually_verified,not_individually_verified
dex:inteleon:base:dynamax,818,千面避役 · 极巨化,dynamax,https://raw.githubusercontent.com/PokeAPI/sprites/1dce80ceb372675e9fc7e9f101b71845ef587de2/sprites/pokemon/818.png,https://raw.githubusercontent.com/PokeAPI/sprites/1dce80ceb372675e9fc7e9f101b71845ef587de2/sprites/pokemon/back/818.png,not_individually_verified,not_individually_verified
dex:skwovet:base,819,贪心栗鼠,base,https://raw.githubusercontent.com/PokeAPI/sprites/1dce80ceb372675e9fc7e9f101b71845ef587de2/sprites/pokemon/819.png,https://raw.githubusercontent.com/PokeAPI/sprites/1dce80ceb372675e9fc7e9f101b71845ef587de2/sprites/pokemon/back/819.png,not_individually_verified,not_individually_verified
dex:skwovet:base:dynamax,819,贪心栗鼠 · 极巨化,dynamax,https://raw.githubusercontent.com/PokeAPI/sprites/1dce80ceb372675e9fc7e9f101b71845ef587de2/sprites/pokemon/819.png,https://raw.githubusercontent.com/PokeAPI/sprites/1dce80ceb372675e9fc7e9f101b71845ef587de2/sprites/pokemon/back/819.png,not_individually_verified,not_individually_verified
dex:greedent:base,820,藏饱栗鼠,base,https://raw.githubusercontent.com/PokeAPI/sprites/1dce80ceb372675e9fc7e9f101b71845ef587de2/sprites/pokemon/820.png,https://raw.githubusercontent.com/PokeAPI/sprites/1dce80ceb372675e9fc7e9f101b71845ef587de2/sprites/pokemon/back/820.png,not_individually_verified,not_individually_verified
dex:greedent:base:dynamax,820,藏饱栗鼠 · 极巨化,dynamax,https://raw.githubusercontent.com/PokeAPI/sprites/1dce80ceb372675e9fc7e9f101b71845ef587de2/sprites/pokemon/820.png,https://raw.githubusercontent.com/PokeAPI/sprites/1dce80ceb372675e9fc7e9f101b71845ef587de2/sprites/pokemon/back/820.png,not_individually_verified,not_individually_verified
dex:rookidee:base,821,稚山雀,base,https://raw.githubusercontent.com/PokeAPI/sprites/1dce80ceb372675e9fc7e9f101b71845ef587de2/sprites/pokemon/821.png,https://raw.githubusercontent.com/PokeAPI/sprites/1dce80ceb372675e9fc7e9f101b71845ef587de2/sprites/pokemon/back/821.png,not_individually_verified,not_individually_verified
dex:rookidee:base:dynamax,821,稚山雀 · 极巨化,dynamax,https://raw.githubusercontent.com/PokeAPI/sprites/1dce80ceb372675e9fc7e9f101b71845ef587de2/sprites/pokemon/821.png,https://raw.githubusercontent.com/PokeAPI/sprites/1dce80ceb372675e9fc7e9f101b71845ef587de2/sprites/pokemon/back/821.png,not_individually_verified,not_individually_verified
dex:corvisquire:base,822,蓝鸦,base,https://raw.githubusercontent.com/PokeAPI/sprites/1dce80ceb372675e9fc7e9f101b71845ef587de2/sprites/pokemon/822.png,https://raw.githubusercontent.com/PokeAPI/sprites/1dce80ceb372675e9fc7e9f101b71845ef587de2/sprites/pokemon/back/822.png,not_individually_verified,not_individually_verified
dex:corvisquire:base:dynamax,822,蓝鸦 · 极巨化,dynamax,https://raw.githubusercontent.com/PokeAPI/sprites/1dce80ceb372675e9fc7e9f101b71845ef587de2/sprites/pokemon/822.png,https://raw.githubusercontent.com/PokeAPI/sprites/1dce80ceb372675e9fc7e9f101b71845ef587de2/sprites/pokemon/back/822.png,not_individually_verified,not_individually_verified
dex:corviknight:base,823,钢铠鸦,base,https://raw.githubusercontent.com/PokeAPI/sprites/1dce80ceb372675e9fc7e9f101b71845ef587de2/sprites/pokemon/823.png,https://raw.githubusercontent.com/PokeAPI/sprites/1dce80ceb372675e9fc7e9f101b71845ef587de2/sprites/pokemon/back/823.png,not_individually_verified,not_individually_verified
dex:form:corviknightgmax,823,钢铠鸦 · 超极巨化,gigantamax,https://raw.githubusercontent.com/PokeAPI/sprites/1dce80ceb372675e9fc7e9f101b71845ef587de2/sprites/pokemon/10212.png,https://raw.githubusercontent.com/PokeAPI/sprites/1dce80ceb372675e9fc7e9f101b71845ef587de2/sprites/pokemon/back/10212.png,not_individually_verified,not_individually_verified
dex:corviknight:base:dynamax,823,钢铠鸦 · 极巨化,dynamax,https://raw.githubusercontent.com/PokeAPI/sprites/1dce80ceb372675e9fc7e9f101b71845ef587de2/sprites/pokemon/823.png,https://raw.githubusercontent.com/PokeAPI/sprites/1dce80ceb372675e9fc7e9f101b71845ef587de2/sprites/pokemon/back/823.png,not_individually_verified,not_individually_verified
dex:blipbug:base,824,索侦虫,base,https://raw.githubusercontent.com/PokeAPI/sprites/1dce80ceb372675e9fc7e9f101b71845ef587de2/sprites/pokemon/824.png,https://raw.githubusercontent.com/PokeAPI/sprites/1dce80ceb372675e9fc7e9f101b71845ef587de2/sprites/pokemon/back/824.png,not_individually_verified,not_individually_verified
dex:blipbug:base:dynamax,824,索侦虫 · 极巨化,dynamax,https://raw.githubusercontent.com/PokeAPI/sprites/1dce80ceb372675e9fc7e9f101b71845ef587de2/sprites/pokemon/824.png,https://raw.githubusercontent.com/PokeAPI/sprites/1dce80ceb372675e9fc7e9f101b71845ef587de2/sprites/pokemon/back/824.png,not_individually_verified,not_individually_verified
dex:dottler:base,825,天罩虫,base,https://raw.githubusercontent.com/PokeAPI/sprites/1dce80ceb372675e9fc7e9f101b71845ef587de2/sprites/pokemon/825.png,https://raw.githubusercontent.com/PokeAPI/sprites/1dce80ceb372675e9fc7e9f101b71845ef587de2/sprites/pokemon/back/825.png,not_individually_verified,not_individually_verified
dex:dottler:base:dynamax,825,天罩虫 · 极巨化,dynamax,https://raw.githubusercontent.com/PokeAPI/sprites/1dce80ceb372675e9fc7e9f101b71845ef587de2/sprites/pokemon/825.png,https://raw.githubusercontent.com/PokeAPI/sprites/1dce80ceb372675e9fc7e9f101b71845ef587de2/sprites/pokemon/back/825.png,not_individually_verified,not_individually_verified
dex:orbeetle:base,826,以欧路普,base,https://raw.githubusercontent.com/PokeAPI/sprites/1dce80ceb372675e9fc7e9f101b71845ef587de2/sprites/pokemon/826.png,https://raw.githubusercontent.com/PokeAPI/sprites/1dce80ceb372675e9fc7e9f101b71845ef587de2/sprites/pokemon/back/826.png,not_individually_verified,not_individually_verified
dex:form:orbeetlegmax,826,以欧路普 · 超极巨化,gigantamax,https://raw.githubusercontent.com/PokeAPI/sprites/1dce80ceb372675e9fc7e9f101b71845ef587de2/sprites/pokemon/10213.png,https://raw.githubusercontent.com/PokeAPI/sprites/1dce80ceb372675e9fc7e9f101b71845ef587de2/sprites/pokemon/back/10213.png,not_individually_verified,not_individually_verified
dex:orbeetle:base:dynamax,826,以欧路普 · 极巨化,dynamax,https://raw.githubusercontent.com/PokeAPI/sprites/1dce80ceb372675e9fc7e9f101b71845ef587de2/sprites/pokemon/826.png,https://raw.githubusercontent.com/PokeAPI/sprites/1dce80ceb372675e9fc7e9f101b71845ef587de2/sprites/pokemon/back/826.png,not_individually_verified,not_individually_verified
dex:nickit:base,827,狡小狐,base,https://raw.githubusercontent.com/PokeAPI/sprites/1dce80ceb372675e9fc7e9f101b71845ef587de2/sprites/pokemon/827.png,https://raw.githubusercontent.com/PokeAPI/sprites/1dce80ceb372675e9fc7e9f101b71845ef587de2/sprites/pokemon/back/827.png,not_individually_verified,not_individually_verified
dex:nickit:base:dynamax,827,狡小狐 · 极巨化,dynamax,https://raw.githubusercontent.com/PokeAPI/sprites/1dce80ceb372675e9fc7e9f101b71845ef587de2/sprites/pokemon/827.png,https://raw.githubusercontent.com/PokeAPI/sprites/1dce80ceb372675e9fc7e9f101b71845ef587de2/sprites/pokemon/back/827.png,not_individually_verified,not_individually_verified
dex:thievul:base,828,猾大狐,base,https://raw.githubusercontent.com/PokeAPI/sprites/1dce80ceb372675e9fc7e9f101b71845ef587de2/sprites/pokemon/828.png,https://raw.githubusercontent.com/PokeAPI/sprites/1dce80ceb372675e9fc7e9f101b71845ef587de2/sprites/pokemon/back/828.png,not_individually_verified,not_individually_verified
dex:thievul:base:dynamax,828,猾大狐 · 极巨化,dynamax,https://raw.githubusercontent.com/PokeAPI/sprites/1dce80ceb372675e9fc7e9f101b71845ef587de2/sprites/pokemon/828.png,https://raw.githubusercontent.com/PokeAPI/sprites/1dce80ceb372675e9fc7e9f101b71845ef587de2/sprites/pokemon/back/828.png,not_individually_verified,not_individually_verified
dex:gossifleur:base,829,幼棉棉,base,https://raw.githubusercontent.com/PokeAPI/sprites/1dce80ceb372675e9fc7e9f101b71845ef587de2/sprites/pokemon/829.png,https://raw.githubusercontent.com/PokeAPI/sprites/1dce80ceb372675e9fc7e9f101b71845ef587de2/sprites/pokemon/back/829.png,not_individually_verified,not_individually_verified
dex:gossifleur:base:dynamax,829,幼棉棉 · 极巨化,dynamax,https://raw.githubusercontent.com/PokeAPI/sprites/1dce80ceb372675e9fc7e9f101b71845ef587de2/sprites/pokemon/829.png,https://raw.githubusercontent.com/PokeAPI/sprites/1dce80ceb372675e9fc7e9f101b71845ef587de2/sprites/pokemon/back/829.png,not_individually_verified,not_individually_verified
dex:eldegoss:base,830,白蓬蓬,base,https://raw.githubusercontent.com/PokeAPI/sprites/1dce80ceb372675e9fc7e9f101b71845ef587de2/sprites/pokemon/830.png,https://raw.githubusercontent.com/PokeAPI/sprites/1dce80ceb372675e9fc7e9f101b71845ef587de2/sprites/pokemon/back/830.png,not_individually_verified,not_individually_verified
dex:eldegoss:base:dynamax,830,白蓬蓬 · 极巨化,dynamax,https://raw.githubusercontent.com/PokeAPI/sprites/1dce80ceb372675e9fc7e9f101b71845ef587de2/sprites/pokemon/830.png,https://raw.githubusercontent.com/PokeAPI/sprites/1dce80ceb372675e9fc7e9f101b71845ef587de2/sprites/pokemon/back/830.png,not_individually_verified,not_individually_verified
dex:wooloo:base,831,毛辫羊,base,https://raw.githubusercontent.com/PokeAPI/sprites/1dce80ceb372675e9fc7e9f101b71845ef587de2/sprites/pokemon/831.png,https://raw.githubusercontent.com/PokeAPI/sprites/1dce80ceb372675e9fc7e9f101b71845ef587de2/sprites/pokemon/back/831.png,not_individually_verified,not_individually_verified
dex:wooloo:base:dynamax,831,毛辫羊 · 极巨化,dynamax,https://raw.githubusercontent.com/PokeAPI/sprites/1dce80ceb372675e9fc7e9f101b71845ef587de2/sprites/pokemon/831.png,https://raw.githubusercontent.com/PokeAPI/sprites/1dce80ceb372675e9fc7e9f101b71845ef587de2/sprites/pokemon/back/831.png,not_individually_verified,not_individually_verified
dex:dubwool:base,832,毛毛角羊,base,https://raw.githubusercontent.com/PokeAPI/sprites/1dce80ceb372675e9fc7e9f101b71845ef587de2/sprites/pokemon/832.png,https://raw.githubusercontent.com/PokeAPI/sprites/1dce80ceb372675e9fc7e9f101b71845ef587de2/sprites/pokemon/back/832.png,not_individually_verified,not_individually_verified
dex:dubwool:base:dynamax,832,毛毛角羊 · 极巨化,dynamax,https://raw.githubusercontent.com/PokeAPI/sprites/1dce80ceb372675e9fc7e9f101b71845ef587de2/sprites/pokemon/832.png,https://raw.githubusercontent.com/PokeAPI/sprites/1dce80ceb372675e9fc7e9f101b71845ef587de2/sprites/pokemon/back/832.png,not_individually_verified,not_individually_verified
dex:chewtle:base,833,咬咬龟,base,https://raw.githubusercontent.com/PokeAPI/sprites/1dce80ceb372675e9fc7e9f101b71845ef587de2/sprites/pokemon/833.png,https://raw.githubusercontent.com/PokeAPI/sprites/1dce80ceb372675e9fc7e9f101b71845ef587de2/sprites/pokemon/back/833.png,not_individually_verified,not_individually_verified
dex:chewtle:base:dynamax,833,咬咬龟 · 极巨化,dynamax,https://raw.githubusercontent.com/PokeAPI/sprites/1dce80ceb372675e9fc7e9f101b71845ef587de2/sprites/pokemon/833.png,https://raw.githubusercontent.com/PokeAPI/sprites/1dce80ceb372675e9fc7e9f101b71845ef587de2/sprites/pokemon/back/833.png,not_individually_verified,not_individually_verified
dex:drednaw:base,834,暴噬龟,base,https://raw.githubusercontent.com/PokeAPI/sprites/1dce80ceb372675e9fc7e9f101b71845ef587de2/sprites/pokemon/834.png,https://raw.githubusercontent.com/PokeAPI/sprites/1dce80ceb372675e9fc7e9f101b71845ef587de2/sprites/pokemon/back/834.png,not_individually_verified,not_individually_verified
dex:form:drednawgmax,834,暴噬龟 · 超极巨化,gigantamax,https://raw.githubusercontent.com/PokeAPI/sprites/1dce80ceb372675e9fc7e9f101b71845ef587de2/sprites/pokemon/10214.png,https://raw.githubusercontent.com/PokeAPI/sprites/1dce80ceb372675e9fc7e9f101b71845ef587de2/sprites/pokemon/back/10214.png,not_individually_verified,not_individually_verified
dex:drednaw:base:dynamax,834,暴噬龟 · 极巨化,dynamax,https://raw.githubusercontent.com/PokeAPI/sprites/1dce80ceb372675e9fc7e9f101b71845ef587de2/sprites/pokemon/834.png,https://raw.githubusercontent.com/PokeAPI/sprites/1dce80ceb372675e9fc7e9f101b71845ef587de2/sprites/pokemon/back/834.png,not_individually_verified,not_individually_verified
dex:yamper:base,835,来电汪,base,https://raw.githubusercontent.com/PokeAPI/sprites/1dce80ceb372675e9fc7e9f101b71845ef587de2/sprites/pokemon/835.png,https://raw.githubusercontent.com/PokeAPI/sprites/1dce80ceb372675e9fc7e9f101b71845ef587de2/sprites/pokemon/back/835.png,not_individually_verified,not_individually_verified
dex:yamper:base:dynamax,835,来电汪 · 极巨化,dynamax,https://raw.githubusercontent.com/PokeAPI/sprites/1dce80ceb372675e9fc7e9f101b71845ef587de2/sprites/pokemon/835.png,https://raw.githubusercontent.com/PokeAPI/sprites/1dce80ceb372675e9fc7e9f101b71845ef587de2/sprites/pokemon/back/835.png,not_individually_verified,not_individually_verified
dex:boltund:base,836,逐电犬,base,https://raw.githubusercontent.com/PokeAPI/sprites/1dce80ceb372675e9fc7e9f101b71845ef587de2/sprites/pokemon/836.png,https://raw.githubusercontent.com/PokeAPI/sprites/1dce80ceb372675e9fc7e9f101b71845ef587de2/sprites/pokemon/back/836.png,not_individually_verified,not_individually_verified
dex:boltund:base:dynamax,836,逐电犬 · 极巨化,dynamax,https://raw.githubusercontent.com/PokeAPI/sprites/1dce80ceb372675e9fc7e9f101b71845ef587de2/sprites/pokemon/836.png,https://raw.githubusercontent.com/PokeAPI/sprites/1dce80ceb372675e9fc7e9f101b71845ef587de2/sprites/pokemon/back/836.png,not_individually_verified,not_individually_verified
dex:rolycoly:base,837,小炭仔,base,https://raw.githubusercontent.com/PokeAPI/sprites/1dce80ceb372675e9fc7e9f101b71845ef587de2/sprites/pokemon/837.png,https://raw.githubusercontent.com/PokeAPI/sprites/1dce80ceb372675e9fc7e9f101b71845ef587de2/sprites/pokemon/back/837.png,not_individually_verified,not_individually_verified
dex:rolycoly:base:dynamax,837,小炭仔 · 极巨化,dynamax,https://raw.githubusercontent.com/PokeAPI/sprites/1dce80ceb372675e9fc7e9f101b71845ef587de2/sprites/pokemon/837.png,https://raw.githubusercontent.com/PokeAPI/sprites/1dce80ceb372675e9fc7e9f101b71845ef587de2/sprites/pokemon/back/837.png,not_individually_verified,not_individually_verified
dex:carkol:base,838,大炭车,base,https://raw.githubusercontent.com/PokeAPI/sprites/1dce80ceb372675e9fc7e9f101b71845ef587de2/sprites/pokemon/838.png,https://raw.githubusercontent.com/PokeAPI/sprites/1dce80ceb372675e9fc7e9f101b71845ef587de2/sprites/pokemon/back/838.png,not_individually_verified,not_individually_verified
dex:carkol:base:dynamax,838,大炭车 · 极巨化,dynamax,https://raw.githubusercontent.com/PokeAPI/sprites/1dce80ceb372675e9fc7e9f101b71845ef587de2/sprites/pokemon/838.png,https://raw.githubusercontent.com/PokeAPI/sprites/1dce80ceb372675e9fc7e9f101b71845ef587de2/sprites/pokemon/back/838.png,not_individually_verified,not_individually_verified
dex:coalossal:base,839,巨炭山,base,https://raw.githubusercontent.com/PokeAPI/sprites/1dce80ceb372675e9fc7e9f101b71845ef587de2/sprites/pokemon/839.png,https://raw.githubusercontent.com/PokeAPI/sprites/1dce80ceb372675e9fc7e9f101b71845ef587de2/sprites/pokemon/back/839.png,not_individually_verified,not_individually_verified
dex:form:coalossalgmax,839,巨炭山 · 超极巨化,gigantamax,https://raw.githubusercontent.com/PokeAPI/sprites/1dce80ceb372675e9fc7e9f101b71845ef587de2/sprites/pokemon/10215.png,https://raw.githubusercontent.com/PokeAPI/sprites/1dce80ceb372675e9fc7e9f101b71845ef587de2/sprites/pokemon/back/10215.png,not_individually_verified,not_individually_verified
dex:coalossal:base:dynamax,839,巨炭山 · 极巨化,dynamax,https://raw.githubusercontent.com/PokeAPI/sprites/1dce80ceb372675e9fc7e9f101b71845ef587de2/sprites/pokemon/839.png,https://raw.githubusercontent.com/PokeAPI/sprites/1dce80ceb372675e9fc7e9f101b71845ef587de2/sprites/pokemon/back/839.png,not_individually_verified,not_individually_verified
dex:applin:base,840,啃果虫,base,https://raw.githubusercontent.com/PokeAPI/sprites/1dce80ceb372675e9fc7e9f101b71845ef587de2/sprites/pokemon/840.png,https://raw.githubusercontent.com/PokeAPI/sprites/1dce80ceb372675e9fc7e9f101b71845ef587de2/sprites/pokemon/back/840.png,not_individually_verified,not_individually_verified
dex:applin:base:dynamax,840,啃果虫 · 极巨化,dynamax,https://raw.githubusercontent.com/PokeAPI/sprites/1dce80ceb372675e9fc7e9f101b71845ef587de2/sprites/pokemon/840.png,https://raw.githubusercontent.com/PokeAPI/sprites/1dce80ceb372675e9fc7e9f101b71845ef587de2/sprites/pokemon/back/840.png,not_individually_verified,not_individually_verified
dex:flapple:base,841,苹裹龙,base,https://raw.githubusercontent.com/PokeAPI/sprites/1dce80ceb372675e9fc7e9f101b71845ef587de2/sprites/pokemon/841.png,https://raw.githubusercontent.com/PokeAPI/sprites/1dce80ceb372675e9fc7e9f101b71845ef587de2/sprites/pokemon/back/841.png,not_individually_verified,not_individually_verified
dex:form:flapplegmax,841,苹裹龙 · 超极巨化,gigantamax,https://raw.githubusercontent.com/PokeAPI/sprites/1dce80ceb372675e9fc7e9f101b71845ef587de2/sprites/pokemon/10216.png,https://raw.githubusercontent.com/PokeAPI/sprites/1dce80ceb372675e9fc7e9f101b71845ef587de2/sprites/pokemon/back/10216.png,not_individually_verified,not_individually_verified
dex:flapple:base:dynamax,841,苹裹龙 · 极巨化,dynamax,https://raw.githubusercontent.com/PokeAPI/sprites/1dce80ceb372675e9fc7e9f101b71845ef587de2/sprites/pokemon/841.png,https://raw.githubusercontent.com/PokeAPI/sprites/1dce80ceb372675e9fc7e9f101b71845ef587de2/sprites/pokemon/back/841.png,not_individually_verified,not_individually_verified
dex:appletun:base,842,丰蜜龙,base,https://raw.githubusercontent.com/PokeAPI/sprites/1dce80ceb372675e9fc7e9f101b71845ef587de2/sprites/pokemon/842.png,https://raw.githubusercontent.com/PokeAPI/sprites/1dce80ceb372675e9fc7e9f101b71845ef587de2/sprites/pokemon/back/842.png,not_individually_verified,not_individually_verified
dex:form:appletungmax,842,丰蜜龙 · 超极巨化,gigantamax,https://raw.githubusercontent.com/PokeAPI/sprites/1dce80ceb372675e9fc7e9f101b71845ef587de2/sprites/pokemon/10217.png,https://raw.githubusercontent.com/PokeAPI/sprites/1dce80ceb372675e9fc7e9f101b71845ef587de2/sprites/pokemon/back/10217.png,not_individually_verified,not_individually_verified
dex:appletun:base:dynamax,842,丰蜜龙 · 极巨化,dynamax,https://raw.githubusercontent.com/PokeAPI/sprites/1dce80ceb372675e9fc7e9f101b71845ef587de2/sprites/pokemon/842.png,https://raw.githubusercontent.com/PokeAPI/sprites/1dce80ceb372675e9fc7e9f101b71845ef587de2/sprites/pokemon/back/842.png,not_individually_verified,not_individually_verified
dex:silicobra:base,843,沙包蛇,base,https://raw.githubusercontent.com/PokeAPI/sprites/1dce80ceb372675e9fc7e9f101b71845ef587de2/sprites/pokemon/843.png,https://raw.githubusercontent.com/PokeAPI/sprites/1dce80ceb372675e9fc7e9f101b71845ef587de2/sprites/pokemon/back/843.png,not_individually_verified,not_individually_verified
dex:silicobra:base:dynamax,843,沙包蛇 · 极巨化,dynamax,https://raw.githubusercontent.com/PokeAPI/sprites/1dce80ceb372675e9fc7e9f101b71845ef587de2/sprites/pokemon/843.png,https://raw.githubusercontent.com/PokeAPI/sprites/1dce80ceb372675e9fc7e9f101b71845ef587de2/sprites/pokemon/back/843.png,not_individually_verified,not_individually_verified
dex:sandaconda:base,844,沙螺蟒,base,https://raw.githubusercontent.com/PokeAPI/sprites/1dce80ceb372675e9fc7e9f101b71845ef587de2/sprites/pokemon/844.png,https://raw.githubusercontent.com/PokeAPI/sprites/1dce80ceb372675e9fc7e9f101b71845ef587de2/sprites/pokemon/back/844.png,not_individually_verified,not_individually_verified
dex:form:sandacondagmax,844,沙螺蟒 · 超极巨化,gigantamax,https://raw.githubusercontent.com/PokeAPI/sprites/1dce80ceb372675e9fc7e9f101b71845ef587de2/sprites/pokemon/10218.png,https://raw.githubusercontent.com/PokeAPI/sprites/1dce80ceb372675e9fc7e9f101b71845ef587de2/sprites/pokemon/back/10218.png,not_individually_verified,not_individually_verified
dex:sandaconda:base:dynamax,844,沙螺蟒 · 极巨化,dynamax,https://raw.githubusercontent.com/PokeAPI/sprites/1dce80ceb372675e9fc7e9f101b71845ef587de2/sprites/pokemon/844.png,https://raw.githubusercontent.com/PokeAPI/sprites/1dce80ceb372675e9fc7e9f101b71845ef587de2/sprites/pokemon/back/844.png,not_individually_verified,not_individually_verified
dex:cramorant:base,845,古月鸟,base,https://raw.githubusercontent.com/PokeAPI/sprites/1dce80ceb372675e9fc7e9f101b71845ef587de2/sprites/pokemon/845.png,https://raw.githubusercontent.com/PokeAPI/sprites/1dce80ceb372675e9fc7e9f101b71845ef587de2/sprites/pokemon/back/845.png,not_individually_verified,not_individually_verified
dex:cramorant:base:dynamax,845,古月鸟 · 极巨化,dynamax,https://raw.githubusercontent.com/PokeAPI/sprites/1dce80ceb372675e9fc7e9f101b71845ef587de2/sprites/pokemon/845.png,https://raw.githubusercontent.com/PokeAPI/sprites/1dce80ceb372675e9fc7e9f101b71845ef587de2/sprites/pokemon/back/845.png,not_individually_verified,not_individually_verified
dex:form:cramorantgorging,845,古月鸟 · 大口吞的样子,battle_state,https://raw.githubusercontent.com/PokeAPI/sprites/1dce80ceb372675e9fc7e9f101b71845ef587de2/sprites/pokemon/10183.png,https://raw.githubusercontent.com/PokeAPI/sprites/1dce80ceb372675e9fc7e9f101b71845ef587de2/sprites/pokemon/back/10183.png,not_individually_verified,not_individually_verified
dex:form:cramorantgulping,845,古月鸟 · 一口吞的样子,battle_state,https://raw.githubusercontent.com/PokeAPI/sprites/1dce80ceb372675e9fc7e9f101b71845ef587de2/sprites/pokemon/10182.png,https://raw.githubusercontent.com/PokeAPI/sprites/1dce80ceb372675e9fc7e9f101b71845ef587de2/sprites/pokemon/back/10182.png,not_individually_verified,not_individually_verified
dex:arrokuda:base,846,刺梭鱼,base,https://raw.githubusercontent.com/PokeAPI/sprites/1dce80ceb372675e9fc7e9f101b71845ef587de2/sprites/pokemon/846.png,https://raw.githubusercontent.com/PokeAPI/sprites/1dce80ceb372675e9fc7e9f101b71845ef587de2/sprites/pokemon/back/846.png,not_individually_verified,not_individually_verified
dex:arrokuda:base:dynamax,846,刺梭鱼 · 极巨化,dynamax,https://raw.githubusercontent.com/PokeAPI/sprites/1dce80ceb372675e9fc7e9f101b71845ef587de2/sprites/pokemon/846.png,https://raw.githubusercontent.com/PokeAPI/sprites/1dce80ceb372675e9fc7e9f101b71845ef587de2/sprites/pokemon/back/846.png,not_individually_verified,not_individually_verified
dex:barraskewda:base,847,戽斗尖梭,base,https://raw.githubusercontent.com/PokeAPI/sprites/1dce80ceb372675e9fc7e9f101b71845ef587de2/sprites/pokemon/847.png,https://raw.githubusercontent.com/PokeAPI/sprites/1dce80ceb372675e9fc7e9f101b71845ef587de2/sprites/pokemon/back/847.png,not_individually_verified,not_individually_verified
dex:barraskewda:base:dynamax,847,戽斗尖梭 · 极巨化,dynamax,https://raw.githubusercontent.com/PokeAPI/sprites/1dce80ceb372675e9fc7e9f101b71845ef587de2/sprites/pokemon/847.png,https://raw.githubusercontent.com/PokeAPI/sprites/1dce80ceb372675e9fc7e9f101b71845ef587de2/sprites/pokemon/back/847.png,not_individually_verified,not_individually_verified
dex:toxel:base,848,电音婴,base,https://raw.githubusercontent.com/PokeAPI/sprites/1dce80ceb372675e9fc7e9f101b71845ef587de2/sprites/pokemon/848.png,https://raw.githubusercontent.com/PokeAPI/sprites/1dce80ceb372675e9fc7e9f101b71845ef587de2/sprites/pokemon/back/848.png,not_individually_verified,not_individually_verified
dex:toxel:base:dynamax,848,电音婴 · 极巨化,dynamax,https://raw.githubusercontent.com/PokeAPI/sprites/1dce80ceb372675e9fc7e9f101b71845ef587de2/sprites/pokemon/848.png,https://raw.githubusercontent.com/PokeAPI/sprites/1dce80ceb372675e9fc7e9f101b71845ef587de2/sprites/pokemon/back/848.png,not_individually_verified,not_individually_verified
dex:toxtricity:base,849,颤弦蝾螈,base,https://raw.githubusercontent.com/PokeAPI/sprites/1dce80ceb372675e9fc7e9f101b71845ef587de2/sprites/pokemon/849.png,https://raw.githubusercontent.com/PokeAPI/sprites/1dce80ceb372675e9fc7e9f101b71845ef587de2/sprites/pokemon/back/849.png,not_individually_verified,not_individually_verified
dex:form:toxtricitygmax,849,颤弦蝾螈 · 高调超极巨化,gigantamax,https://raw.githubusercontent.com/PokeAPI/sprites/1dce80ceb372675e9fc7e9f101b71845ef587de2/sprites/pokemon/10219.png,https://raw.githubusercontent.com/PokeAPI/sprites/1dce80ceb372675e9fc7e9f101b71845ef587de2/sprites/pokemon/back/10219.png,not_individually_verified,not_individually_verified
dex:form:toxtricitylowkeygmax,849,颤弦蝾螈 · 低调超极巨化,gigantamax,https://raw.githubusercontent.com/PokeAPI/sprites/1dce80ceb372675e9fc7e9f101b71845ef587de2/sprites/pokemon/10228.png,https://raw.githubusercontent.com/PokeAPI/sprites/1dce80ceb372675e9fc7e9f101b71845ef587de2/sprites/pokemon/back/10228.png,not_individually_verified,not_individually_verified
dex:form:toxtricitylowkey:dynamax,849,颤弦蝾螈 · 低调的样子 · 极巨化,dynamax,https://raw.githubusercontent.com/PokeAPI/sprites/1dce80ceb372675e9fc7e9f101b71845ef587de2/sprites/pokemon/10184.png,https://raw.githubusercontent.com/PokeAPI/sprites/1dce80ceb372675e9fc7e9f101b71845ef587de2/sprites/pokemon/back/10184.png,not_individually_verified,not_individually_verified
dex:toxtricity:base:dynamax,849,颤弦蝾螈 · 极巨化,dynamax,https://raw.githubusercontent.com/PokeAPI/sprites/1dce80ceb372675e9fc7e9f101b71845ef587de2/sprites/pokemon/849.png,https://raw.githubusercontent.com/PokeAPI/sprites/1dce80ceb372675e9fc7e9f101b71845ef587de2/sprites/pokemon/back/849.png,not_individually_verified,not_individually_verified
dex:form:toxtricitylowkey,849,颤弦蝾螈 · 低调的样子,special_form,https://raw.githubusercontent.com/PokeAPI/sprites/1dce80ceb372675e9fc7e9f101b71845ef587de2/sprites/pokemon/10184.png,https://raw.githubusercontent.com/PokeAPI/sprites/1dce80ceb372675e9fc7e9f101b71845ef587de2/sprites/pokemon/back/10184.png,not_individually_verified,not_individually_verified
dex:sizzlipede:base,850,烧火蚣,base,https://raw.githubusercontent.com/PokeAPI/sprites/1dce80ceb372675e9fc7e9f101b71845ef587de2/sprites/pokemon/850.png,https://raw.githubusercontent.com/PokeAPI/sprites/1dce80ceb372675e9fc7e9f101b71845ef587de2/sprites/pokemon/back/850.png,not_individually_verified,not_individually_verified
dex:sizzlipede:base:dynamax,850,烧火蚣 · 极巨化,dynamax,https://raw.githubusercontent.com/PokeAPI/sprites/1dce80ceb372675e9fc7e9f101b71845ef587de2/sprites/pokemon/850.png,https://raw.githubusercontent.com/PokeAPI/sprites/1dce80ceb372675e9fc7e9f101b71845ef587de2/sprites/pokemon/back/850.png,not_individually_verified,not_individually_verified
dex:centiskorch:base,851,焚焰蚣,base,https://raw.githubusercontent.com/PokeAPI/sprites/1dce80ceb372675e9fc7e9f101b71845ef587de2/sprites/pokemon/851.png,https://raw.githubusercontent.com/PokeAPI/sprites/1dce80ceb372675e9fc7e9f101b71845ef587de2/sprites/pokemon/back/851.png,not_individually_verified,not_individually_verified
dex:form:centiskorchgmax,851,焚焰蚣 · 超极巨化,gigantamax,https://raw.githubusercontent.com/PokeAPI/sprites/1dce80ceb372675e9fc7e9f101b71845ef587de2/sprites/pokemon/10220.png,https://raw.githubusercontent.com/PokeAPI/sprites/1dce80ceb372675e9fc7e9f101b71845ef587de2/sprites/pokemon/back/10220.png,not_individually_verified,not_individually_verified
dex:centiskorch:base:dynamax,851,焚焰蚣 · 极巨化,dynamax,https://raw.githubusercontent.com/PokeAPI/sprites/1dce80ceb372675e9fc7e9f101b71845ef587de2/sprites/pokemon/851.png,https://raw.githubusercontent.com/PokeAPI/sprites/1dce80ceb372675e9fc7e9f101b71845ef587de2/sprites/pokemon/back/851.png,not_individually_verified,not_individually_verified
dex:clobbopus:base,852,拳拳蛸,base,https://raw.githubusercontent.com/PokeAPI/sprites/1dce80ceb372675e9fc7e9f101b71845ef587de2/sprites/pokemon/852.png,https://raw.githubusercontent.com/PokeAPI/sprites/1dce80ceb372675e9fc7e9f101b71845ef587de2/sprites/pokemon/back/852.png,not_individually_verified,not_individually_verified
dex:clobbopus:base:dynamax,852,拳拳蛸 · 极巨化,dynamax,https://raw.githubusercontent.com/PokeAPI/sprites/1dce80ceb372675e9fc7e9f101b71845ef587de2/sprites/pokemon/852.png,https://raw.githubusercontent.com/PokeAPI/sprites/1dce80ceb372675e9fc7e9f101b71845ef587de2/sprites/pokemon/back/852.png,not_individually_verified,not_individually_verified
dex:grapploct:base,853,八爪武师,base,https://raw.githubusercontent.com/PokeAPI/sprites/1dce80ceb372675e9fc7e9f101b71845ef587de2/sprites/pokemon/853.png,https://raw.githubusercontent.com/PokeAPI/sprites/1dce80ceb372675e9fc7e9f101b71845ef587de2/sprites/pokemon/back/853.png,not_individually_verified,not_individually_verified
dex:grapploct:base:dynamax,853,八爪武师 · 极巨化,dynamax,https://raw.githubusercontent.com/PokeAPI/sprites/1dce80ceb372675e9fc7e9f101b71845ef587de2/sprites/pokemon/853.png,https://raw.githubusercontent.com/PokeAPI/sprites/1dce80ceb372675e9fc7e9f101b71845ef587de2/sprites/pokemon/back/853.png,not_individually_verified,not_individually_verified
dex:sinistea:base,854,来悲茶,base,https://raw.githubusercontent.com/PokeAPI/sprites/1dce80ceb372675e9fc7e9f101b71845ef587de2/sprites/pokemon/854.png,https://raw.githubusercontent.com/PokeAPI/sprites/1dce80ceb372675e9fc7e9f101b71845ef587de2/sprites/pokemon/back/854.png,not_individually_verified,not_individually_verified
dex:form:sinisteaantique,854,来悲茶 · 真品,cosmetic,https://raw.githubusercontent.com/PokeAPI/sprites/1dce80ceb372675e9fc7e9f101b71845ef587de2/sprites/pokemon/854-antique.png,https://raw.githubusercontent.com/PokeAPI/sprites/1dce80ceb372675e9fc7e9f101b71845ef587de2/sprites/pokemon/back/854-antique.png,not_individually_verified,not_individually_verified
dex:form:sinisteaantique:dynamax,854,来悲茶 · 真品 · 极巨化,dynamax,https://raw.githubusercontent.com/PokeAPI/sprites/1dce80ceb372675e9fc7e9f101b71845ef587de2/sprites/pokemon/854-antique.png,https://raw.githubusercontent.com/PokeAPI/sprites/1dce80ceb372675e9fc7e9f101b71845ef587de2/sprites/pokemon/back/854-antique.png,not_individually_verified,not_individually_verified
dex:sinistea:base:dynamax,854,来悲茶 · 极巨化,dynamax,https://raw.githubusercontent.com/PokeAPI/sprites/1dce80ceb372675e9fc7e9f101b71845ef587de2/sprites/pokemon/854.png,https://raw.githubusercontent.com/PokeAPI/sprites/1dce80ceb372675e9fc7e9f101b71845ef587de2/sprites/pokemon/back/854.png,not_individually_verified,not_individually_verified
dex:polteageist:base,855,怖思壶,base,https://raw.githubusercontent.com/PokeAPI/sprites/1dce80ceb372675e9fc7e9f101b71845ef587de2/sprites/pokemon/855.png,https://raw.githubusercontent.com/PokeAPI/sprites/1dce80ceb372675e9fc7e9f101b71845ef587de2/sprites/pokemon/back/855.png,not_individually_verified,not_individually_verified
dex:form:polteageistantique,855,怖思壶 · 真品,cosmetic,https://raw.githubusercontent.com/PokeAPI/sprites/1dce80ceb372675e9fc7e9f101b71845ef587de2/sprites/pokemon/855-antique.png,https://raw.githubusercontent.com/PokeAPI/sprites/1dce80ceb372675e9fc7e9f101b71845ef587de2/sprites/pokemon/back/855-antique.png,not_individually_verified,not_individually_verified
dex:form:polteageistantique:dynamax,855,怖思壶 · 真品 · 极巨化,dynamax,https://raw.githubusercontent.com/PokeAPI/sprites/1dce80ceb372675e9fc7e9f101b71845ef587de2/sprites/pokemon/855-antique.png,https://raw.githubusercontent.com/PokeAPI/sprites/1dce80ceb372675e9fc7e9f101b71845ef587de2/sprites/pokemon/back/855-antique.png,not_individually_verified,not_individually_verified
dex:polteageist:base:dynamax,855,怖思壶 · 极巨化,dynamax,https://raw.githubusercontent.com/PokeAPI/sprites/1dce80ceb372675e9fc7e9f101b71845ef587de2/sprites/pokemon/855.png,https://raw.githubusercontent.com/PokeAPI/sprites/1dce80ceb372675e9fc7e9f101b71845ef587de2/sprites/pokemon/back/855.png,not_individually_verified,not_individually_verified
dex:hatenna:base,856,迷布莉姆,base,https://raw.githubusercontent.com/PokeAPI/sprites/1dce80ceb372675e9fc7e9f101b71845ef587de2/sprites/pokemon/856.png,https://raw.githubusercontent.com/PokeAPI/sprites/1dce80ceb372675e9fc7e9f101b71845ef587de2/sprites/pokemon/back/856.png,not_individually_verified,not_individually_verified
dex:hatenna:base:dynamax,856,迷布莉姆 · 极巨化,dynamax,https://raw.githubusercontent.com/PokeAPI/sprites/1dce80ceb372675e9fc7e9f101b71845ef587de2/sprites/pokemon/856.png,https://raw.githubusercontent.com/PokeAPI/sprites/1dce80ceb372675e9fc7e9f101b71845ef587de2/sprites/pokemon/back/856.png,not_individually_verified,not_individually_verified
dex:hattrem:base,857,提布莉姆,base,https://raw.githubusercontent.com/PokeAPI/sprites/1dce80ceb372675e9fc7e9f101b71845ef587de2/sprites/pokemon/857.png,https://raw.githubusercontent.com/PokeAPI/sprites/1dce80ceb372675e9fc7e9f101b71845ef587de2/sprites/pokemon/back/857.png,not_individually_verified,not_individually_verified
dex:hattrem:base:dynamax,857,提布莉姆 · 极巨化,dynamax,https://raw.githubusercontent.com/PokeAPI/sprites/1dce80ceb372675e9fc7e9f101b71845ef587de2/sprites/pokemon/857.png,https://raw.githubusercontent.com/PokeAPI/sprites/1dce80ceb372675e9fc7e9f101b71845ef587de2/sprites/pokemon/back/857.png,not_individually_verified,not_individually_verified
dex:hatterene:base,858,布莉姆温,base,https://raw.githubusercontent.com/PokeAPI/sprites/1dce80ceb372675e9fc7e9f101b71845ef587de2/sprites/pokemon/858.png,https://raw.githubusercontent.com/PokeAPI/sprites/1dce80ceb372675e9fc7e9f101b71845ef587de2/sprites/pokemon/back/858.png,not_individually_verified,not_individually_verified
dex:form:hatterenegmax,858,布莉姆温 · 超极巨化,gigantamax,https://raw.githubusercontent.com/PokeAPI/sprites/1dce80ceb372675e9fc7e9f101b71845ef587de2/sprites/pokemon/10221.png,https://raw.githubusercontent.com/PokeAPI/sprites/1dce80ceb372675e9fc7e9f101b71845ef587de2/sprites/pokemon/back/10221.png,not_individually_verified,not_individually_verified
dex:hatterene:base:dynamax,858,布莉姆温 · 极巨化,dynamax,https://raw.githubusercontent.com/PokeAPI/sprites/1dce80ceb372675e9fc7e9f101b71845ef587de2/sprites/pokemon/858.png,https://raw.githubusercontent.com/PokeAPI/sprites/1dce80ceb372675e9fc7e9f101b71845ef587de2/sprites/pokemon/back/858.png,not_individually_verified,not_individually_verified
dex:impidimp:base,859,捣蛋小妖,base,https://raw.githubusercontent.com/PokeAPI/sprites/1dce80ceb372675e9fc7e9f101b71845ef587de2/sprites/pokemon/859.png,https://raw.githubusercontent.com/PokeAPI/sprites/1dce80ceb372675e9fc7e9f101b71845ef587de2/sprites/pokemon/back/859.png,not_individually_verified,not_individually_verified
dex:impidimp:base:dynamax,859,捣蛋小妖 · 极巨化,dynamax,https://raw.githubusercontent.com/PokeAPI/sprites/1dce80ceb372675e9fc7e9f101b71845ef587de2/sprites/pokemon/859.png,https://raw.githubusercontent.com/PokeAPI/sprites/1dce80ceb372675e9fc7e9f101b71845ef587de2/sprites/pokemon/back/859.png,not_individually_verified,not_individually_verified
dex:morgrem:base,860,诈唬魔,base,https://raw.githubusercontent.com/PokeAPI/sprites/1dce80ceb372675e9fc7e9f101b71845ef587de2/sprites/pokemon/860.png,https://raw.githubusercontent.com/PokeAPI/sprites/1dce80ceb372675e9fc7e9f101b71845ef587de2/sprites/pokemon/back/860.png,not_individually_verified,not_individually_verified
dex:morgrem:base:dynamax,860,诈唬魔 · 极巨化,dynamax,https://raw.githubusercontent.com/PokeAPI/sprites/1dce80ceb372675e9fc7e9f101b71845ef587de2/sprites/pokemon/860.png,https://raw.githubusercontent.com/PokeAPI/sprites/1dce80ceb372675e9fc7e9f101b71845ef587de2/sprites/pokemon/back/860.png,not_individually_verified,not_individually_verified
dex:grimmsnarl:base,861,长毛巨魔,base,https://raw.githubusercontent.com/PokeAPI/sprites/1dce80ceb372675e9fc7e9f101b71845ef587de2/sprites/pokemon/861.png,https://raw.githubusercontent.com/PokeAPI/sprites/1dce80ceb372675e9fc7e9f101b71845ef587de2/sprites/pokemon/back/861.png,not_individually_verified,not_individually_verified
dex:form:grimmsnarlgmax,861,长毛巨魔 · 超极巨化,gigantamax,https://raw.githubusercontent.com/PokeAPI/sprites/1dce80ceb372675e9fc7e9f101b71845ef587de2/sprites/pokemon/10222.png,https://raw.githubusercontent.com/PokeAPI/sprites/1dce80ceb372675e9fc7e9f101b71845ef587de2/sprites/pokemon/back/10222.png,not_individually_verified,not_individually_verified
dex:grimmsnarl:base:dynamax,861,长毛巨魔 · 极巨化,dynamax,https://raw.githubusercontent.com/PokeAPI/sprites/1dce80ceb372675e9fc7e9f101b71845ef587de2/sprites/pokemon/861.png,https://raw.githubusercontent.com/PokeAPI/sprites/1dce80ceb372675e9fc7e9f101b71845ef587de2/sprites/pokemon/back/861.png,not_individually_verified,not_individually_verified
dex:obstagoon:base,862,堵拦熊,base,https://raw.githubusercontent.com/PokeAPI/sprites/1dce80ceb372675e9fc7e9f101b71845ef587de2/sprites/pokemon/862.png,https://raw.githubusercontent.com/PokeAPI/sprites/1dce80ceb372675e9fc7e9f101b71845ef587de2/sprites/pokemon/back/862.png,not_individually_verified,not_individually_verified
dex:obstagoon:base:dynamax,862,堵拦熊 · 极巨化,dynamax,https://raw.githubusercontent.com/PokeAPI/sprites/1dce80ceb372675e9fc7e9f101b71845ef587de2/sprites/pokemon/862.png,https://raw.githubusercontent.com/PokeAPI/sprites/1dce80ceb372675e9fc7e9f101b71845ef587de2/sprites/pokemon/back/862.png,not_individually_verified,not_individually_verified
dex:perrserker:base,863,喵头目,base,https://raw.githubusercontent.com/PokeAPI/sprites/1dce80ceb372675e9fc7e9f101b71845ef587de2/sprites/pokemon/863.png,https://raw.githubusercontent.com/PokeAPI/sprites/1dce80ceb372675e9fc7e9f101b71845ef587de2/sprites/pokemon/back/863.png,not_individually_verified,not_individually_verified
dex:perrserker:base:dynamax,863,喵头目 · 极巨化,dynamax,https://raw.githubusercontent.com/PokeAPI/sprites/1dce80ceb372675e9fc7e9f101b71845ef587de2/sprites/pokemon/863.png,https://raw.githubusercontent.com/PokeAPI/sprites/1dce80ceb372675e9fc7e9f101b71845ef587de2/sprites/pokemon/back/863.png,not_individually_verified,not_individually_verified
dex:cursola:base,864,魔灵珊瑚,base,https://raw.githubusercontent.com/PokeAPI/sprites/1dce80ceb372675e9fc7e9f101b71845ef587de2/sprites/pokemon/864.png,https://raw.githubusercontent.com/PokeAPI/sprites/1dce80ceb372675e9fc7e9f101b71845ef587de2/sprites/pokemon/back/864.png,not_individually_verified,not_individually_verified
dex:cursola:base:dynamax,864,魔灵珊瑚 · 极巨化,dynamax,https://raw.githubusercontent.com/PokeAPI/sprites/1dce80ceb372675e9fc7e9f101b71845ef587de2/sprites/pokemon/864.png,https://raw.githubusercontent.com/PokeAPI/sprites/1dce80ceb372675e9fc7e9f101b71845ef587de2/sprites/pokemon/back/864.png,not_individually_verified,not_individually_verified
dex:sirfetchd:base,865,葱游兵,base,https://raw.githubusercontent.com/PokeAPI/sprites/1dce80ceb372675e9fc7e9f101b71845ef587de2/sprites/pokemon/865.png,https://raw.githubusercontent.com/PokeAPI/sprites/1dce80ceb372675e9fc7e9f101b71845ef587de2/sprites/pokemon/back/865.png,not_individually_verified,not_individually_verified
dex:sirfetchd:base:dynamax,865,葱游兵 · 极巨化,dynamax,https://raw.githubusercontent.com/PokeAPI/sprites/1dce80ceb372675e9fc7e9f101b71845ef587de2/sprites/pokemon/865.png,https://raw.githubusercontent.com/PokeAPI/sprites/1dce80ceb372675e9fc7e9f101b71845ef587de2/sprites/pokemon/back/865.png,not_individually_verified,not_individually_verified
dex:mrrime:base,866,踏冰人偶,base,https://raw.githubusercontent.com/PokeAPI/sprites/1dce80ceb372675e9fc7e9f101b71845ef587de2/sprites/pokemon/866.png,https://raw.githubusercontent.com/PokeAPI/sprites/1dce80ceb372675e9fc7e9f101b71845ef587de2/sprites/pokemon/back/866.png,not_individually_verified,not_individually_verified
dex:mrrime:base:dynamax,866,踏冰人偶 · 极巨化,dynamax,https://raw.githubusercontent.com/PokeAPI/sprites/1dce80ceb372675e9fc7e9f101b71845ef587de2/sprites/pokemon/866.png,https://raw.githubusercontent.com/PokeAPI/sprites/1dce80ceb372675e9fc7e9f101b71845ef587de2/sprites/pokemon/back/866.png,not_individually_verified,not_individually_verified
dex:runerigus:base,867,迭失板,base,https://raw.githubusercontent.com/PokeAPI/sprites/1dce80ceb372675e9fc7e9f101b71845ef587de2/sprites/pokemon/867.png,https://raw.githubusercontent.com/PokeAPI/sprites/1dce80ceb372675e9fc7e9f101b71845ef587de2/sprites/pokemon/back/867.png,not_individually_verified,not_individually_verified
dex:runerigus:base:dynamax,867,迭失板 · 极巨化,dynamax,https://raw.githubusercontent.com/PokeAPI/sprites/1dce80ceb372675e9fc7e9f101b71845ef587de2/sprites/pokemon/867.png,https://raw.githubusercontent.com/PokeAPI/sprites/1dce80ceb372675e9fc7e9f101b71845ef587de2/sprites/pokemon/back/867.png,not_individually_verified,not_individually_verified
dex:milcery:base,868,小仙奶,base,https://raw.githubusercontent.com/PokeAPI/sprites/1dce80ceb372675e9fc7e9f101b71845ef587de2/sprites/pokemon/868.png,https://raw.githubusercontent.com/PokeAPI/sprites/1dce80ceb372675e9fc7e9f101b71845ef587de2/sprites/pokemon/back/868.png,not_individually_verified,not_individually_verified
dex:milcery:base:dynamax,868,小仙奶 · 极巨化,dynamax,https://raw.githubusercontent.com/PokeAPI/sprites/1dce80ceb372675e9fc7e9f101b71845ef587de2/sprites/pokemon/868.png,https://raw.githubusercontent.com/PokeAPI/sprites/1dce80ceb372675e9fc7e9f101b71845ef587de2/sprites/pokemon/back/868.png,not_individually_verified,not_individually_verified
dex:alcremie:base,869,霜奶仙 · 奶香香草＋草莓糖饰,base,https://raw.githubusercontent.com/PokeAPI/sprites/1dce80ceb372675e9fc7e9f101b71845ef587de2/sprites/pokemon/869.png,https://raw.githubusercontent.com/PokeAPI/sprites/1dce80ceb372675e9fc7e9f101b71845ef587de2/sprites/pokemon/back/869.png,not_individually_verified,not_individually_verified
dex:form:alcremiegmax,869,霜奶仙 · 超极巨化,gigantamax,https://raw.githubusercontent.com/PokeAPI/sprites/1dce80ceb372675e9fc7e9f101b71845ef587de2/sprites/pokemon/10223.png,https://raw.githubusercontent.com/PokeAPI/sprites/1dce80ceb372675e9fc7e9f101b71845ef587de2/sprites/pokemon/back/10223.png,not_individually_verified,not_individually_verified
dex:appearance:alcremie-caramel-swirl-berry-sweet,869,霜奶仙 · 焦糖综合＋野莓糖饰,cosmetic,https://raw.githubusercontent.com/PokeAPI/sprites/1dce80ceb372675e9fc7e9f101b71845ef587de2/sprites/pokemon/869-caramel-swirl-berry-sweet.png,https://raw.githubusercontent.com/PokeAPI/sprites/1dce80ceb372675e9fc7e9f101b71845ef587de2/sprites/pokemon/back/869-caramel-swirl-berry-sweet.png,not_individually_verified,not_individually_verified
dex:appearance:alcremie-caramel-swirl-clover-sweet,869,霜奶仙 · 焦糖综合＋幸运草糖饰,cosmetic,https://raw.githubusercontent.com/PokeAPI/sprites/1dce80ceb372675e9fc7e9f101b71845ef587de2/sprites/pokemon/869-caramel-swirl-clover-sweet.png,https://raw.githubusercontent.com/PokeAPI/sprites/1dce80ceb372675e9fc7e9f101b71845ef587de2/sprites/pokemon/back/869-caramel-swirl-clover-sweet.png,not_individually_verified,not_individually_verified
dex:appearance:alcremie-caramel-swirl-flower-sweet,869,霜奶仙 · 焦糖综合＋花朵糖饰,cosmetic,https://raw.githubusercontent.com/PokeAPI/sprites/1dce80ceb372675e9fc7e9f101b71845ef587de2/sprites/pokemon/869-caramel-swirl-flower-sweet.png,https://raw.githubusercontent.com/PokeAPI/sprites/1dce80ceb372675e9fc7e9f101b71845ef587de2/sprites/pokemon/back/869-caramel-swirl-flower-sweet.png,not_individually_verified,not_individually_verified
dex:appearance:alcremie-caramel-swirl-love-sweet,869,霜奶仙 · 焦糖综合＋爱心糖饰,cosmetic,https://raw.githubusercontent.com/PokeAPI/sprites/1dce80ceb372675e9fc7e9f101b71845ef587de2/sprites/pokemon/869-caramel-swirl-love-sweet.png,https://raw.githubusercontent.com/PokeAPI/sprites/1dce80ceb372675e9fc7e9f101b71845ef587de2/sprites/pokemon/back/869-caramel-swirl-love-sweet.png,not_individually_verified,not_individually_verified
dex:appearance:alcremie-caramel-swirl-ribbon-sweet,869,霜奶仙 · 焦糖综合＋蝴蝶结糖饰,cosmetic,https://raw.githubusercontent.com/PokeAPI/sprites/1dce80ceb372675e9fc7e9f101b71845ef587de2/sprites/pokemon/869-caramel-swirl-ribbon-sweet.png,https://raw.githubusercontent.com/PokeAPI/sprites/1dce80ceb372675e9fc7e9f101b71845ef587de2/sprites/pokemon/back/869-caramel-swirl-ribbon-sweet.png,not_individually_verified,not_individually_verified
dex:appearance:alcremie-caramel-swirl-star-sweet,869,霜奶仙 · 焦糖综合＋星星糖饰,cosmetic,https://raw.githubusercontent.com/PokeAPI/sprites/1dce80ceb372675e9fc7e9f101b71845ef587de2/sprites/pokemon/869-caramel-swirl-star-sweet.png,https://raw.githubusercontent.com/PokeAPI/sprites/1dce80ceb372675e9fc7e9f101b71845ef587de2/sprites/pokemon/back/869-caramel-swirl-star-sweet.png,not_individually_verified,not_individually_verified
dex:appearance:alcremie-lemon-cream-berry-sweet,869,霜奶仙 · 奶香柠檬＋野莓糖饰,cosmetic,https://raw.githubusercontent.com/PokeAPI/sprites/1dce80ceb372675e9fc7e9f101b71845ef587de2/sprites/pokemon/869-lemon-cream-berry-sweet.png,https://raw.githubusercontent.com/PokeAPI/sprites/1dce80ceb372675e9fc7e9f101b71845ef587de2/sprites/pokemon/back/869-lemon-cream-berry-sweet.png,not_individually_verified,not_individually_verified
dex:appearance:alcremie-lemon-cream-clover-sweet,869,霜奶仙 · 奶香柠檬＋幸运草糖饰,cosmetic,https://raw.githubusercontent.com/PokeAPI/sprites/1dce80ceb372675e9fc7e9f101b71845ef587de2/sprites/pokemon/869-lemon-cream-clover-sweet.png,https://raw.githubusercontent.com/PokeAPI/sprites/1dce80ceb372675e9fc7e9f101b71845ef587de2/sprites/pokemon/back/869-lemon-cream-clover-sweet.png,not_individually_verified,not_individually_verified
dex:appearance:alcremie-lemon-cream-flower-sweet,869,霜奶仙 · 奶香柠檬＋花朵糖饰,cosmetic,https://raw.githubusercontent.com/PokeAPI/sprites/1dce80ceb372675e9fc7e9f101b71845ef587de2/sprites/pokemon/869-lemon-cream-flower-sweet.png,https://raw.githubusercontent.com/PokeAPI/sprites/1dce80ceb372675e9fc7e9f101b71845ef587de2/sprites/pokemon/back/869-lemon-cream-flower-sweet.png,not_individually_verified,not_individually_verified
dex:appearance:alcremie-lemon-cream-love-sweet,869,霜奶仙 · 奶香柠檬＋爱心糖饰,cosmetic,https://raw.githubusercontent.com/PokeAPI/sprites/1dce80ceb372675e9fc7e9f101b71845ef587de2/sprites/pokemon/869-lemon-cream-love-sweet.png,https://raw.githubusercontent.com/PokeAPI/sprites/1dce80ceb372675e9fc7e9f101b71845ef587de2/sprites/pokemon/back/869-lemon-cream-love-sweet.png,not_individually_verified,not_individually_verified
dex:appearance:alcremie-lemon-cream-ribbon-sweet,869,霜奶仙 · 奶香柠檬＋蝴蝶结糖饰,cosmetic,https://raw.githubusercontent.com/PokeAPI/sprites/1dce80ceb372675e9fc7e9f101b71845ef587de2/sprites/pokemon/869-lemon-cream-ribbon-sweet.png,https://raw.githubusercontent.com/PokeAPI/sprites/1dce80ceb372675e9fc7e9f101b71845ef587de2/sprites/pokemon/back/869-lemon-cream-ribbon-sweet.png,not_individually_verified,not_individually_verified
dex:appearance:alcremie-lemon-cream-star-sweet,869,霜奶仙 · 奶香柠檬＋星星糖饰,cosmetic,https://raw.githubusercontent.com/PokeAPI/sprites/1dce80ceb372675e9fc7e9f101b71845ef587de2/sprites/pokemon/869-lemon-cream-star-sweet.png,https://raw.githubusercontent.com/PokeAPI/sprites/1dce80ceb372675e9fc7e9f101b71845ef587de2/sprites/pokemon/back/869-lemon-cream-star-sweet.png,not_individually_verified,not_individually_verified
dex:appearance:alcremie-matcha-cream-berry-sweet,869,霜奶仙 · 奶香抹茶＋野莓糖饰,cosmetic,https://raw.githubusercontent.com/PokeAPI/sprites/1dce80ceb372675e9fc7e9f101b71845ef587de2/sprites/pokemon/869-matcha-cream-berry-sweet.png,https://raw.githubusercontent.com/PokeAPI/sprites/1dce80ceb372675e9fc7e9f101b71845ef587de2/sprites/pokemon/back/869-matcha-cream-berry-sweet.png,not_individually_verified,not_individually_verified
dex:appearance:alcremie-matcha-cream-clover-sweet,869,霜奶仙 · 奶香抹茶＋幸运草糖饰,cosmetic,https://raw.githubusercontent.com/PokeAPI/sprites/1dce80ceb372675e9fc7e9f101b71845ef587de2/sprites/pokemon/869-matcha-cream-clover-sweet.png,https://raw.githubusercontent.com/PokeAPI/sprites/1dce80ceb372675e9fc7e9f101b71845ef587de2/sprites/pokemon/back/869-matcha-cream-clover-sweet.png,not_individually_verified,not_individually_verified
dex:appearance:alcremie-matcha-cream-flower-sweet,869,霜奶仙 · 奶香抹茶＋花朵糖饰,cosmetic,https://raw.githubusercontent.com/PokeAPI/sprites/1dce80ceb372675e9fc7e9f101b71845ef587de2/sprites/pokemon/869-matcha-cream-flower-sweet.png,https://raw.githubusercontent.com/PokeAPI/sprites/1dce80ceb372675e9fc7e9f101b71845ef587de2/sprites/pokemon/back/869-matcha-cream-flower-sweet.png,not_individually_verified,not_individually_verified
dex:appearance:alcremie-matcha-cream-love-sweet,869,霜奶仙 · 奶香抹茶＋爱心糖饰,cosmetic,https://raw.githubusercontent.com/PokeAPI/sprites/1dce80ceb372675e9fc7e9f101b71845ef587de2/sprites/pokemon/869-matcha-cream-love-sweet.png,https://raw.githubusercontent.com/PokeAPI/sprites/1dce80ceb372675e9fc7e9f101b71845ef587de2/sprites/pokemon/back/869-matcha-cream-love-sweet.png,not_individually_verified,not_individually_verified
dex:appearance:alcremie-matcha-cream-ribbon-sweet,869,霜奶仙 · 奶香抹茶＋蝴蝶结糖饰,cosmetic,https://raw.githubusercontent.com/PokeAPI/sprites/1dce80ceb372675e9fc7e9f101b71845ef587de2/sprites/pokemon/869-matcha-cream-ribbon-sweet.png,https://raw.githubusercontent.com/PokeAPI/sprites/1dce80ceb372675e9fc7e9f101b71845ef587de2/sprites/pokemon/back/869-matcha-cream-ribbon-sweet.png,not_individually_verified,not_individually_verified
dex:appearance:alcremie-matcha-cream-star-sweet,869,霜奶仙 · 奶香抹茶＋星星糖饰,cosmetic,https://raw.githubusercontent.com/PokeAPI/sprites/1dce80ceb372675e9fc7e9f101b71845ef587de2/sprites/pokemon/869-matcha-cream-star-sweet.png,https://raw.githubusercontent.com/PokeAPI/sprites/1dce80ceb372675e9fc7e9f101b71845ef587de2/sprites/pokemon/back/869-matcha-cream-star-sweet.png,not_individually_verified,not_individually_verified
dex:appearance:alcremie-mint-cream-berry-sweet,869,霜奶仙 · 奶香薄荷＋野莓糖饰,cosmetic,https://raw.githubusercontent.com/PokeAPI/sprites/1dce80ceb372675e9fc7e9f101b71845ef587de2/sprites/pokemon/869-mint-cream-berry-sweet.png,https://raw.githubusercontent.com/PokeAPI/sprites/1dce80ceb372675e9fc7e9f101b71845ef587de2/sprites/pokemon/back/869-mint-cream-berry-sweet.png,not_individually_verified,not_individually_verified
dex:appearance:alcremie-mint-cream-clover-sweet,869,霜奶仙 · 奶香薄荷＋幸运草糖饰,cosmetic,https://raw.githubusercontent.com/PokeAPI/sprites/1dce80ceb372675e9fc7e9f101b71845ef587de2/sprites/pokemon/869-mint-cream-clover-sweet.png,https://raw.githubusercontent.com/PokeAPI/sprites/1dce80ceb372675e9fc7e9f101b71845ef587de2/sprites/pokemon/back/869-mint-cream-clover-sweet.png,not_individually_verified,not_individually_verified
dex:appearance:alcremie-mint-cream-flower-sweet,869,霜奶仙 · 奶香薄荷＋花朵糖饰,cosmetic,https://raw.githubusercontent.com/PokeAPI/sprites/1dce80ceb372675e9fc7e9f101b71845ef587de2/sprites/pokemon/869-mint-cream-flower-sweet.png,https://raw.githubusercontent.com/PokeAPI/sprites/1dce80ceb372675e9fc7e9f101b71845ef587de2/sprites/pokemon/back/869-mint-cream-flower-sweet.png,not_individually_verified,not_individually_verified
dex:appearance:alcremie-mint-cream-love-sweet,869,霜奶仙 · 奶香薄荷＋爱心糖饰,cosmetic,https://raw.githubusercontent.com/PokeAPI/sprites/1dce80ceb372675e9fc7e9f101b71845ef587de2/sprites/pokemon/869-mint-cream-love-sweet.png,https://raw.githubusercontent.com/PokeAPI/sprites/1dce80ceb372675e9fc7e9f101b71845ef587de2/sprites/pokemon/back/869-mint-cream-love-sweet.png,not_individually_verified,not_individually_verified
dex:appearance:alcremie-mint-cream-ribbon-sweet,869,霜奶仙 · 奶香薄荷＋蝴蝶结糖饰,cosmetic,https://raw.githubusercontent.com/PokeAPI/sprites/1dce80ceb372675e9fc7e9f101b71845ef587de2/sprites/pokemon/869-mint-cream-ribbon-sweet.png,https://raw.githubusercontent.com/PokeAPI/sprites/1dce80ceb372675e9fc7e9f101b71845ef587de2/sprites/pokemon/back/869-mint-cream-ribbon-sweet.png,not_individually_verified,not_individually_verified
dex:appearance:alcremie-mint-cream-star-sweet,869,霜奶仙 · 奶香薄荷＋星星糖饰,cosmetic,https://raw.githubusercontent.com/PokeAPI/sprites/1dce80ceb372675e9fc7e9f101b71845ef587de2/sprites/pokemon/869-mint-cream-star-sweet.png,https://raw.githubusercontent.com/PokeAPI/sprites/1dce80ceb372675e9fc7e9f101b71845ef587de2/sprites/pokemon/back/869-mint-cream-star-sweet.png,not_individually_verified,not_individually_verified
dex:appearance:alcremie-rainbow-swirl-berry-sweet,869,霜奶仙 · 三色综合＋野莓糖饰,cosmetic,https://raw.githubusercontent.com/PokeAPI/sprites/1dce80ceb372675e9fc7e9f101b71845ef587de2/sprites/pokemon/869-rainbow-swirl-berry-sweet.png,https://raw.githubusercontent.com/PokeAPI/sprites/1dce80ceb372675e9fc7e9f101b71845ef587de2/sprites/pokemon/back/869-rainbow-swirl-berry-sweet.png,not_individually_verified,not_individually_verified
dex:appearance:alcremie-rainbow-swirl-clover-sweet,869,霜奶仙 · 三色综合＋幸运草糖饰,cosmetic,https://raw.githubusercontent.com/PokeAPI/sprites/1dce80ceb372675e9fc7e9f101b71845ef587de2/sprites/pokemon/869-rainbow-swirl-clover-sweet.png,https://raw.githubusercontent.com/PokeAPI/sprites/1dce80ceb372675e9fc7e9f101b71845ef587de2/sprites/pokemon/back/869-rainbow-swirl-clover-sweet.png,not_individually_verified,not_individually_verified
dex:appearance:alcremie-rainbow-swirl-flower-sweet,869,霜奶仙 · 三色综合＋花朵糖饰,cosmetic,https://raw.githubusercontent.com/PokeAPI/sprites/1dce80ceb372675e9fc7e9f101b71845ef587de2/sprites/pokemon/869-rainbow-swirl-flower-sweet.png,https://raw.githubusercontent.com/PokeAPI/sprites/1dce80ceb372675e9fc7e9f101b71845ef587de2/sprites/pokemon/back/869-rainbow-swirl-flower-sweet.png,not_individually_verified,not_individually_verified
dex:appearance:alcremie-rainbow-swirl-love-sweet,869,霜奶仙 · 三色综合＋爱心糖饰,cosmetic,https://raw.githubusercontent.com/PokeAPI/sprites/1dce80ceb372675e9fc7e9f101b71845ef587de2/sprites/pokemon/869-rainbow-swirl-love-sweet.png,https://raw.githubusercontent.com/PokeAPI/sprites/1dce80ceb372675e9fc7e9f101b71845ef587de2/sprites/pokemon/back/869-rainbow-swirl-love-sweet.png,not_individually_verified,not_individually_verified
dex:appearance:alcremie-rainbow-swirl-ribbon-sweet,869,霜奶仙 · 三色综合＋蝴蝶结糖饰,cosmetic,https://raw.githubusercontent.com/PokeAPI/sprites/1dce80ceb372675e9fc7e9f101b71845ef587de2/sprites/pokemon/869-rainbow-swirl-ribbon-sweet.png,https://raw.githubusercontent.com/PokeAPI/sprites/1dce80ceb372675e9fc7e9f101b71845ef587de2/sprites/pokemon/back/869-rainbow-swirl-ribbon-sweet.png,not_individually_verified,not_individually_verified
dex:appearance:alcremie-rainbow-swirl-star-sweet,869,霜奶仙 · 三色综合＋星星糖饰,cosmetic,https://raw.githubusercontent.com/PokeAPI/sprites/1dce80ceb372675e9fc7e9f101b71845ef587de2/sprites/pokemon/869-rainbow-swirl-star-sweet.png,https://raw.githubusercontent.com/PokeAPI/sprites/1dce80ceb372675e9fc7e9f101b71845ef587de2/sprites/pokemon/back/869-rainbow-swirl-star-sweet.png,not_individually_verified,not_individually_verified
dex:appearance:alcremie-ruby-cream-berry-sweet,869,霜奶仙 · 奶香红钻＋野莓糖饰,cosmetic,https://raw.githubusercontent.com/PokeAPI/sprites/1dce80ceb372675e9fc7e9f101b71845ef587de2/sprites/pokemon/869-ruby-cream-berry-sweet.png,https://raw.githubusercontent.com/PokeAPI/sprites/1dce80ceb372675e9fc7e9f101b71845ef587de2/sprites/pokemon/back/869-ruby-cream-berry-sweet.png,not_individually_verified,not_individually_verified
dex:appearance:alcremie-ruby-cream-clover-sweet,869,霜奶仙 · 奶香红钻＋幸运草糖饰,cosmetic,https://raw.githubusercontent.com/PokeAPI/sprites/1dce80ceb372675e9fc7e9f101b71845ef587de2/sprites/pokemon/869-ruby-cream-clover-sweet.png,https://raw.githubusercontent.com/PokeAPI/sprites/1dce80ceb372675e9fc7e9f101b71845ef587de2/sprites/pokemon/back/869-ruby-cream-clover-sweet.png,not_individually_verified,not_individually_verified
dex:appearance:alcremie-ruby-cream-flower-sweet,869,霜奶仙 · 奶香红钻＋花朵糖饰,cosmetic,https://raw.githubusercontent.com/PokeAPI/sprites/1dce80ceb372675e9fc7e9f101b71845ef587de2/sprites/pokemon/869-ruby-cream-flower-sweet.png,https://raw.githubusercontent.com/PokeAPI/sprites/1dce80ceb372675e9fc7e9f101b71845ef587de2/sprites/pokemon/back/869-ruby-cream-flower-sweet.png,not_individually_verified,not_individually_verified
dex:appearance:alcremie-ruby-cream-love-sweet,869,霜奶仙 · 奶香红钻＋爱心糖饰,cosmetic,https://raw.githubusercontent.com/PokeAPI/sprites/1dce80ceb372675e9fc7e9f101b71845ef587de2/sprites/pokemon/869-ruby-cream-love-sweet.png,https://raw.githubusercontent.com/PokeAPI/sprites/1dce80ceb372675e9fc7e9f101b71845ef587de2/sprites/pokemon/back/869-ruby-cream-love-sweet.png,not_individually_verified,not_individually_verified
dex:appearance:alcremie-ruby-cream-ribbon-sweet,869,霜奶仙 · 奶香红钻＋蝴蝶结糖饰,cosmetic,https://raw.githubusercontent.com/PokeAPI/sprites/1dce80ceb372675e9fc7e9f101b71845ef587de2/sprites/pokemon/869-ruby-cream-ribbon-sweet.png,https://raw.githubusercontent.com/PokeAPI/sprites/1dce80ceb372675e9fc7e9f101b71845ef587de2/sprites/pokemon/back/869-ruby-cream-ribbon-sweet.png,not_individually_verified,not_individually_verified
dex:appearance:alcremie-ruby-cream-star-sweet,869,霜奶仙 · 奶香红钻＋星星糖饰,cosmetic,https://raw.githubusercontent.com/PokeAPI/sprites/1dce80ceb372675e9fc7e9f101b71845ef587de2/sprites/pokemon/869-ruby-cream-star-sweet.png,https://raw.githubusercontent.com/PokeAPI/sprites/1dce80ceb372675e9fc7e9f101b71845ef587de2/sprites/pokemon/back/869-ruby-cream-star-sweet.png,not_individually_verified,not_individually_verified
dex:appearance:alcremie-ruby-swirl-berry-sweet,869,霜奶仙 · 红钻综合＋野莓糖饰,cosmetic,https://raw.githubusercontent.com/PokeAPI/sprites/1dce80ceb372675e9fc7e9f101b71845ef587de2/sprites/pokemon/869-ruby-swirl-berry-sweet.png,https://raw.githubusercontent.com/PokeAPI/sprites/1dce80ceb372675e9fc7e9f101b71845ef587de2/sprites/pokemon/back/869-ruby-swirl-berry-sweet.png,not_individually_verified,not_individually_verified
dex:appearance:alcremie-ruby-swirl-clover-sweet,869,霜奶仙 · 红钻综合＋幸运草糖饰,cosmetic,https://raw.githubusercontent.com/PokeAPI/sprites/1dce80ceb372675e9fc7e9f101b71845ef587de2/sprites/pokemon/869-ruby-swirl-clover-sweet.png,https://raw.githubusercontent.com/PokeAPI/sprites/1dce80ceb372675e9fc7e9f101b71845ef587de2/sprites/pokemon/back/869-ruby-swirl-clover-sweet.png,not_individually_verified,not_individually_verified
dex:appearance:alcremie-ruby-swirl-flower-sweet,869,霜奶仙 · 红钻综合＋花朵糖饰,cosmetic,https://raw.githubusercontent.com/PokeAPI/sprites/1dce80ceb372675e9fc7e9f101b71845ef587de2/sprites/pokemon/869-ruby-swirl-flower-sweet.png,https://raw.githubusercontent.com/PokeAPI/sprites/1dce80ceb372675e9fc7e9f101b71845ef587de2/sprites/pokemon/back/869-ruby-swirl-flower-sweet.png,not_individually_verified,not_individually_verified
dex:appearance:alcremie-ruby-swirl-love-sweet,869,霜奶仙 · 红钻综合＋爱心糖饰,cosmetic,https://raw.githubusercontent.com/PokeAPI/sprites/1dce80ceb372675e9fc7e9f101b71845ef587de2/sprites/pokemon/869-ruby-swirl-love-sweet.png,https://raw.githubusercontent.com/PokeAPI/sprites/1dce80ceb372675e9fc7e9f101b71845ef587de2/sprites/pokemon/back/869-ruby-swirl-love-sweet.png,not_individually_verified,not_individually_verified
dex:appearance:alcremie-ruby-swirl-ribbon-sweet,869,霜奶仙 · 红钻综合＋蝴蝶结糖饰,cosmetic,https://raw.githubusercontent.com/PokeAPI/sprites/1dce80ceb372675e9fc7e9f101b71845ef587de2/sprites/pokemon/869-ruby-swirl-ribbon-sweet.png,https://raw.githubusercontent.com/PokeAPI/sprites/1dce80ceb372675e9fc7e9f101b71845ef587de2/sprites/pokemon/back/869-ruby-swirl-ribbon-sweet.png,not_individually_verified,not_individually_verified
dex:appearance:alcremie-ruby-swirl-star-sweet,869,霜奶仙 · 红钻综合＋星星糖饰,cosmetic,https://raw.githubusercontent.com/PokeAPI/sprites/1dce80ceb372675e9fc7e9f101b71845ef587de2/sprites/pokemon/869-ruby-swirl-star-sweet.png,https://raw.githubusercontent.com/PokeAPI/sprites/1dce80ceb372675e9fc7e9f101b71845ef587de2/sprites/pokemon/back/869-ruby-swirl-star-sweet.png,not_individually_verified,not_individually_verified
dex:appearance:alcremie-salted-cream-berry-sweet,869,霜奶仙 · 奶香海盐＋野莓糖饰,cosmetic,https://raw.githubusercontent.com/PokeAPI/sprites/1dce80ceb372675e9fc7e9f101b71845ef587de2/sprites/pokemon/869-salted-cream-berry-sweet.png,https://raw.githubusercontent.com/PokeAPI/sprites/1dce80ceb372675e9fc7e9f101b71845ef587de2/sprites/pokemon/back/869-salted-cream-berry-sweet.png,not_individually_verified,not_individually_verified
dex:appearance:alcremie-salted-cream-clover-sweet,869,霜奶仙 · 奶香海盐＋幸运草糖饰,cosmetic,https://raw.githubusercontent.com/PokeAPI/sprites/1dce80ceb372675e9fc7e9f101b71845ef587de2/sprites/pokemon/869-salted-cream-clover-sweet.png,https://raw.githubusercontent.com/PokeAPI/sprites/1dce80ceb372675e9fc7e9f101b71845ef587de2/sprites/pokemon/back/869-salted-cream-clover-sweet.png,not_individually_verified,not_individually_verified
dex:appearance:alcremie-salted-cream-flower-sweet,869,霜奶仙 · 奶香海盐＋花朵糖饰,cosmetic,https://raw.githubusercontent.com/PokeAPI/sprites/1dce80ceb372675e9fc7e9f101b71845ef587de2/sprites/pokemon/869-salted-cream-flower-sweet.png,https://raw.githubusercontent.com/PokeAPI/sprites/1dce80ceb372675e9fc7e9f101b71845ef587de2/sprites/pokemon/back/869-salted-cream-flower-sweet.png,not_individually_verified,not_individually_verified
dex:appearance:alcremie-salted-cream-love-sweet,869,霜奶仙 · 奶香海盐＋爱心糖饰,cosmetic,https://raw.githubusercontent.com/PokeAPI/sprites/1dce80ceb372675e9fc7e9f101b71845ef587de2/sprites/pokemon/869-salted-cream-love-sweet.png,https://raw.githubusercontent.com/PokeAPI/sprites/1dce80ceb372675e9fc7e9f101b71845ef587de2/sprites/pokemon/back/869-salted-cream-love-sweet.png,not_individually_verified,not_individually_verified
dex:appearance:alcremie-salted-cream-ribbon-sweet,869,霜奶仙 · 奶香海盐＋蝴蝶结糖饰,cosmetic,https://raw.githubusercontent.com/PokeAPI/sprites/1dce80ceb372675e9fc7e9f101b71845ef587de2/sprites/pokemon/869-salted-cream-ribbon-sweet.png,https://raw.githubusercontent.com/PokeAPI/sprites/1dce80ceb372675e9fc7e9f101b71845ef587de2/sprites/pokemon/back/869-salted-cream-ribbon-sweet.png,not_individually_verified,not_individually_verified
dex:appearance:alcremie-salted-cream-star-sweet,869,霜奶仙 · 奶香海盐＋星星糖饰,cosmetic,https://raw.githubusercontent.com/PokeAPI/sprites/1dce80ceb372675e9fc7e9f101b71845ef587de2/sprites/pokemon/869-salted-cream-star-sweet.png,https://raw.githubusercontent.com/PokeAPI/sprites/1dce80ceb372675e9fc7e9f101b71845ef587de2/sprites/pokemon/back/869-salted-cream-star-sweet.png,not_individually_verified,not_individually_verified
dex:appearance:alcremie-vanilla-cream-berry-sweet,869,霜奶仙 · 奶香香草＋野莓糖饰,cosmetic,https://raw.githubusercontent.com/PokeAPI/sprites/1dce80ceb372675e9fc7e9f101b71845ef587de2/sprites/pokemon/869-vanilla-cream-berry-sweet.png,https://raw.githubusercontent.com/PokeAPI/sprites/1dce80ceb372675e9fc7e9f101b71845ef587de2/sprites/pokemon/back/869-vanilla-cream-berry-sweet.png,not_individually_verified,not_individually_verified
dex:appearance:alcremie-vanilla-cream-clover-sweet,869,霜奶仙 · 奶香香草＋幸运草糖饰,cosmetic,https://raw.githubusercontent.com/PokeAPI/sprites/1dce80ceb372675e9fc7e9f101b71845ef587de2/sprites/pokemon/869-vanilla-cream-clover-sweet.png,https://raw.githubusercontent.com/PokeAPI/sprites/1dce80ceb372675e9fc7e9f101b71845ef587de2/sprites/pokemon/back/869-vanilla-cream-clover-sweet.png,not_individually_verified,not_individually_verified
dex:appearance:alcremie-vanilla-cream-flower-sweet,869,霜奶仙 · 奶香香草＋花朵糖饰,cosmetic,https://raw.githubusercontent.com/PokeAPI/sprites/1dce80ceb372675e9fc7e9f101b71845ef587de2/sprites/pokemon/869-vanilla-cream-flower-sweet.png,https://raw.githubusercontent.com/PokeAPI/sprites/1dce80ceb372675e9fc7e9f101b71845ef587de2/sprites/pokemon/back/869-vanilla-cream-flower-sweet.png,not_individually_verified,not_individually_verified
dex:appearance:alcremie-vanilla-cream-love-sweet,869,霜奶仙 · 奶香香草＋爱心糖饰,cosmetic,https://raw.githubusercontent.com/PokeAPI/sprites/1dce80ceb372675e9fc7e9f101b71845ef587de2/sprites/pokemon/869-vanilla-cream-love-sweet.png,https://raw.githubusercontent.com/PokeAPI/sprites/1dce80ceb372675e9fc7e9f101b71845ef587de2/sprites/pokemon/back/869-vanilla-cream-love-sweet.png,not_individually_verified,not_individually_verified
dex:appearance:alcremie-vanilla-cream-ribbon-sweet,869,霜奶仙 · 奶香香草＋蝴蝶结糖饰,cosmetic,https://raw.githubusercontent.com/PokeAPI/sprites/1dce80ceb372675e9fc7e9f101b71845ef587de2/sprites/pokemon/869-vanilla-cream-ribbon-sweet.png,https://raw.githubusercontent.com/PokeAPI/sprites/1dce80ceb372675e9fc7e9f101b71845ef587de2/sprites/pokemon/back/869-vanilla-cream-ribbon-sweet.png,not_individually_verified,not_individually_verified
dex:appearance:alcremie-vanilla-cream-star-sweet,869,霜奶仙 · 奶香香草＋星星糖饰,cosmetic,https://raw.githubusercontent.com/PokeAPI/sprites/1dce80ceb372675e9fc7e9f101b71845ef587de2/sprites/pokemon/869-vanilla-cream-star-sweet.png,https://raw.githubusercontent.com/PokeAPI/sprites/1dce80ceb372675e9fc7e9f101b71845ef587de2/sprites/pokemon/back/869-vanilla-cream-star-sweet.png,not_individually_verified,not_individually_verified
dex:cosmetic:alcremiesaltedcream,869,霜奶仙 · 奶香海盐＋草莓糖饰,cosmetic,https://raw.githubusercontent.com/PokeAPI/sprites/1dce80ceb372675e9fc7e9f101b71845ef587de2/sprites/pokemon/869-salted-cream-strawberry-sweet.png,https://raw.githubusercontent.com/PokeAPI/sprites/1dce80ceb372675e9fc7e9f101b71845ef587de2/sprites/pokemon/back/869-salted-cream-strawberry-sweet.png,not_individually_verified,not_individually_verified
dex:form:alcremiecaramelswirl,869,霜奶仙 · 焦糖综合＋草莓糖饰,cosmetic,https://raw.githubusercontent.com/PokeAPI/sprites/1dce80ceb372675e9fc7e9f101b71845ef587de2/sprites/pokemon/869-caramel-swirl-strawberry-sweet.png,https://raw.githubusercontent.com/PokeAPI/sprites/1dce80ceb372675e9fc7e9f101b71845ef587de2/sprites/pokemon/back/869-caramel-swirl-strawberry-sweet.png,not_individually_verified,not_individually_verified
dex:form:alcremielemoncream,869,霜奶仙 · 奶香柠檬＋草莓糖饰,cosmetic,https://raw.githubusercontent.com/PokeAPI/sprites/1dce80ceb372675e9fc7e9f101b71845ef587de2/sprites/pokemon/869-lemon-cream-strawberry-sweet.png,https://raw.githubusercontent.com/PokeAPI/sprites/1dce80ceb372675e9fc7e9f101b71845ef587de2/sprites/pokemon/back/869-lemon-cream-strawberry-sweet.png,not_individually_verified,not_individually_verified
dex:form:alcremiematchacream,869,霜奶仙 · 奶香抹茶＋草莓糖饰,cosmetic,https://raw.githubusercontent.com/PokeAPI/sprites/1dce80ceb372675e9fc7e9f101b71845ef587de2/sprites/pokemon/869-matcha-cream-strawberry-sweet.png,https://raw.githubusercontent.com/PokeAPI/sprites/1dce80ceb372675e9fc7e9f101b71845ef587de2/sprites/pokemon/back/869-matcha-cream-strawberry-sweet.png,not_individually_verified,not_individually_verified
dex:form:alcremiemintcream,869,霜奶仙 · 奶香薄荷＋草莓糖饰,cosmetic,https://raw.githubusercontent.com/PokeAPI/sprites/1dce80ceb372675e9fc7e9f101b71845ef587de2/sprites/pokemon/869-mint-cream-strawberry-sweet.png,https://raw.githubusercontent.com/PokeAPI/sprites/1dce80ceb372675e9fc7e9f101b71845ef587de2/sprites/pokemon/back/869-mint-cream-strawberry-sweet.png,not_individually_verified,not_individually_verified
dex:form:alcremierainbowswirl,869,霜奶仙 · 三色综合＋草莓糖饰,cosmetic,https://raw.githubusercontent.com/PokeAPI/sprites/1dce80ceb372675e9fc7e9f101b71845ef587de2/sprites/pokemon/869-rainbow-swirl-strawberry-sweet.png,https://raw.githubusercontent.com/PokeAPI/sprites/1dce80ceb372675e9fc7e9f101b71845ef587de2/sprites/pokemon/back/869-rainbow-swirl-strawberry-sweet.png,not_individually_verified,not_individually_verified
dex:form:alcremierubycream,869,霜奶仙 · 奶香红钻＋草莓糖饰,cosmetic,https://raw.githubusercontent.com/PokeAPI/sprites/1dce80ceb372675e9fc7e9f101b71845ef587de2/sprites/pokemon/869-ruby-cream-strawberry-sweet.png,https://raw.githubusercontent.com/PokeAPI/sprites/1dce80ceb372675e9fc7e9f101b71845ef587de2/sprites/pokemon/back/869-ruby-cream-strawberry-sweet.png,not_individually_verified,not_individually_verified
dex:form:alcremierubyswirl,869,霜奶仙 · 红钻综合＋草莓糖饰,cosmetic,https://raw.githubusercontent.com/PokeAPI/sprites/1dce80ceb372675e9fc7e9f101b71845ef587de2/sprites/pokemon/869-ruby-swirl-strawberry-sweet.png,https://raw.githubusercontent.com/PokeAPI/sprites/1dce80ceb372675e9fc7e9f101b71845ef587de2/sprites/pokemon/back/869-ruby-swirl-strawberry-sweet.png,not_individually_verified,not_individually_verified
dex:alcremie:base:dynamax,869,霜奶仙 · 奶香香草＋草莓糖饰 · 极巨化,dynamax,https://raw.githubusercontent.com/PokeAPI/sprites/1dce80ceb372675e9fc7e9f101b71845ef587de2/sprites/pokemon/869.png,https://raw.githubusercontent.com/PokeAPI/sprites/1dce80ceb372675e9fc7e9f101b71845ef587de2/sprites/pokemon/back/869.png,not_individually_verified,not_individually_verified
dex:appearance:alcremie-caramel-swirl-berry-sweet:dynamax,869,霜奶仙 · 焦糖综合＋野莓糖饰 · 极巨化,dynamax,https://raw.githubusercontent.com/PokeAPI/sprites/1dce80ceb372675e9fc7e9f101b71845ef587de2/sprites/pokemon/869-caramel-swirl-berry-sweet.png,https://raw.githubusercontent.com/PokeAPI/sprites/1dce80ceb372675e9fc7e9f101b71845ef587de2/sprites/pokemon/back/869-caramel-swirl-berry-sweet.png,not_individually_verified,not_individually_verified
dex:appearance:alcremie-caramel-swirl-clover-sweet:dynamax,869,霜奶仙 · 焦糖综合＋幸运草糖饰 · 极巨化,dynamax,https://raw.githubusercontent.com/PokeAPI/sprites/1dce80ceb372675e9fc7e9f101b71845ef587de2/sprites/pokemon/869-caramel-swirl-clover-sweet.png,https://raw.githubusercontent.com/PokeAPI/sprites/1dce80ceb372675e9fc7e9f101b71845ef587de2/sprites/pokemon/back/869-caramel-swirl-clover-sweet.png,not_individually_verified,not_individually_verified
dex:appearance:alcremie-caramel-swirl-flower-sweet:dynamax,869,霜奶仙 · 焦糖综合＋花朵糖饰 · 极巨化,dynamax,https://raw.githubusercontent.com/PokeAPI/sprites/1dce80ceb372675e9fc7e9f101b71845ef587de2/sprites/pokemon/869-caramel-swirl-flower-sweet.png,https://raw.githubusercontent.com/PokeAPI/sprites/1dce80ceb372675e9fc7e9f101b71845ef587de2/sprites/pokemon/back/869-caramel-swirl-flower-sweet.png,not_individually_verified,not_individually_verified
dex:appearance:alcremie-caramel-swirl-love-sweet:dynamax,869,霜奶仙 · 焦糖综合＋爱心糖饰 · 极巨化,dynamax,https://raw.githubusercontent.com/PokeAPI/sprites/1dce80ceb372675e9fc7e9f101b71845ef587de2/sprites/pokemon/869-caramel-swirl-love-sweet.png,https://raw.githubusercontent.com/PokeAPI/sprites/1dce80ceb372675e9fc7e9f101b71845ef587de2/sprites/pokemon/back/869-caramel-swirl-love-sweet.png,not_individually_verified,not_individually_verified
dex:appearance:alcremie-caramel-swirl-ribbon-sweet:dynamax,869,霜奶仙 · 焦糖综合＋蝴蝶结糖饰 · 极巨化,dynamax,https://raw.githubusercontent.com/PokeAPI/sprites/1dce80ceb372675e9fc7e9f101b71845ef587de2/sprites/pokemon/869-caramel-swirl-ribbon-sweet.png,https://raw.githubusercontent.com/PokeAPI/sprites/1dce80ceb372675e9fc7e9f101b71845ef587de2/sprites/pokemon/back/869-caramel-swirl-ribbon-sweet.png,not_individually_verified,not_individually_verified
dex:appearance:alcremie-caramel-swirl-star-sweet:dynamax,869,霜奶仙 · 焦糖综合＋星星糖饰 · 极巨化,dynamax,https://raw.githubusercontent.com/PokeAPI/sprites/1dce80ceb372675e9fc7e9f101b71845ef587de2/sprites/pokemon/869-caramel-swirl-star-sweet.png,https://raw.githubusercontent.com/PokeAPI/sprites/1dce80ceb372675e9fc7e9f101b71845ef587de2/sprites/pokemon/back/869-caramel-swirl-star-sweet.png,not_individually_verified,not_individually_verified
dex:appearance:alcremie-lemon-cream-berry-sweet:dynamax,869,霜奶仙 · 奶香柠檬＋野莓糖饰 · 极巨化,dynamax,https://raw.githubusercontent.com/PokeAPI/sprites/1dce80ceb372675e9fc7e9f101b71845ef587de2/sprites/pokemon/869-lemon-cream-berry-sweet.png,https://raw.githubusercontent.com/PokeAPI/sprites/1dce80ceb372675e9fc7e9f101b71845ef587de2/sprites/pokemon/back/869-lemon-cream-berry-sweet.png,not_individually_verified,not_individually_verified
dex:appearance:alcremie-lemon-cream-clover-sweet:dynamax,869,霜奶仙 · 奶香柠檬＋幸运草糖饰 · 极巨化,dynamax,https://raw.githubusercontent.com/PokeAPI/sprites/1dce80ceb372675e9fc7e9f101b71845ef587de2/sprites/pokemon/869-lemon-cream-clover-sweet.png,https://raw.githubusercontent.com/PokeAPI/sprites/1dce80ceb372675e9fc7e9f101b71845ef587de2/sprites/pokemon/back/869-lemon-cream-clover-sweet.png,not_individually_verified,not_individually_verified
dex:appearance:alcremie-lemon-cream-flower-sweet:dynamax,869,霜奶仙 · 奶香柠檬＋花朵糖饰 · 极巨化,dynamax,https://raw.githubusercontent.com/PokeAPI/sprites/1dce80ceb372675e9fc7e9f101b71845ef587de2/sprites/pokemon/869-lemon-cream-flower-sweet.png,https://raw.githubusercontent.com/PokeAPI/sprites/1dce80ceb372675e9fc7e9f101b71845ef587de2/sprites/pokemon/back/869-lemon-cream-flower-sweet.png,not_individually_verified,not_individually_verified
dex:appearance:alcremie-lemon-cream-love-sweet:dynamax,869,霜奶仙 · 奶香柠檬＋爱心糖饰 · 极巨化,dynamax,https://raw.githubusercontent.com/PokeAPI/sprites/1dce80ceb372675e9fc7e9f101b71845ef587de2/sprites/pokemon/869-lemon-cream-love-sweet.png,https://raw.githubusercontent.com/PokeAPI/sprites/1dce80ceb372675e9fc7e9f101b71845ef587de2/sprites/pokemon/back/869-lemon-cream-love-sweet.png,not_individually_verified,not_individually_verified
dex:appearance:alcremie-lemon-cream-ribbon-sweet:dynamax,869,霜奶仙 · 奶香柠檬＋蝴蝶结糖饰 · 极巨化,dynamax,https://raw.githubusercontent.com/PokeAPI/sprites/1dce80ceb372675e9fc7e9f101b71845ef587de2/sprites/pokemon/869-lemon-cream-ribbon-sweet.png,https://raw.githubusercontent.com/PokeAPI/sprites/1dce80ceb372675e9fc7e9f101b71845ef587de2/sprites/pokemon/back/869-lemon-cream-ribbon-sweet.png,not_individually_verified,not_individually_verified
dex:appearance:alcremie-lemon-cream-star-sweet:dynamax,869,霜奶仙 · 奶香柠檬＋星星糖饰 · 极巨化,dynamax,https://raw.githubusercontent.com/PokeAPI/sprites/1dce80ceb372675e9fc7e9f101b71845ef587de2/sprites/pokemon/869-lemon-cream-star-sweet.png,https://raw.githubusercontent.com/PokeAPI/sprites/1dce80ceb372675e9fc7e9f101b71845ef587de2/sprites/pokemon/back/869-lemon-cream-star-sweet.png,not_individually_verified,not_individually_verified
dex:appearance:alcremie-matcha-cream-berry-sweet:dynamax,869,霜奶仙 · 奶香抹茶＋野莓糖饰 · 极巨化,dynamax,https://raw.githubusercontent.com/PokeAPI/sprites/1dce80ceb372675e9fc7e9f101b71845ef587de2/sprites/pokemon/869-matcha-cream-berry-sweet.png,https://raw.githubusercontent.com/PokeAPI/sprites/1dce80ceb372675e9fc7e9f101b71845ef587de2/sprites/pokemon/back/869-matcha-cream-berry-sweet.png,not_individually_verified,not_individually_verified
dex:appearance:alcremie-matcha-cream-clover-sweet:dynamax,869,霜奶仙 · 奶香抹茶＋幸运草糖饰 · 极巨化,dynamax,https://raw.githubusercontent.com/PokeAPI/sprites/1dce80ceb372675e9fc7e9f101b71845ef587de2/sprites/pokemon/869-matcha-cream-clover-sweet.png,https://raw.githubusercontent.com/PokeAPI/sprites/1dce80ceb372675e9fc7e9f101b71845ef587de2/sprites/pokemon/back/869-matcha-cream-clover-sweet.png,not_individually_verified,not_individually_verified
dex:appearance:alcremie-matcha-cream-flower-sweet:dynamax,869,霜奶仙 · 奶香抹茶＋花朵糖饰 · 极巨化,dynamax,https://raw.githubusercontent.com/PokeAPI/sprites/1dce80ceb372675e9fc7e9f101b71845ef587de2/sprites/pokemon/869-matcha-cream-flower-sweet.png,https://raw.githubusercontent.com/PokeAPI/sprites/1dce80ceb372675e9fc7e9f101b71845ef587de2/sprites/pokemon/back/869-matcha-cream-flower-sweet.png,not_individually_verified,not_individually_verified
dex:appearance:alcremie-matcha-cream-love-sweet:dynamax,869,霜奶仙 · 奶香抹茶＋爱心糖饰 · 极巨化,dynamax,https://raw.githubusercontent.com/PokeAPI/sprites/1dce80ceb372675e9fc7e9f101b71845ef587de2/sprites/pokemon/869-matcha-cream-love-sweet.png,https://raw.githubusercontent.com/PokeAPI/sprites/1dce80ceb372675e9fc7e9f101b71845ef587de2/sprites/pokemon/back/869-matcha-cream-love-sweet.png,not_individually_verified,not_individually_verified
dex:appearance:alcremie-matcha-cream-ribbon-sweet:dynamax,869,霜奶仙 · 奶香抹茶＋蝴蝶结糖饰 · 极巨化,dynamax,https://raw.githubusercontent.com/PokeAPI/sprites/1dce80ceb372675e9fc7e9f101b71845ef587de2/sprites/pokemon/869-matcha-cream-ribbon-sweet.png,https://raw.githubusercontent.com/PokeAPI/sprites/1dce80ceb372675e9fc7e9f101b71845ef587de2/sprites/pokemon/back/869-matcha-cream-ribbon-sweet.png,not_individually_verified,not_individually_verified
dex:appearance:alcremie-matcha-cream-star-sweet:dynamax,869,霜奶仙 · 奶香抹茶＋星星糖饰 · 极巨化,dynamax,https://raw.githubusercontent.com/PokeAPI/sprites/1dce80ceb372675e9fc7e9f101b71845ef587de2/sprites/pokemon/869-matcha-cream-star-sweet.png,https://raw.githubusercontent.com/PokeAPI/sprites/1dce80ceb372675e9fc7e9f101b71845ef587de2/sprites/pokemon/back/869-matcha-cream-star-sweet.png,not_individually_verified,not_individually_verified
dex:appearance:alcremie-mint-cream-berry-sweet:dynamax,869,霜奶仙 · 奶香薄荷＋野莓糖饰 · 极巨化,dynamax,https://raw.githubusercontent.com/PokeAPI/sprites/1dce80ceb372675e9fc7e9f101b71845ef587de2/sprites/pokemon/869-mint-cream-berry-sweet.png,https://raw.githubusercontent.com/PokeAPI/sprites/1dce80ceb372675e9fc7e9f101b71845ef587de2/sprites/pokemon/back/869-mint-cream-berry-sweet.png,not_individually_verified,not_individually_verified
dex:appearance:alcremie-mint-cream-clover-sweet:dynamax,869,霜奶仙 · 奶香薄荷＋幸运草糖饰 · 极巨化,dynamax,https://raw.githubusercontent.com/PokeAPI/sprites/1dce80ceb372675e9fc7e9f101b71845ef587de2/sprites/pokemon/869-mint-cream-clover-sweet.png,https://raw.githubusercontent.com/PokeAPI/sprites/1dce80ceb372675e9fc7e9f101b71845ef587de2/sprites/pokemon/back/869-mint-cream-clover-sweet.png,not_individually_verified,not_individually_verified
dex:appearance:alcremie-mint-cream-flower-sweet:dynamax,869,霜奶仙 · 奶香薄荷＋花朵糖饰 · 极巨化,dynamax,https://raw.githubusercontent.com/PokeAPI/sprites/1dce80ceb372675e9fc7e9f101b71845ef587de2/sprites/pokemon/869-mint-cream-flower-sweet.png,https://raw.githubusercontent.com/PokeAPI/sprites/1dce80ceb372675e9fc7e9f101b71845ef587de2/sprites/pokemon/back/869-mint-cream-flower-sweet.png,not_individually_verified,not_individually_verified
dex:appearance:alcremie-mint-cream-love-sweet:dynamax,869,霜奶仙 · 奶香薄荷＋爱心糖饰 · 极巨化,dynamax,https://raw.githubusercontent.com/PokeAPI/sprites/1dce80ceb372675e9fc7e9f101b71845ef587de2/sprites/pokemon/869-mint-cream-love-sweet.png,https://raw.githubusercontent.com/PokeAPI/sprites/1dce80ceb372675e9fc7e9f101b71845ef587de2/sprites/pokemon/back/869-mint-cream-love-sweet.png,not_individually_verified,not_individually_verified
dex:appearance:alcremie-mint-cream-ribbon-sweet:dynamax,869,霜奶仙 · 奶香薄荷＋蝴蝶结糖饰 · 极巨化,dynamax,https://raw.githubusercontent.com/PokeAPI/sprites/1dce80ceb372675e9fc7e9f101b71845ef587de2/sprites/pokemon/869-mint-cream-ribbon-sweet.png,https://raw.githubusercontent.com/PokeAPI/sprites/1dce80ceb372675e9fc7e9f101b71845ef587de2/sprites/pokemon/back/869-mint-cream-ribbon-sweet.png,not_individually_verified,not_individually_verified
dex:appearance:alcremie-mint-cream-star-sweet:dynamax,869,霜奶仙 · 奶香薄荷＋星星糖饰 · 极巨化,dynamax,https://raw.githubusercontent.com/PokeAPI/sprites/1dce80ceb372675e9fc7e9f101b71845ef587de2/sprites/pokemon/869-mint-cream-star-sweet.png,https://raw.githubusercontent.com/PokeAPI/sprites/1dce80ceb372675e9fc7e9f101b71845ef587de2/sprites/pokemon/back/869-mint-cream-star-sweet.png,not_individually_verified,not_individually_verified
dex:appearance:alcremie-rainbow-swirl-berry-sweet:dynamax,869,霜奶仙 · 三色综合＋野莓糖饰 · 极巨化,dynamax,https://raw.githubusercontent.com/PokeAPI/sprites/1dce80ceb372675e9fc7e9f101b71845ef587de2/sprites/pokemon/869-rainbow-swirl-berry-sweet.png,https://raw.githubusercontent.com/PokeAPI/sprites/1dce80ceb372675e9fc7e9f101b71845ef587de2/sprites/pokemon/back/869-rainbow-swirl-berry-sweet.png,not_individually_verified,not_individually_verified
dex:appearance:alcremie-rainbow-swirl-clover-sweet:dynamax,869,霜奶仙 · 三色综合＋幸运草糖饰 · 极巨化,dynamax,https://raw.githubusercontent.com/PokeAPI/sprites/1dce80ceb372675e9fc7e9f101b71845ef587de2/sprites/pokemon/869-rainbow-swirl-clover-sweet.png,https://raw.githubusercontent.com/PokeAPI/sprites/1dce80ceb372675e9fc7e9f101b71845ef587de2/sprites/pokemon/back/869-rainbow-swirl-clover-sweet.png,not_individually_verified,not_individually_verified
dex:appearance:alcremie-rainbow-swirl-flower-sweet:dynamax,869,霜奶仙 · 三色综合＋花朵糖饰 · 极巨化,dynamax,https://raw.githubusercontent.com/PokeAPI/sprites/1dce80ceb372675e9fc7e9f101b71845ef587de2/sprites/pokemon/869-rainbow-swirl-flower-sweet.png,https://raw.githubusercontent.com/PokeAPI/sprites/1dce80ceb372675e9fc7e9f101b71845ef587de2/sprites/pokemon/back/869-rainbow-swirl-flower-sweet.png,not_individually_verified,not_individually_verified
dex:appearance:alcremie-rainbow-swirl-love-sweet:dynamax,869,霜奶仙 · 三色综合＋爱心糖饰 · 极巨化,dynamax,https://raw.githubusercontent.com/PokeAPI/sprites/1dce80ceb372675e9fc7e9f101b71845ef587de2/sprites/pokemon/869-rainbow-swirl-love-sweet.png,https://raw.githubusercontent.com/PokeAPI/sprites/1dce80ceb372675e9fc7e9f101b71845ef587de2/sprites/pokemon/back/869-rainbow-swirl-love-sweet.png,not_individually_verified,not_individually_verified
dex:appearance:alcremie-rainbow-swirl-ribbon-sweet:dynamax,869,霜奶仙 · 三色综合＋蝴蝶结糖饰 · 极巨化,dynamax,https://raw.githubusercontent.com/PokeAPI/sprites/1dce80ceb372675e9fc7e9f101b71845ef587de2/sprites/pokemon/869-rainbow-swirl-ribbon-sweet.png,https://raw.githubusercontent.com/PokeAPI/sprites/1dce80ceb372675e9fc7e9f101b71845ef587de2/sprites/pokemon/back/869-rainbow-swirl-ribbon-sweet.png,not_individually_verified,not_individually_verified
dex:appearance:alcremie-rainbow-swirl-star-sweet:dynamax,869,霜奶仙 · 三色综合＋星星糖饰 · 极巨化,dynamax,https://raw.githubusercontent.com/PokeAPI/sprites/1dce80ceb372675e9fc7e9f101b71845ef587de2/sprites/pokemon/869-rainbow-swirl-star-sweet.png,https://raw.githubusercontent.com/PokeAPI/sprites/1dce80ceb372675e9fc7e9f101b71845ef587de2/sprites/pokemon/back/869-rainbow-swirl-star-sweet.png,not_individually_verified,not_individually_verified
dex:appearance:alcremie-ruby-cream-berry-sweet:dynamax,869,霜奶仙 · 奶香红钻＋野莓糖饰 · 极巨化,dynamax,https://raw.githubusercontent.com/PokeAPI/sprites/1dce80ceb372675e9fc7e9f101b71845ef587de2/sprites/pokemon/869-ruby-cream-berry-sweet.png,https://raw.githubusercontent.com/PokeAPI/sprites/1dce80ceb372675e9fc7e9f101b71845ef587de2/sprites/pokemon/back/869-ruby-cream-berry-sweet.png,not_individually_verified,not_individually_verified
dex:appearance:alcremie-ruby-cream-clover-sweet:dynamax,869,霜奶仙 · 奶香红钻＋幸运草糖饰 · 极巨化,dynamax,https://raw.githubusercontent.com/PokeAPI/sprites/1dce80ceb372675e9fc7e9f101b71845ef587de2/sprites/pokemon/869-ruby-cream-clover-sweet.png,https://raw.githubusercontent.com/PokeAPI/sprites/1dce80ceb372675e9fc7e9f101b71845ef587de2/sprites/pokemon/back/869-ruby-cream-clover-sweet.png,not_individually_verified,not_individually_verified
dex:appearance:alcremie-ruby-cream-flower-sweet:dynamax,869,霜奶仙 · 奶香红钻＋花朵糖饰 · 极巨化,dynamax,https://raw.githubusercontent.com/PokeAPI/sprites/1dce80ceb372675e9fc7e9f101b71845ef587de2/sprites/pokemon/869-ruby-cream-flower-sweet.png,https://raw.githubusercontent.com/PokeAPI/sprites/1dce80ceb372675e9fc7e9f101b71845ef587de2/sprites/pokemon/back/869-ruby-cream-flower-sweet.png,not_individually_verified,not_individually_verified
dex:appearance:alcremie-ruby-cream-love-sweet:dynamax,869,霜奶仙 · 奶香红钻＋爱心糖饰 · 极巨化,dynamax,https://raw.githubusercontent.com/PokeAPI/sprites/1dce80ceb372675e9fc7e9f101b71845ef587de2/sprites/pokemon/869-ruby-cream-love-sweet.png,https://raw.githubusercontent.com/PokeAPI/sprites/1dce80ceb372675e9fc7e9f101b71845ef587de2/sprites/pokemon/back/869-ruby-cream-love-sweet.png,not_individually_verified,not_individually_verified
dex:appearance:alcremie-ruby-cream-ribbon-sweet:dynamax,869,霜奶仙 · 奶香红钻＋蝴蝶结糖饰 · 极巨化,dynamax,https://raw.githubusercontent.com/PokeAPI/sprites/1dce80ceb372675e9fc7e9f101b71845ef587de2/sprites/pokemon/869-ruby-cream-ribbon-sweet.png,https://raw.githubusercontent.com/PokeAPI/sprites/1dce80ceb372675e9fc7e9f101b71845ef587de2/sprites/pokemon/back/869-ruby-cream-ribbon-sweet.png,not_individually_verified,not_individually_verified
dex:appearance:alcremie-ruby-cream-star-sweet:dynamax,869,霜奶仙 · 奶香红钻＋星星糖饰 · 极巨化,dynamax,https://raw.githubusercontent.com/PokeAPI/sprites/1dce80ceb372675e9fc7e9f101b71845ef587de2/sprites/pokemon/869-ruby-cream-star-sweet.png,https://raw.githubusercontent.com/PokeAPI/sprites/1dce80ceb372675e9fc7e9f101b71845ef587de2/sprites/pokemon/back/869-ruby-cream-star-sweet.png,not_individually_verified,not_individually_verified
dex:appearance:alcremie-ruby-swirl-berry-sweet:dynamax,869,霜奶仙 · 红钻综合＋野莓糖饰 · 极巨化,dynamax,https://raw.githubusercontent.com/PokeAPI/sprites/1dce80ceb372675e9fc7e9f101b71845ef587de2/sprites/pokemon/869-ruby-swirl-berry-sweet.png,https://raw.githubusercontent.com/PokeAPI/sprites/1dce80ceb372675e9fc7e9f101b71845ef587de2/sprites/pokemon/back/869-ruby-swirl-berry-sweet.png,not_individually_verified,not_individually_verified
dex:appearance:alcremie-ruby-swirl-clover-sweet:dynamax,869,霜奶仙 · 红钻综合＋幸运草糖饰 · 极巨化,dynamax,https://raw.githubusercontent.com/PokeAPI/sprites/1dce80ceb372675e9fc7e9f101b71845ef587de2/sprites/pokemon/869-ruby-swirl-clover-sweet.png,https://raw.githubusercontent.com/PokeAPI/sprites/1dce80ceb372675e9fc7e9f101b71845ef587de2/sprites/pokemon/back/869-ruby-swirl-clover-sweet.png,not_individually_verified,not_individually_verified
dex:appearance:alcremie-ruby-swirl-flower-sweet:dynamax,869,霜奶仙 · 红钻综合＋花朵糖饰 · 极巨化,dynamax,https://raw.githubusercontent.com/PokeAPI/sprites/1dce80ceb372675e9fc7e9f101b71845ef587de2/sprites/pokemon/869-ruby-swirl-flower-sweet.png,https://raw.githubusercontent.com/PokeAPI/sprites/1dce80ceb372675e9fc7e9f101b71845ef587de2/sprites/pokemon/back/869-ruby-swirl-flower-sweet.png,not_individually_verified,not_individually_verified
dex:appearance:alcremie-ruby-swirl-love-sweet:dynamax,869,霜奶仙 · 红钻综合＋爱心糖饰 · 极巨化,dynamax,https://raw.githubusercontent.com/PokeAPI/sprites/1dce80ceb372675e9fc7e9f101b71845ef587de2/sprites/pokemon/869-ruby-swirl-love-sweet.png,https://raw.githubusercontent.com/PokeAPI/sprites/1dce80ceb372675e9fc7e9f101b71845ef587de2/sprites/pokemon/back/869-ruby-swirl-love-sweet.png,not_individually_verified,not_individually_verified
dex:appearance:alcremie-ruby-swirl-ribbon-sweet:dynamax,869,霜奶仙 · 红钻综合＋蝴蝶结糖饰 · 极巨化,dynamax,https://raw.githubusercontent.com/PokeAPI/sprites/1dce80ceb372675e9fc7e9f101b71845ef587de2/sprites/pokemon/869-ruby-swirl-ribbon-sweet.png,https://raw.githubusercontent.com/PokeAPI/sprites/1dce80ceb372675e9fc7e9f101b71845ef587de2/sprites/pokemon/back/869-ruby-swirl-ribbon-sweet.png,not_individually_verified,not_individually_verified
dex:appearance:alcremie-ruby-swirl-star-sweet:dynamax,869,霜奶仙 · 红钻综合＋星星糖饰 · 极巨化,dynamax,https://raw.githubusercontent.com/PokeAPI/sprites/1dce80ceb372675e9fc7e9f101b71845ef587de2/sprites/pokemon/869-ruby-swirl-star-sweet.png,https://raw.githubusercontent.com/PokeAPI/sprites/1dce80ceb372675e9fc7e9f101b71845ef587de2/sprites/pokemon/back/869-ruby-swirl-star-sweet.png,not_individually_verified,not_individually_verified
dex:appearance:alcremie-salted-cream-berry-sweet:dynamax,869,霜奶仙 · 奶香海盐＋野莓糖饰 · 极巨化,dynamax,https://raw.githubusercontent.com/PokeAPI/sprites/1dce80ceb372675e9fc7e9f101b71845ef587de2/sprites/pokemon/869-salted-cream-berry-sweet.png,https://raw.githubusercontent.com/PokeAPI/sprites/1dce80ceb372675e9fc7e9f101b71845ef587de2/sprites/pokemon/back/869-salted-cream-berry-sweet.png,not_individually_verified,not_individually_verified
dex:appearance:alcremie-salted-cream-clover-sweet:dynamax,869,霜奶仙 · 奶香海盐＋幸运草糖饰 · 极巨化,dynamax,https://raw.githubusercontent.com/PokeAPI/sprites/1dce80ceb372675e9fc7e9f101b71845ef587de2/sprites/pokemon/869-salted-cream-clover-sweet.png,https://raw.githubusercontent.com/PokeAPI/sprites/1dce80ceb372675e9fc7e9f101b71845ef587de2/sprites/pokemon/back/869-salted-cream-clover-sweet.png,not_individually_verified,not_individually_verified
dex:appearance:alcremie-salted-cream-flower-sweet:dynamax,869,霜奶仙 · 奶香海盐＋花朵糖饰 · 极巨化,dynamax,https://raw.githubusercontent.com/PokeAPI/sprites/1dce80ceb372675e9fc7e9f101b71845ef587de2/sprites/pokemon/869-salted-cream-flower-sweet.png,https://raw.githubusercontent.com/PokeAPI/sprites/1dce80ceb372675e9fc7e9f101b71845ef587de2/sprites/pokemon/back/869-salted-cream-flower-sweet.png,not_individually_verified,not_individually_verified
dex:appearance:alcremie-salted-cream-love-sweet:dynamax,869,霜奶仙 · 奶香海盐＋爱心糖饰 · 极巨化,dynamax,https://raw.githubusercontent.com/PokeAPI/sprites/1dce80ceb372675e9fc7e9f101b71845ef587de2/sprites/pokemon/869-salted-cream-love-sweet.png,https://raw.githubusercontent.com/PokeAPI/sprites/1dce80ceb372675e9fc7e9f101b71845ef587de2/sprites/pokemon/back/869-salted-cream-love-sweet.png,not_individually_verified,not_individually_verified
dex:appearance:alcremie-salted-cream-ribbon-sweet:dynamax,869,霜奶仙 · 奶香海盐＋蝴蝶结糖饰 · 极巨化,dynamax,https://raw.githubusercontent.com/PokeAPI/sprites/1dce80ceb372675e9fc7e9f101b71845ef587de2/sprites/pokemon/869-salted-cream-ribbon-sweet.png,https://raw.githubusercontent.com/PokeAPI/sprites/1dce80ceb372675e9fc7e9f101b71845ef587de2/sprites/pokemon/back/869-salted-cream-ribbon-sweet.png,not_individually_verified,not_individually_verified
dex:appearance:alcremie-salted-cream-star-sweet:dynamax,869,霜奶仙 · 奶香海盐＋星星糖饰 · 极巨化,dynamax,https://raw.githubusercontent.com/PokeAPI/sprites/1dce80ceb372675e9fc7e9f101b71845ef587de2/sprites/pokemon/869-salted-cream-star-sweet.png,https://raw.githubusercontent.com/PokeAPI/sprites/1dce80ceb372675e9fc7e9f101b71845ef587de2/sprites/pokemon/back/869-salted-cream-star-sweet.png,not_individually_verified,not_individually_verified
dex:appearance:alcremie-vanilla-cream-berry-sweet:dynamax,869,霜奶仙 · 奶香香草＋野莓糖饰 · 极巨化,dynamax,https://raw.githubusercontent.com/PokeAPI/sprites/1dce80ceb372675e9fc7e9f101b71845ef587de2/sprites/pokemon/869-vanilla-cream-berry-sweet.png,https://raw.githubusercontent.com/PokeAPI/sprites/1dce80ceb372675e9fc7e9f101b71845ef587de2/sprites/pokemon/back/869-vanilla-cream-berry-sweet.png,not_individually_verified,not_individually_verified
dex:appearance:alcremie-vanilla-cream-clover-sweet:dynamax,869,霜奶仙 · 奶香香草＋幸运草糖饰 · 极巨化,dynamax,https://raw.githubusercontent.com/PokeAPI/sprites/1dce80ceb372675e9fc7e9f101b71845ef587de2/sprites/pokemon/869-vanilla-cream-clover-sweet.png,https://raw.githubusercontent.com/PokeAPI/sprites/1dce80ceb372675e9fc7e9f101b71845ef587de2/sprites/pokemon/back/869-vanilla-cream-clover-sweet.png,not_individually_verified,not_individually_verified
dex:appearance:alcremie-vanilla-cream-flower-sweet:dynamax,869,霜奶仙 · 奶香香草＋花朵糖饰 · 极巨化,dynamax,https://raw.githubusercontent.com/PokeAPI/sprites/1dce80ceb372675e9fc7e9f101b71845ef587de2/sprites/pokemon/869-vanilla-cream-flower-sweet.png,https://raw.githubusercontent.com/PokeAPI/sprites/1dce80ceb372675e9fc7e9f101b71845ef587de2/sprites/pokemon/back/869-vanilla-cream-flower-sweet.png,not_individually_verified,not_individually_verified
dex:appearance:alcremie-vanilla-cream-love-sweet:dynamax,869,霜奶仙 · 奶香香草＋爱心糖饰 · 极巨化,dynamax,https://raw.githubusercontent.com/PokeAPI/sprites/1dce80ceb372675e9fc7e9f101b71845ef587de2/sprites/pokemon/869-vanilla-cream-love-sweet.png,https://raw.githubusercontent.com/PokeAPI/sprites/1dce80ceb372675e9fc7e9f101b71845ef587de2/sprites/pokemon/back/869-vanilla-cream-love-sweet.png,not_individually_verified,not_individually_verified
dex:appearance:alcremie-vanilla-cream-ribbon-sweet:dynamax,869,霜奶仙 · 奶香香草＋蝴蝶结糖饰 · 极巨化,dynamax,https://raw.githubusercontent.com/PokeAPI/sprites/1dce80ceb372675e9fc7e9f101b71845ef587de2/sprites/pokemon/869-vanilla-cream-ribbon-sweet.png,https://raw.githubusercontent.com/PokeAPI/sprites/1dce80ceb372675e9fc7e9f101b71845ef587de2/sprites/pokemon/back/869-vanilla-cream-ribbon-sweet.png,not_individually_verified,not_individually_verified
dex:appearance:alcremie-vanilla-cream-star-sweet:dynamax,869,霜奶仙 · 奶香香草＋星星糖饰 · 极巨化,dynamax,https://raw.githubusercontent.com/PokeAPI/sprites/1dce80ceb372675e9fc7e9f101b71845ef587de2/sprites/pokemon/869-vanilla-cream-star-sweet.png,https://raw.githubusercontent.com/PokeAPI/sprites/1dce80ceb372675e9fc7e9f101b71845ef587de2/sprites/pokemon/back/869-vanilla-cream-star-sweet.png,not_individually_verified,not_individually_verified
dex:cosmetic:alcremiesaltedcream:dynamax,869,霜奶仙 · 奶香海盐＋草莓糖饰 · 极巨化,dynamax,https://raw.githubusercontent.com/PokeAPI/sprites/1dce80ceb372675e9fc7e9f101b71845ef587de2/sprites/pokemon/869-salted-cream-strawberry-sweet.png,https://raw.githubusercontent.com/PokeAPI/sprites/1dce80ceb372675e9fc7e9f101b71845ef587de2/sprites/pokemon/back/869-salted-cream-strawberry-sweet.png,not_individually_verified,not_individually_verified
dex:form:alcremiecaramelswirl:dynamax,869,霜奶仙 · 焦糖综合＋草莓糖饰 · 极巨化,dynamax,https://raw.githubusercontent.com/PokeAPI/sprites/1dce80ceb372675e9fc7e9f101b71845ef587de2/sprites/pokemon/869-caramel-swirl-strawberry-sweet.png,https://raw.githubusercontent.com/PokeAPI/sprites/1dce80ceb372675e9fc7e9f101b71845ef587de2/sprites/pokemon/back/869-caramel-swirl-strawberry-sweet.png,not_individually_verified,not_individually_verified
dex:form:alcremielemoncream:dynamax,869,霜奶仙 · 奶香柠檬＋草莓糖饰 · 极巨化,dynamax,https://raw.githubusercontent.com/PokeAPI/sprites/1dce80ceb372675e9fc7e9f101b71845ef587de2/sprites/pokemon/869-lemon-cream-strawberry-sweet.png,https://raw.githubusercontent.com/PokeAPI/sprites/1dce80ceb372675e9fc7e9f101b71845ef587de2/sprites/pokemon/back/869-lemon-cream-strawberry-sweet.png,not_individually_verified,not_individually_verified
dex:form:alcremiematchacream:dynamax,869,霜奶仙 · 奶香抹茶＋草莓糖饰 · 极巨化,dynamax,https://raw.githubusercontent.com/PokeAPI/sprites/1dce80ceb372675e9fc7e9f101b71845ef587de2/sprites/pokemon/869-matcha-cream-strawberry-sweet.png,https://raw.githubusercontent.com/PokeAPI/sprites/1dce80ceb372675e9fc7e9f101b71845ef587de2/sprites/pokemon/back/869-matcha-cream-strawberry-sweet.png,not_individually_verified,not_individually_verified
dex:form:alcremiemintcream:dynamax,869,霜奶仙 · 奶香薄荷＋草莓糖饰 · 极巨化,dynamax,https://raw.githubusercontent.com/PokeAPI/sprites/1dce80ceb372675e9fc7e9f101b71845ef587de2/sprites/pokemon/869-mint-cream-strawberry-sweet.png,https://raw.githubusercontent.com/PokeAPI/sprites/1dce80ceb372675e9fc7e9f101b71845ef587de2/sprites/pokemon/back/869-mint-cream-strawberry-sweet.png,not_individually_verified,not_individually_verified
dex:form:alcremierainbowswirl:dynamax,869,霜奶仙 · 三色综合＋草莓糖饰 · 极巨化,dynamax,https://raw.githubusercontent.com/PokeAPI/sprites/1dce80ceb372675e9fc7e9f101b71845ef587de2/sprites/pokemon/869-rainbow-swirl-strawberry-sweet.png,https://raw.githubusercontent.com/PokeAPI/sprites/1dce80ceb372675e9fc7e9f101b71845ef587de2/sprites/pokemon/back/869-rainbow-swirl-strawberry-sweet.png,not_individually_verified,not_individually_verified
dex:form:alcremierubycream:dynamax,869,霜奶仙 · 奶香红钻＋草莓糖饰 · 极巨化,dynamax,https://raw.githubusercontent.com/PokeAPI/sprites/1dce80ceb372675e9fc7e9f101b71845ef587de2/sprites/pokemon/869-ruby-cream-strawberry-sweet.png,https://raw.githubusercontent.com/PokeAPI/sprites/1dce80ceb372675e9fc7e9f101b71845ef587de2/sprites/pokemon/back/869-ruby-cream-strawberry-sweet.png,not_individually_verified,not_individually_verified
dex:form:alcremierubyswirl:dynamax,869,霜奶仙 · 红钻综合＋草莓糖饰 · 极巨化,dynamax,https://raw.githubusercontent.com/PokeAPI/sprites/1dce80ceb372675e9fc7e9f101b71845ef587de2/sprites/pokemon/869-ruby-swirl-strawberry-sweet.png,https://raw.githubusercontent.com/PokeAPI/sprites/1dce80ceb372675e9fc7e9f101b71845ef587de2/sprites/pokemon/back/869-ruby-swirl-strawberry-sweet.png,not_individually_verified,not_individually_verified
dex:falinks:base,870,列阵兵,base,https://raw.githubusercontent.com/PokeAPI/sprites/1dce80ceb372675e9fc7e9f101b71845ef587de2/sprites/pokemon/870.png,https://raw.githubusercontent.com/PokeAPI/sprites/1dce80ceb372675e9fc7e9f101b71845ef587de2/sprites/pokemon/back/870.png,not_individually_verified,not_individually_verified
dex:form:falinksmega,870,列阵兵 · 超级进化,mega,https://raw.githubusercontent.com/PokeAPI/sprites/1dce80ceb372675e9fc7e9f101b71845ef587de2/sprites/pokemon/10303.png,https://raw.githubusercontent.com/PokeAPI/sprites/1dce80ceb372675e9fc7e9f101b71845ef587de2/sprites/pokemon/back/10303.png,not_individually_verified,not_individually_verified
dex:falinks:base:dynamax,870,列阵兵 · 极巨化,dynamax,https://raw.githubusercontent.com/PokeAPI/sprites/1dce80ceb372675e9fc7e9f101b71845ef587de2/sprites/pokemon/870.png,https://raw.githubusercontent.com/PokeAPI/sprites/1dce80ceb372675e9fc7e9f101b71845ef587de2/sprites/pokemon/back/870.png,not_individually_verified,not_individually_verified
dex:pincurchin:base,871,啪嚓海胆,base,https://raw.githubusercontent.com/PokeAPI/sprites/1dce80ceb372675e9fc7e9f101b71845ef587de2/sprites/pokemon/871.png,https://raw.githubusercontent.com/PokeAPI/sprites/1dce80ceb372675e9fc7e9f101b71845ef587de2/sprites/pokemon/back/871.png,not_individually_verified,not_individually_verified
dex:pincurchin:base:dynamax,871,啪嚓海胆 · 极巨化,dynamax,https://raw.githubusercontent.com/PokeAPI/sprites/1dce80ceb372675e9fc7e9f101b71845ef587de2/sprites/pokemon/871.png,https://raw.githubusercontent.com/PokeAPI/sprites/1dce80ceb372675e9fc7e9f101b71845ef587de2/sprites/pokemon/back/871.png,not_individually_verified,not_individually_verified
dex:snom:base,872,雪吞虫,base,https://raw.githubusercontent.com/PokeAPI/sprites/1dce80ceb372675e9fc7e9f101b71845ef587de2/sprites/pokemon/872.png,https://raw.githubusercontent.com/PokeAPI/sprites/1dce80ceb372675e9fc7e9f101b71845ef587de2/sprites/pokemon/back/872.png,not_individually_verified,not_individually_verified
dex:snom:base:dynamax,872,雪吞虫 · 极巨化,dynamax,https://raw.githubusercontent.com/PokeAPI/sprites/1dce80ceb372675e9fc7e9f101b71845ef587de2/sprites/pokemon/872.png,https://raw.githubusercontent.com/PokeAPI/sprites/1dce80ceb372675e9fc7e9f101b71845ef587de2/sprites/pokemon/back/872.png,not_individually_verified,not_individually_verified
dex:frosmoth:base,873,雪绒蛾,base,https://raw.githubusercontent.com/PokeAPI/sprites/1dce80ceb372675e9fc7e9f101b71845ef587de2/sprites/pokemon/873.png,https://raw.githubusercontent.com/PokeAPI/sprites/1dce80ceb372675e9fc7e9f101b71845ef587de2/sprites/pokemon/back/873.png,not_individually_verified,not_individually_verified
dex:frosmoth:base:dynamax,873,雪绒蛾 · 极巨化,dynamax,https://raw.githubusercontent.com/PokeAPI/sprites/1dce80ceb372675e9fc7e9f101b71845ef587de2/sprites/pokemon/873.png,https://raw.githubusercontent.com/PokeAPI/sprites/1dce80ceb372675e9fc7e9f101b71845ef587de2/sprites/pokemon/back/873.png,not_individually_verified,not_individually_verified
dex:stonjourner:base,874,巨石丁,base,https://raw.githubusercontent.com/PokeAPI/sprites/1dce80ceb372675e9fc7e9f101b71845ef587de2/sprites/pokemon/874.png,https://raw.githubusercontent.com/PokeAPI/sprites/1dce80ceb372675e9fc7e9f101b71845ef587de2/sprites/pokemon/back/874.png,not_individually_verified,not_individually_verified
dex:stonjourner:base:dynamax,874,巨石丁 · 极巨化,dynamax,https://raw.githubusercontent.com/PokeAPI/sprites/1dce80ceb372675e9fc7e9f101b71845ef587de2/sprites/pokemon/874.png,https://raw.githubusercontent.com/PokeAPI/sprites/1dce80ceb372675e9fc7e9f101b71845ef587de2/sprites/pokemon/back/874.png,not_individually_verified,not_individually_verified
dex:eiscue:base,875,冰砌鹅,base,https://raw.githubusercontent.com/PokeAPI/sprites/1dce80ceb372675e9fc7e9f101b71845ef587de2/sprites/pokemon/875.png,https://raw.githubusercontent.com/PokeAPI/sprites/1dce80ceb372675e9fc7e9f101b71845ef587de2/sprites/pokemon/back/875.png,not_individually_verified,not_individually_verified
dex:eiscue:base:dynamax,875,冰砌鹅 · 极巨化,dynamax,https://raw.githubusercontent.com/PokeAPI/sprites/1dce80ceb372675e9fc7e9f101b71845ef587de2/sprites/pokemon/875.png,https://raw.githubusercontent.com/PokeAPI/sprites/1dce80ceb372675e9fc7e9f101b71845ef587de2/sprites/pokemon/back/875.png,not_individually_verified,not_individually_verified
dex:form:eiscuenoice,875,冰砌鹅 · 解冻头,battle_state,https://raw.githubusercontent.com/PokeAPI/sprites/1dce80ceb372675e9fc7e9f101b71845ef587de2/sprites/pokemon/10185.png,https://raw.githubusercontent.com/PokeAPI/sprites/1dce80ceb372675e9fc7e9f101b71845ef587de2/sprites/pokemon/back/10185.png,not_individually_verified,not_individually_verified
dex:indeedee:base,876,爱管侍,base,https://raw.githubusercontent.com/PokeAPI/sprites/1dce80ceb372675e9fc7e9f101b71845ef587de2/sprites/pokemon/876.png,https://raw.githubusercontent.com/PokeAPI/sprites/1dce80ceb372675e9fc7e9f101b71845ef587de2/sprites/pokemon/back/876.png,not_individually_verified,not_individually_verified
dex:form:indeedeef:dynamax,876,爱管侍 · 雌性的样子 · 极巨化,dynamax,https://raw.githubusercontent.com/PokeAPI/sprites/1dce80ceb372675e9fc7e9f101b71845ef587de2/sprites/pokemon/10186.png,https://raw.githubusercontent.com/PokeAPI/sprites/1dce80ceb372675e9fc7e9f101b71845ef587de2/sprites/pokemon/back/10186.png,not_individually_verified,not_individually_verified
dex:indeedee:base:dynamax,876,爱管侍 · 极巨化,dynamax,https://raw.githubusercontent.com/PokeAPI/sprites/1dce80ceb372675e9fc7e9f101b71845ef587de2/sprites/pokemon/876.png,https://raw.githubusercontent.com/PokeAPI/sprites/1dce80ceb372675e9fc7e9f101b71845ef587de2/sprites/pokemon/back/876.png,not_individually_verified,not_individually_verified
dex:form:indeedeef,876,爱管侍 · 雌性的样子,gender_form,https://raw.githubusercontent.com/PokeAPI/sprites/1dce80ceb372675e9fc7e9f101b71845ef587de2/sprites/pokemon/10186.png,https://raw.githubusercontent.com/PokeAPI/sprites/1dce80ceb372675e9fc7e9f101b71845ef587de2/sprites/pokemon/back/10186.png,not_individually_verified,not_individually_verified
dex:morpeko:base,877,莫鲁贝可,base,https://raw.githubusercontent.com/PokeAPI/sprites/1dce80ceb372675e9fc7e9f101b71845ef587de2/sprites/pokemon/877.png,https://raw.githubusercontent.com/PokeAPI/sprites/1dce80ceb372675e9fc7e9f101b71845ef587de2/sprites/pokemon/back/877.png,not_individually_verified,not_individually_verified
dex:morpeko:base:dynamax,877,莫鲁贝可 · 极巨化,dynamax,https://raw.githubusercontent.com/PokeAPI/sprites/1dce80ceb372675e9fc7e9f101b71845ef587de2/sprites/pokemon/877.png,https://raw.githubusercontent.com/PokeAPI/sprites/1dce80ceb372675e9fc7e9f101b71845ef587de2/sprites/pokemon/back/877.png,not_individually_verified,not_individually_verified
dex:form:morpekohangry,877,莫鲁贝可 · 空腹花纹,battle_state,https://raw.githubusercontent.com/PokeAPI/sprites/1dce80ceb372675e9fc7e9f101b71845ef587de2/sprites/pokemon/10187.png,https://raw.githubusercontent.com/PokeAPI/sprites/1dce80ceb372675e9fc7e9f101b71845ef587de2/sprites/pokemon/back/10187.png,not_individually_verified,not_individually_verified
dex:cufant:base,878,铜象,base,https://raw.githubusercontent.com/PokeAPI/sprites/1dce80ceb372675e9fc7e9f101b71845ef587de2/sprites/pokemon/878.png,https://raw.githubusercontent.com/PokeAPI/sprites/1dce80ceb372675e9fc7e9f101b71845ef587de2/sprites/pokemon/back/878.png,not_individually_verified,not_individually_verified
dex:cufant:base:dynamax,878,铜象 · 极巨化,dynamax,https://raw.githubusercontent.com/PokeAPI/sprites/1dce80ceb372675e9fc7e9f101b71845ef587de2/sprites/pokemon/878.png,https://raw.githubusercontent.com/PokeAPI/sprites/1dce80ceb372675e9fc7e9f101b71845ef587de2/sprites/pokemon/back/878.png,not_individually_verified,not_individually_verified
dex:copperajah:base,879,大王铜象,base,https://raw.githubusercontent.com/PokeAPI/sprites/1dce80ceb372675e9fc7e9f101b71845ef587de2/sprites/pokemon/879.png,https://raw.githubusercontent.com/PokeAPI/sprites/1dce80ceb372675e9fc7e9f101b71845ef587de2/sprites/pokemon/back/879.png,not_individually_verified,not_individually_verified
dex:form:copperajahgmax,879,大王铜象 · 超极巨化,gigantamax,https://raw.githubusercontent.com/PokeAPI/sprites/1dce80ceb372675e9fc7e9f101b71845ef587de2/sprites/pokemon/10224.png,https://raw.githubusercontent.com/PokeAPI/sprites/1dce80ceb372675e9fc7e9f101b71845ef587de2/sprites/pokemon/back/10224.png,not_individually_verified,not_individually_verified
dex:copperajah:base:dynamax,879,大王铜象 · 极巨化,dynamax,https://raw.githubusercontent.com/PokeAPI/sprites/1dce80ceb372675e9fc7e9f101b71845ef587de2/sprites/pokemon/879.png,https://raw.githubusercontent.com/PokeAPI/sprites/1dce80ceb372675e9fc7e9f101b71845ef587de2/sprites/pokemon/back/879.png,not_individually_verified,not_individually_verified
dex:dracozolt:base,880,雷鸟龙,base,https://raw.githubusercontent.com/PokeAPI/sprites/1dce80ceb372675e9fc7e9f101b71845ef587de2/sprites/pokemon/880.png,https://raw.githubusercontent.com/PokeAPI/sprites/1dce80ceb372675e9fc7e9f101b71845ef587de2/sprites/pokemon/back/880.png,not_individually_verified,not_individually_verified
dex:dracozolt:base:dynamax,880,雷鸟龙 · 极巨化,dynamax,https://raw.githubusercontent.com/PokeAPI/sprites/1dce80ceb372675e9fc7e9f101b71845ef587de2/sprites/pokemon/880.png,https://raw.githubusercontent.com/PokeAPI/sprites/1dce80ceb372675e9fc7e9f101b71845ef587de2/sprites/pokemon/back/880.png,not_individually_verified,not_individually_verified
dex:arctozolt:base,881,雷鸟海兽,base,https://raw.githubusercontent.com/PokeAPI/sprites/1dce80ceb372675e9fc7e9f101b71845ef587de2/sprites/pokemon/881.png,https://raw.githubusercontent.com/PokeAPI/sprites/1dce80ceb372675e9fc7e9f101b71845ef587de2/sprites/pokemon/back/881.png,not_individually_verified,not_individually_verified
dex:arctozolt:base:dynamax,881,雷鸟海兽 · 极巨化,dynamax,https://raw.githubusercontent.com/PokeAPI/sprites/1dce80ceb372675e9fc7e9f101b71845ef587de2/sprites/pokemon/881.png,https://raw.githubusercontent.com/PokeAPI/sprites/1dce80ceb372675e9fc7e9f101b71845ef587de2/sprites/pokemon/back/881.png,not_individually_verified,not_individually_verified
dex:dracovish:base,882,鳃鱼龙,base,https://raw.githubusercontent.com/PokeAPI/sprites/1dce80ceb372675e9fc7e9f101b71845ef587de2/sprites/pokemon/882.png,https://raw.githubusercontent.com/PokeAPI/sprites/1dce80ceb372675e9fc7e9f101b71845ef587de2/sprites/pokemon/back/882.png,not_individually_verified,not_individually_verified
dex:dracovish:base:dynamax,882,鳃鱼龙 · 极巨化,dynamax,https://raw.githubusercontent.com/PokeAPI/sprites/1dce80ceb372675e9fc7e9f101b71845ef587de2/sprites/pokemon/882.png,https://raw.githubusercontent.com/PokeAPI/sprites/1dce80ceb372675e9fc7e9f101b71845ef587de2/sprites/pokemon/back/882.png,not_individually_verified,not_individually_verified
dex:arctovish:base,883,鳃鱼海兽,base,https://raw.githubusercontent.com/PokeAPI/sprites/1dce80ceb372675e9fc7e9f101b71845ef587de2/sprites/pokemon/883.png,https://raw.githubusercontent.com/PokeAPI/sprites/1dce80ceb372675e9fc7e9f101b71845ef587de2/sprites/pokemon/back/883.png,not_individually_verified,not_individually_verified
dex:arctovish:base:dynamax,883,鳃鱼海兽 · 极巨化,dynamax,https://raw.githubusercontent.com/PokeAPI/sprites/1dce80ceb372675e9fc7e9f101b71845ef587de2/sprites/pokemon/883.png,https://raw.githubusercontent.com/PokeAPI/sprites/1dce80ceb372675e9fc7e9f101b71845ef587de2/sprites/pokemon/back/883.png,not_individually_verified,not_individually_verified
dex:duraludon:base,884,铝钢龙,base,https://raw.githubusercontent.com/PokeAPI/sprites/1dce80ceb372675e9fc7e9f101b71845ef587de2/sprites/pokemon/884.png,https://raw.githubusercontent.com/PokeAPI/sprites/1dce80ceb372675e9fc7e9f101b71845ef587de2/sprites/pokemon/back/884.png,not_individually_verified,not_individually_verified
dex:form:duraludongmax,884,铝钢龙 · 超极巨化,gigantamax,https://raw.githubusercontent.com/PokeAPI/sprites/1dce80ceb372675e9fc7e9f101b71845ef587de2/sprites/pokemon/10225.png,https://raw.githubusercontent.com/PokeAPI/sprites/1dce80ceb372675e9fc7e9f101b71845ef587de2/sprites/pokemon/back/10225.png,not_individually_verified,not_individually_verified
dex:duraludon:base:dynamax,884,铝钢龙 · 极巨化,dynamax,https://raw.githubusercontent.com/PokeAPI/sprites/1dce80ceb372675e9fc7e9f101b71845ef587de2/sprites/pokemon/884.png,https://raw.githubusercontent.com/PokeAPI/sprites/1dce80ceb372675e9fc7e9f101b71845ef587de2/sprites/pokemon/back/884.png,not_individually_verified,not_individually_verified
dex:dreepy:base,885,多龙梅西亚,base,https://raw.githubusercontent.com/PokeAPI/sprites/1dce80ceb372675e9fc7e9f101b71845ef587de2/sprites/pokemon/885.png,https://raw.githubusercontent.com/PokeAPI/sprites/1dce80ceb372675e9fc7e9f101b71845ef587de2/sprites/pokemon/back/885.png,not_individually_verified,not_individually_verified
dex:dreepy:base:dynamax,885,多龙梅西亚 · 极巨化,dynamax,https://raw.githubusercontent.com/PokeAPI/sprites/1dce80ceb372675e9fc7e9f101b71845ef587de2/sprites/pokemon/885.png,https://raw.githubusercontent.com/PokeAPI/sprites/1dce80ceb372675e9fc7e9f101b71845ef587de2/sprites/pokemon/back/885.png,not_individually_verified,not_individually_verified
dex:drakloak:base,886,多龙奇,base,https://raw.githubusercontent.com/PokeAPI/sprites/1dce80ceb372675e9fc7e9f101b71845ef587de2/sprites/pokemon/886.png,https://raw.githubusercontent.com/PokeAPI/sprites/1dce80ceb372675e9fc7e9f101b71845ef587de2/sprites/pokemon/back/886.png,not_individually_verified,not_individually_verified
dex:drakloak:base:dynamax,886,多龙奇 · 极巨化,dynamax,https://raw.githubusercontent.com/PokeAPI/sprites/1dce80ceb372675e9fc7e9f101b71845ef587de2/sprites/pokemon/886.png,https://raw.githubusercontent.com/PokeAPI/sprites/1dce80ceb372675e9fc7e9f101b71845ef587de2/sprites/pokemon/back/886.png,not_individually_verified,not_individually_verified
dex:dragapult:base,887,多龙巴鲁托,base,https://raw.githubusercontent.com/PokeAPI/sprites/1dce80ceb372675e9fc7e9f101b71845ef587de2/sprites/pokemon/887.png,https://raw.githubusercontent.com/PokeAPI/sprites/1dce80ceb372675e9fc7e9f101b71845ef587de2/sprites/pokemon/back/887.png,not_individually_verified,not_individually_verified
dex:dragapult:base:dynamax,887,多龙巴鲁托 · 极巨化,dynamax,https://raw.githubusercontent.com/PokeAPI/sprites/1dce80ceb372675e9fc7e9f101b71845ef587de2/sprites/pokemon/887.png,https://raw.githubusercontent.com/PokeAPI/sprites/1dce80ceb372675e9fc7e9f101b71845ef587de2/sprites/pokemon/back/887.png,not_individually_verified,not_individually_verified
dex:zacian:base,888,苍响,base,https://raw.githubusercontent.com/PokeAPI/sprites/1dce80ceb372675e9fc7e9f101b71845ef587de2/sprites/pokemon/888.png,https://raw.githubusercontent.com/PokeAPI/sprites/1dce80ceb372675e9fc7e9f101b71845ef587de2/sprites/pokemon/back/888.png,not_individually_verified,not_individually_verified
dex:form:zaciancrowned,888,苍响 · 剑之王,battle_state,https://raw.githubusercontent.com/PokeAPI/sprites/1dce80ceb372675e9fc7e9f101b71845ef587de2/sprites/pokemon/10188.png,https://raw.githubusercontent.com/PokeAPI/sprites/1dce80ceb372675e9fc7e9f101b71845ef587de2/sprites/pokemon/back/10188.png,not_individually_verified,not_individually_verified
dex:zamazenta:base,889,藏玛然特,base,https://raw.githubusercontent.com/PokeAPI/sprites/1dce80ceb372675e9fc7e9f101b71845ef587de2/sprites/pokemon/889.png,https://raw.githubusercontent.com/PokeAPI/sprites/1dce80ceb372675e9fc7e9f101b71845ef587de2/sprites/pokemon/back/889.png,not_individually_verified,not_individually_verified
dex:form:zamazentacrowned,889,藏玛然特 · 盾之王,battle_state,https://raw.githubusercontent.com/PokeAPI/sprites/1dce80ceb372675e9fc7e9f101b71845ef587de2/sprites/pokemon/10189.png,https://raw.githubusercontent.com/PokeAPI/sprites/1dce80ceb372675e9fc7e9f101b71845ef587de2/sprites/pokemon/back/10189.png,not_individually_verified,not_individually_verified
dex:eternatus:base,890,无极汰那,base,https://raw.githubusercontent.com/PokeAPI/sprites/1dce80ceb372675e9fc7e9f101b71845ef587de2/sprites/pokemon/890.png,https://raw.githubusercontent.com/PokeAPI/sprites/1dce80ceb372675e9fc7e9f101b71845ef587de2/sprites/pokemon/back/890.png,not_individually_verified,not_individually_verified
dex:form:eternatuseternamax,890,无极汰那 · 无极巨化,special_form,https://raw.githubusercontent.com/PokeAPI/sprites/1dce80ceb372675e9fc7e9f101b71845ef587de2/sprites/pokemon/10190.png,https://raw.githubusercontent.com/PokeAPI/sprites/1dce80ceb372675e9fc7e9f101b71845ef587de2/sprites/pokemon/back/10190.png,not_individually_verified,not_individually_verified
dex:kubfu:base,891,熊徒弟,base,https://raw.githubusercontent.com/PokeAPI/sprites/1dce80ceb372675e9fc7e9f101b71845ef587de2/sprites/pokemon/891.png,https://raw.githubusercontent.com/PokeAPI/sprites/1dce80ceb372675e9fc7e9f101b71845ef587de2/sprites/pokemon/back/891.png,not_individually_verified,not_individually_verified
dex:kubfu:base:dynamax,891,熊徒弟 · 极巨化,dynamax,https://raw.githubusercontent.com/PokeAPI/sprites/1dce80ceb372675e9fc7e9f101b71845ef587de2/sprites/pokemon/891.png,https://raw.githubusercontent.com/PokeAPI/sprites/1dce80ceb372675e9fc7e9f101b71845ef587de2/sprites/pokemon/back/891.png,not_individually_verified,not_individually_verified
dex:urshifu:base,892,武道熊师,base,https://raw.githubusercontent.com/PokeAPI/sprites/1dce80ceb372675e9fc7e9f101b71845ef587de2/sprites/pokemon/892.png,https://raw.githubusercontent.com/PokeAPI/sprites/1dce80ceb372675e9fc7e9f101b71845ef587de2/sprites/pokemon/back/892.png,not_individually_verified,not_individually_verified
dex:form:urshifugmax,892,武道熊师 · 一击流超极巨化,gigantamax,https://raw.githubusercontent.com/PokeAPI/sprites/1dce80ceb372675e9fc7e9f101b71845ef587de2/sprites/pokemon/10226.png,https://raw.githubusercontent.com/PokeAPI/sprites/1dce80ceb372675e9fc7e9f101b71845ef587de2/sprites/pokemon/back/10226.png,not_individually_verified,not_individually_verified
dex:form:urshifurapidstrikegmax,892,武道熊师 · 连击流超极巨化,gigantamax,https://raw.githubusercontent.com/PokeAPI/sprites/1dce80ceb372675e9fc7e9f101b71845ef587de2/sprites/pokemon/10227.png,https://raw.githubusercontent.com/PokeAPI/sprites/1dce80ceb372675e9fc7e9f101b71845ef587de2/sprites/pokemon/back/10227.png,not_individually_verified,not_individually_verified
dex:form:urshifurapidstrike:dynamax,892,武道熊师 · 连击流 · 极巨化,dynamax,https://raw.githubusercontent.com/PokeAPI/sprites/1dce80ceb372675e9fc7e9f101b71845ef587de2/sprites/pokemon/10191.png,https://raw.githubusercontent.com/PokeAPI/sprites/1dce80ceb372675e9fc7e9f101b71845ef587de2/sprites/pokemon/back/10191.png,not_individually_verified,not_individually_verified
dex:urshifu:base:dynamax,892,武道熊师 · 极巨化,dynamax,https://raw.githubusercontent.com/PokeAPI/sprites/1dce80ceb372675e9fc7e9f101b71845ef587de2/sprites/pokemon/892.png,https://raw.githubusercontent.com/PokeAPI/sprites/1dce80ceb372675e9fc7e9f101b71845ef587de2/sprites/pokemon/back/892.png,not_individually_verified,not_individually_verified
dex:form:urshifurapidstrike,892,武道熊师 · 连击流,special_form,https://raw.githubusercontent.com/PokeAPI/sprites/1dce80ceb372675e9fc7e9f101b71845ef587de2/sprites/pokemon/10191.png,https://raw.githubusercontent.com/PokeAPI/sprites/1dce80ceb372675e9fc7e9f101b71845ef587de2/sprites/pokemon/back/10191.png,not_individually_verified,not_individually_verified
dex:zarude:base,893,萨戮德,base,https://raw.githubusercontent.com/PokeAPI/sprites/1dce80ceb372675e9fc7e9f101b71845ef587de2/sprites/pokemon/893.png,https://raw.githubusercontent.com/PokeAPI/sprites/1dce80ceb372675e9fc7e9f101b71845ef587de2/sprites/pokemon/back/893.png,not_individually_verified,not_individually_verified
dex:form:zarudedada:dynamax,893,萨戮德 · 阿爸 · 极巨化,dynamax,https://raw.githubusercontent.com/PokeAPI/sprites/1dce80ceb372675e9fc7e9f101b71845ef587de2/sprites/pokemon/10192.png,https://raw.githubusercontent.com/PokeAPI/sprites/1dce80ceb372675e9fc7e9f101b71845ef587de2/sprites/pokemon/back/10192.png,not_individually_verified,not_individually_verified
dex:zarude:base:dynamax,893,萨戮德 · 极巨化,dynamax,https://raw.githubusercontent.com/PokeAPI/sprites/1dce80ceb372675e9fc7e9f101b71845ef587de2/sprites/pokemon/893.png,https://raw.githubusercontent.com/PokeAPI/sprites/1dce80ceb372675e9fc7e9f101b71845ef587de2/sprites/pokemon/back/893.png,not_individually_verified,not_individually_verified
dex:form:zarudedada,893,萨戮德 · 阿爸,special_form,https://raw.githubusercontent.com/PokeAPI/sprites/1dce80ceb372675e9fc7e9f101b71845ef587de2/sprites/pokemon/10192.png,https://raw.githubusercontent.com/PokeAPI/sprites/1dce80ceb372675e9fc7e9f101b71845ef587de2/sprites/pokemon/back/10192.png,not_individually_verified,not_individually_verified
dex:regieleki:base,894,雷吉艾勒奇,base,https://raw.githubusercontent.com/PokeAPI/sprites/1dce80ceb372675e9fc7e9f101b71845ef587de2/sprites/pokemon/894.png,https://raw.githubusercontent.com/PokeAPI/sprites/1dce80ceb372675e9fc7e9f101b71845ef587de2/sprites/pokemon/back/894.png,not_individually_verified,not_individually_verified
dex:regieleki:base:dynamax,894,雷吉艾勒奇 · 极巨化,dynamax,https://raw.githubusercontent.com/PokeAPI/sprites/1dce80ceb372675e9fc7e9f101b71845ef587de2/sprites/pokemon/894.png,https://raw.githubusercontent.com/PokeAPI/sprites/1dce80ceb372675e9fc7e9f101b71845ef587de2/sprites/pokemon/back/894.png,not_individually_verified,not_individually_verified
dex:regidrago:base,895,雷吉铎拉戈,base,https://raw.githubusercontent.com/PokeAPI/sprites/1dce80ceb372675e9fc7e9f101b71845ef587de2/sprites/pokemon/895.png,https://raw.githubusercontent.com/PokeAPI/sprites/1dce80ceb372675e9fc7e9f101b71845ef587de2/sprites/pokemon/back/895.png,not_individually_verified,not_individually_verified
dex:regidrago:base:dynamax,895,雷吉铎拉戈 · 极巨化,dynamax,https://raw.githubusercontent.com/PokeAPI/sprites/1dce80ceb372675e9fc7e9f101b71845ef587de2/sprites/pokemon/895.png,https://raw.githubusercontent.com/PokeAPI/sprites/1dce80ceb372675e9fc7e9f101b71845ef587de2/sprites/pokemon/back/895.png,not_individually_verified,not_individually_verified
dex:glastrier:base,896,雪暴马,base,https://raw.githubusercontent.com/PokeAPI/sprites/1dce80ceb372675e9fc7e9f101b71845ef587de2/sprites/pokemon/896.png,https://raw.githubusercontent.com/PokeAPI/sprites/1dce80ceb372675e9fc7e9f101b71845ef587de2/sprites/pokemon/back/896.png,not_individually_verified,not_individually_verified
dex:glastrier:base:dynamax,896,雪暴马 · 极巨化,dynamax,https://raw.githubusercontent.com/PokeAPI/sprites/1dce80ceb372675e9fc7e9f101b71845ef587de2/sprites/pokemon/896.png,https://raw.githubusercontent.com/PokeAPI/sprites/1dce80ceb372675e9fc7e9f101b71845ef587de2/sprites/pokemon/back/896.png,not_individually_verified,not_individually_verified
dex:spectrier:base,897,灵幽马,base,https://raw.githubusercontent.com/PokeAPI/sprites/1dce80ceb372675e9fc7e9f101b71845ef587de2/sprites/pokemon/897.png,https://raw.githubusercontent.com/PokeAPI/sprites/1dce80ceb372675e9fc7e9f101b71845ef587de2/sprites/pokemon/back/897.png,not_individually_verified,not_individually_verified
dex:spectrier:base:dynamax,897,灵幽马 · 极巨化,dynamax,https://raw.githubusercontent.com/PokeAPI/sprites/1dce80ceb372675e9fc7e9f101b71845ef587de2/sprites/pokemon/897.png,https://raw.githubusercontent.com/PokeAPI/sprites/1dce80ceb372675e9fc7e9f101b71845ef587de2/sprites/pokemon/back/897.png,not_individually_verified,not_individually_verified
dex:calyrex:base,898,蕾冠王,base,https://raw.githubusercontent.com/PokeAPI/sprites/1dce80ceb372675e9fc7e9f101b71845ef587de2/sprites/pokemon/898.png,https://raw.githubusercontent.com/PokeAPI/sprites/1dce80ceb372675e9fc7e9f101b71845ef587de2/sprites/pokemon/back/898.png,not_individually_verified,not_individually_verified
dex:calyrex:base:dynamax,898,蕾冠王 · 极巨化,dynamax,https://raw.githubusercontent.com/PokeAPI/sprites/1dce80ceb372675e9fc7e9f101b71845ef587de2/sprites/pokemon/898.png,https://raw.githubusercontent.com/PokeAPI/sprites/1dce80ceb372675e9fc7e9f101b71845ef587de2/sprites/pokemon/back/898.png,not_individually_verified,not_individually_verified
dex:form:calyrexice:dynamax,898,蕾冠王 · 骑白马的样子 · 极巨化,dynamax,https://raw.githubusercontent.com/PokeAPI/sprites/1dce80ceb372675e9fc7e9f101b71845ef587de2/sprites/pokemon/10193.png,https://raw.githubusercontent.com/PokeAPI/sprites/1dce80ceb372675e9fc7e9f101b71845ef587de2/sprites/pokemon/back/10193.png,not_individually_verified,not_individually_verified
dex:form:calyrexshadow:dynamax,898,蕾冠王 · 骑黑马的样子 · 极巨化,dynamax,https://raw.githubusercontent.com/PokeAPI/sprites/1dce80ceb372675e9fc7e9f101b71845ef587de2/sprites/pokemon/10194.png,https://raw.githubusercontent.com/PokeAPI/sprites/1dce80ceb372675e9fc7e9f101b71845ef587de2/sprites/pokemon/back/10194.png,not_individually_verified,not_individually_verified
dex:form:calyrexice,898,蕾冠王 · 骑白马的样子,fusion,https://raw.githubusercontent.com/PokeAPI/sprites/1dce80ceb372675e9fc7e9f101b71845ef587de2/sprites/pokemon/10193.png,https://raw.githubusercontent.com/PokeAPI/sprites/1dce80ceb372675e9fc7e9f101b71845ef587de2/sprites/pokemon/back/10193.png,not_individually_verified,not_individually_verified
dex:form:calyrexshadow,898,蕾冠王 · 骑黑马的样子,fusion,https://raw.githubusercontent.com/PokeAPI/sprites/1dce80ceb372675e9fc7e9f101b71845ef587de2/sprites/pokemon/10194.png,https://raw.githubusercontent.com/PokeAPI/sprites/1dce80ceb372675e9fc7e9f101b71845ef587de2/sprites/pokemon/back/10194.png,not_individually_verified,not_individually_verified
dex:wyrdeer:base,899,诡角鹿,base,https://raw.githubusercontent.com/PokeAPI/sprites/1dce80ceb372675e9fc7e9f101b71845ef587de2/sprites/pokemon/899.png,https://raw.githubusercontent.com/PokeAPI/sprites/1dce80ceb372675e9fc7e9f101b71845ef587de2/sprites/pokemon/back/899.png,not_individually_verified,not_individually_verified
dex:kleavor:base,900,劈斧螳螂,base,https://raw.githubusercontent.com/PokeAPI/sprites/1dce80ceb372675e9fc7e9f101b71845ef587de2/sprites/pokemon/900.png,https://raw.githubusercontent.com/PokeAPI/sprites/1dce80ceb372675e9fc7e9f101b71845ef587de2/sprites/pokemon/back/900.png,not_individually_verified,not_individually_verified
dex:ursaluna:base,901,月月熊,base,https://raw.githubusercontent.com/PokeAPI/sprites/1dce80ceb372675e9fc7e9f101b71845ef587de2/sprites/pokemon/901.png,https://raw.githubusercontent.com/PokeAPI/sprites/1dce80ceb372675e9fc7e9f101b71845ef587de2/sprites/pokemon/back/901.png,not_individually_verified,not_individually_verified
dex:form:ursalunabloodmoon,901,月月熊 · 赫月,special_form,https://raw.githubusercontent.com/PokeAPI/sprites/1dce80ceb372675e9fc7e9f101b71845ef587de2/sprites/pokemon/10272.png,https://raw.githubusercontent.com/PokeAPI/sprites/1dce80ceb372675e9fc7e9f101b71845ef587de2/sprites/pokemon/back/10272.png,not_individually_verified,not_individually_verified
dex:basculegion:base,902,幽尾玄鱼,base,https://raw.githubusercontent.com/PokeAPI/sprites/1dce80ceb372675e9fc7e9f101b71845ef587de2/sprites/pokemon/902.png,https://raw.githubusercontent.com/PokeAPI/sprites/1dce80ceb372675e9fc7e9f101b71845ef587de2/sprites/pokemon/back/902.png,not_individually_verified,not_individually_verified
dex:form:basculegionf,902,幽尾玄鱼 · F,gender_form,https://raw.githubusercontent.com/PokeAPI/sprites/1dce80ceb372675e9fc7e9f101b71845ef587de2/sprites/pokemon/10248.png,https://raw.githubusercontent.com/PokeAPI/sprites/1dce80ceb372675e9fc7e9f101b71845ef587de2/sprites/pokemon/back/10248.png,not_individually_verified,not_individually_verified
dex:sneasler:base,903,大狃拉,base,https://raw.githubusercontent.com/PokeAPI/sprites/1dce80ceb372675e9fc7e9f101b71845ef587de2/sprites/pokemon/903.png,https://raw.githubusercontent.com/PokeAPI/sprites/1dce80ceb372675e9fc7e9f101b71845ef587de2/sprites/pokemon/back/903.png,not_individually_verified,not_individually_verified
dex:overqwil:base,904,万针鱼,base,https://raw.githubusercontent.com/PokeAPI/sprites/1dce80ceb372675e9fc7e9f101b71845ef587de2/sprites/pokemon/904.png,https://raw.githubusercontent.com/PokeAPI/sprites/1dce80ceb372675e9fc7e9f101b71845ef587de2/sprites/pokemon/back/904.png,not_individually_verified,not_individually_verified
dex:enamorus:base,905,眷恋云,base,https://raw.githubusercontent.com/PokeAPI/sprites/1dce80ceb372675e9fc7e9f101b71845ef587de2/sprites/pokemon/905.png,https://raw.githubusercontent.com/PokeAPI/sprites/1dce80ceb372675e9fc7e9f101b71845ef587de2/sprites/pokemon/back/905.png,not_individually_verified,not_individually_verified
dex:form:enamorustherian,905,眷恋云 · 灵兽形态,special_form,https://raw.githubusercontent.com/PokeAPI/sprites/1dce80ceb372675e9fc7e9f101b71845ef587de2/sprites/pokemon/10249.png,https://raw.githubusercontent.com/PokeAPI/sprites/1dce80ceb372675e9fc7e9f101b71845ef587de2/sprites/pokemon/back/10249.png,not_individually_verified,not_individually_verified
dex:sprigatito:base,906,新叶喵,base,https://raw.githubusercontent.com/PokeAPI/sprites/1dce80ceb372675e9fc7e9f101b71845ef587de2/sprites/pokemon/906.png,https://raw.githubusercontent.com/PokeAPI/sprites/1dce80ceb372675e9fc7e9f101b71845ef587de2/sprites/pokemon/back/906.png,not_individually_verified,not_individually_verified
dex:floragato:base,907,蒂蕾喵,base,https://raw.githubusercontent.com/PokeAPI/sprites/1dce80ceb372675e9fc7e9f101b71845ef587de2/sprites/pokemon/907.png,https://raw.githubusercontent.com/PokeAPI/sprites/1dce80ceb372675e9fc7e9f101b71845ef587de2/sprites/pokemon/back/907.png,not_individually_verified,not_individually_verified
dex:meowscarada:base,908,魔幻假面喵,base,https://raw.githubusercontent.com/PokeAPI/sprites/1dce80ceb372675e9fc7e9f101b71845ef587de2/sprites/pokemon/908.png,https://raw.githubusercontent.com/PokeAPI/sprites/1dce80ceb372675e9fc7e9f101b71845ef587de2/sprites/pokemon/back/908.png,not_individually_verified,not_individually_verified
dex:omni:ultra58:418,908,超级假面喵,source_variant,/ultra-art/418-front_default.png,/ultra-art/418-back_default.png,not_individually_verified,not_individually_verified
dex:fuecoco:base,909,呆火鳄,base,https://raw.githubusercontent.com/PokeAPI/sprites/1dce80ceb372675e9fc7e9f101b71845ef587de2/sprites/pokemon/909.png,https://raw.githubusercontent.com/PokeAPI/sprites/1dce80ceb372675e9fc7e9f101b71845ef587de2/sprites/pokemon/back/909.png,not_individually_verified,not_individually_verified
dex:crocalor:base,910,炙烫鳄,base,https://raw.githubusercontent.com/PokeAPI/sprites/1dce80ceb372675e9fc7e9f101b71845ef587de2/sprites/pokemon/910.png,https://raw.githubusercontent.com/PokeAPI/sprites/1dce80ceb372675e9fc7e9f101b71845ef587de2/sprites/pokemon/back/910.png,not_individually_verified,not_individually_verified
dex:skeledirge:base,911,骨纹巨声鳄,base,https://raw.githubusercontent.com/PokeAPI/sprites/1dce80ceb372675e9fc7e9f101b71845ef587de2/sprites/pokemon/911.png,https://raw.githubusercontent.com/PokeAPI/sprites/1dce80ceb372675e9fc7e9f101b71845ef587de2/sprites/pokemon/back/911.png,not_individually_verified,not_individually_verified
dex:omni:ultra58:419,911,骨纹巨声鳄 · 永久进化,source_variant,/ultra-art/419-front_default.png,/ultra-art/419-back_default.png,not_individually_verified,not_individually_verified
dex:quaxly:base,912,润水鸭,base,https://raw.githubusercontent.com/PokeAPI/sprites/1dce80ceb372675e9fc7e9f101b71845ef587de2/sprites/pokemon/912.png,https://raw.githubusercontent.com/PokeAPI/sprites/1dce80ceb372675e9fc7e9f101b71845ef587de2/sprites/pokemon/back/912.png,not_individually_verified,not_individually_verified
dex:quaxwell:base,913,涌跃鸭,base,https://raw.githubusercontent.com/PokeAPI/sprites/1dce80ceb372675e9fc7e9f101b71845ef587de2/sprites/pokemon/913.png,https://raw.githubusercontent.com/PokeAPI/sprites/1dce80ceb372675e9fc7e9f101b71845ef587de2/sprites/pokemon/back/913.png,not_individually_verified,not_individually_verified
dex:quaquaval:base,914,狂欢浪舞鸭,base,https://raw.githubusercontent.com/PokeAPI/sprites/1dce80ceb372675e9fc7e9f101b71845ef587de2/sprites/pokemon/914.png,https://raw.githubusercontent.com/PokeAPI/sprites/1dce80ceb372675e9fc7e9f101b71845ef587de2/sprites/pokemon/back/914.png,not_individually_verified,not_individually_verified
dex:omni:ultra58:420,914,超级浪舞鸭,source_variant,/ultra-art/420-front_default.png,/ultra-art/420-back_default.png,not_individually_verified,not_individually_verified
dex:lechonk:base,915,爱吃豚,base,https://raw.githubusercontent.com/PokeAPI/sprites/1dce80ceb372675e9fc7e9f101b71845ef587de2/sprites/pokemon/915.png,https://raw.githubusercontent.com/PokeAPI/sprites/1dce80ceb372675e9fc7e9f101b71845ef587de2/sprites/pokemon/back/915.png,not_individually_verified,not_individually_verified
dex:oinkologne:base,916,飘香豚,base,https://raw.githubusercontent.com/PokeAPI/sprites/1dce80ceb372675e9fc7e9f101b71845ef587de2/sprites/pokemon/916.png,https://raw.githubusercontent.com/PokeAPI/sprites/1dce80ceb372675e9fc7e9f101b71845ef587de2/sprites/pokemon/back/916.png,not_individually_verified,not_individually_verified
dex:form:oinkolognef,916,飘香豚 · F,gender_form,https://raw.githubusercontent.com/PokeAPI/sprites/1dce80ceb372675e9fc7e9f101b71845ef587de2/sprites/pokemon/10254.png,https://raw.githubusercontent.com/PokeAPI/sprites/1dce80ceb372675e9fc7e9f101b71845ef587de2/sprites/pokemon/back/10254.png,not_individually_verified,not_individually_verified
dex:tarountula:base,917,团珠蛛,base,https://raw.githubusercontent.com/PokeAPI/sprites/1dce80ceb372675e9fc7e9f101b71845ef587de2/sprites/pokemon/917.png,https://raw.githubusercontent.com/PokeAPI/sprites/1dce80ceb372675e9fc7e9f101b71845ef587de2/sprites/pokemon/back/917.png,not_individually_verified,not_individually_verified
dex:spidops:base,918,操陷蛛,base,https://raw.githubusercontent.com/PokeAPI/sprites/1dce80ceb372675e9fc7e9f101b71845ef587de2/sprites/pokemon/918.png,https://raw.githubusercontent.com/PokeAPI/sprites/1dce80ceb372675e9fc7e9f101b71845ef587de2/sprites/pokemon/back/918.png,not_individually_verified,not_individually_verified
dex:nymble:base,919,豆蟋蟀,base,https://raw.githubusercontent.com/PokeAPI/sprites/1dce80ceb372675e9fc7e9f101b71845ef587de2/sprites/pokemon/919.png,https://raw.githubusercontent.com/PokeAPI/sprites/1dce80ceb372675e9fc7e9f101b71845ef587de2/sprites/pokemon/back/919.png,not_individually_verified,not_individually_verified
dex:lokix:base,920,烈腿蝗,base,https://raw.githubusercontent.com/PokeAPI/sprites/1dce80ceb372675e9fc7e9f101b71845ef587de2/sprites/pokemon/920.png,https://raw.githubusercontent.com/PokeAPI/sprites/1dce80ceb372675e9fc7e9f101b71845ef587de2/sprites/pokemon/back/920.png,not_individually_verified,not_individually_verified
dex:pawmi:base,921,布拨,base,https://raw.githubusercontent.com/PokeAPI/sprites/1dce80ceb372675e9fc7e9f101b71845ef587de2/sprites/pokemon/921.png,https://raw.githubusercontent.com/PokeAPI/sprites/1dce80ceb372675e9fc7e9f101b71845ef587de2/sprites/pokemon/back/921.png,not_individually_verified,not_individually_verified
dex:pawmo:base,922,布土拨,base,https://raw.githubusercontent.com/PokeAPI/sprites/1dce80ceb372675e9fc7e9f101b71845ef587de2/sprites/pokemon/922.png,https://raw.githubusercontent.com/PokeAPI/sprites/1dce80ceb372675e9fc7e9f101b71845ef587de2/sprites/pokemon/back/922.png,not_individually_verified,not_individually_verified
dex:pawmot:base,923,巴布土拨,base,https://raw.githubusercontent.com/PokeAPI/sprites/1dce80ceb372675e9fc7e9f101b71845ef587de2/sprites/pokemon/923.png,https://raw.githubusercontent.com/PokeAPI/sprites/1dce80ceb372675e9fc7e9f101b71845ef587de2/sprites/pokemon/back/923.png,not_individually_verified,not_individually_verified
dex:tandemaus:base,924,一对鼠,base,https://raw.githubusercontent.com/PokeAPI/sprites/1dce80ceb372675e9fc7e9f101b71845ef587de2/sprites/pokemon/924.png,https://raw.githubusercontent.com/PokeAPI/sprites/1dce80ceb372675e9fc7e9f101b71845ef587de2/sprites/pokemon/back/924.png,not_individually_verified,not_individually_verified
dex:maushold:base,925,一家鼠,base,https://raw.githubusercontent.com/PokeAPI/sprites/1dce80ceb372675e9fc7e9f101b71845ef587de2/sprites/pokemon/10257.png,https://raw.githubusercontent.com/PokeAPI/sprites/1dce80ceb372675e9fc7e9f101b71845ef587de2/sprites/pokemon/back/10257.png,not_individually_verified,not_individually_verified
dex:form:mausholdfour,925,一家鼠 · 四只家庭,cosmetic,https://raw.githubusercontent.com/PokeAPI/sprites/1dce80ceb372675e9fc7e9f101b71845ef587de2/sprites/pokemon/925.png,https://raw.githubusercontent.com/PokeAPI/sprites/1dce80ceb372675e9fc7e9f101b71845ef587de2/sprites/pokemon/back/925.png,not_individually_verified,not_individually_verified
dex:fidough:base,926,狗仔包,base,https://raw.githubusercontent.com/PokeAPI/sprites/1dce80ceb372675e9fc7e9f101b71845ef587de2/sprites/pokemon/926.png,https://raw.githubusercontent.com/PokeAPI/sprites/1dce80ceb372675e9fc7e9f101b71845ef587de2/sprites/pokemon/back/926.png,not_individually_verified,not_individually_verified
dex:dachsbun:base,927,麻花犬,base,https://raw.githubusercontent.com/PokeAPI/sprites/1dce80ceb372675e9fc7e9f101b71845ef587de2/sprites/pokemon/927.png,https://raw.githubusercontent.com/PokeAPI/sprites/1dce80ceb372675e9fc7e9f101b71845ef587de2/sprites/pokemon/back/927.png,not_individually_verified,not_individually_verified
dex:smoliv:base,928,迷你芙,base,https://raw.githubusercontent.com/PokeAPI/sprites/1dce80ceb372675e9fc7e9f101b71845ef587de2/sprites/pokemon/928.png,https://raw.githubusercontent.com/PokeAPI/sprites/1dce80ceb372675e9fc7e9f101b71845ef587de2/sprites/pokemon/back/928.png,not_individually_verified,not_individually_verified
dex:dolliv:base,929,奥利纽,base,https://raw.githubusercontent.com/PokeAPI/sprites/1dce80ceb372675e9fc7e9f101b71845ef587de2/sprites/pokemon/929.png,https://raw.githubusercontent.com/PokeAPI/sprites/1dce80ceb372675e9fc7e9f101b71845ef587de2/sprites/pokemon/back/929.png,not_individually_verified,not_individually_verified
dex:arboliva:base,930,奥利瓦,base,https://raw.githubusercontent.com/PokeAPI/sprites/1dce80ceb372675e9fc7e9f101b71845ef587de2/sprites/pokemon/930.png,https://raw.githubusercontent.com/PokeAPI/sprites/1dce80ceb372675e9fc7e9f101b71845ef587de2/sprites/pokemon/back/930.png,not_individually_verified,not_individually_verified
dex:squawkabilly:base,931,怒鹦哥,base,https://raw.githubusercontent.com/PokeAPI/sprites/1dce80ceb372675e9fc7e9f101b71845ef587de2/sprites/pokemon/931.png,https://raw.githubusercontent.com/PokeAPI/sprites/1dce80ceb372675e9fc7e9f101b71845ef587de2/sprites/pokemon/back/931.png,not_individually_verified,not_individually_verified
dex:form:squawkabillyblue,931,怒鹦哥 · 蓝色,cosmetic,https://raw.githubusercontent.com/PokeAPI/sprites/1dce80ceb372675e9fc7e9f101b71845ef587de2/sprites/pokemon/10260.png,https://raw.githubusercontent.com/PokeAPI/sprites/1dce80ceb372675e9fc7e9f101b71845ef587de2/sprites/pokemon/back/10260.png,not_individually_verified,not_individually_verified
dex:form:squawkabillywhite,931,怒鹦哥 · 白色,cosmetic,https://raw.githubusercontent.com/PokeAPI/sprites/1dce80ceb372675e9fc7e9f101b71845ef587de2/sprites/pokemon/10262.png,https://raw.githubusercontent.com/PokeAPI/sprites/1dce80ceb372675e9fc7e9f101b71845ef587de2/sprites/pokemon/back/10262.png,not_individually_verified,not_individually_verified
dex:form:squawkabillyyellow,931,怒鹦哥 · 黄色,cosmetic,https://raw.githubusercontent.com/PokeAPI/sprites/1dce80ceb372675e9fc7e9f101b71845ef587de2/sprites/pokemon/10261.png,https://raw.githubusercontent.com/PokeAPI/sprites/1dce80ceb372675e9fc7e9f101b71845ef587de2/sprites/pokemon/back/10261.png,not_individually_verified,not_individually_verified
dex:nacli:base,932,盐石宝,base,https://raw.githubusercontent.com/PokeAPI/sprites/1dce80ceb372675e9fc7e9f101b71845ef587de2/sprites/pokemon/932.png,https://raw.githubusercontent.com/PokeAPI/sprites/1dce80ceb372675e9fc7e9f101b71845ef587de2/sprites/pokemon/back/932.png,not_individually_verified,not_individually_verified
dex:naclstack:base,933,盐石垒,base,https://raw.githubusercontent.com/PokeAPI/sprites/1dce80ceb372675e9fc7e9f101b71845ef587de2/sprites/pokemon/933.png,https://raw.githubusercontent.com/PokeAPI/sprites/1dce80ceb372675e9fc7e9f101b71845ef587de2/sprites/pokemon/back/933.png,not_individually_verified,not_individually_verified
dex:garganacl:base,934,盐石巨灵,base,https://raw.githubusercontent.com/PokeAPI/sprites/1dce80ceb372675e9fc7e9f101b71845ef587de2/sprites/pokemon/934.png,https://raw.githubusercontent.com/PokeAPI/sprites/1dce80ceb372675e9fc7e9f101b71845ef587de2/sprites/pokemon/back/934.png,not_individually_verified,not_individually_verified
dex:charcadet:base,935,炭小侍,base,https://raw.githubusercontent.com/PokeAPI/sprites/1dce80ceb372675e9fc7e9f101b71845ef587de2/sprites/pokemon/935.png,https://raw.githubusercontent.com/PokeAPI/sprites/1dce80ceb372675e9fc7e9f101b71845ef587de2/sprites/pokemon/back/935.png,not_individually_verified,not_individually_verified
dex:armarouge:base,936,红莲铠骑,base,https://raw.githubusercontent.com/PokeAPI/sprites/1dce80ceb372675e9fc7e9f101b71845ef587de2/sprites/pokemon/936.png,https://raw.githubusercontent.com/PokeAPI/sprites/1dce80ceb372675e9fc7e9f101b71845ef587de2/sprites/pokemon/back/936.png,not_individually_verified,not_individually_verified
dex:ceruledge:base,937,苍炎刃鬼,base,https://raw.githubusercontent.com/PokeAPI/sprites/1dce80ceb372675e9fc7e9f101b71845ef587de2/sprites/pokemon/937.png,https://raw.githubusercontent.com/PokeAPI/sprites/1dce80ceb372675e9fc7e9f101b71845ef587de2/sprites/pokemon/back/937.png,not_individually_verified,not_individually_verified
dex:tadbulb:base,938,光蚪仔,base,https://raw.githubusercontent.com/PokeAPI/sprites/1dce80ceb372675e9fc7e9f101b71845ef587de2/sprites/pokemon/938.png,https://raw.githubusercontent.com/PokeAPI/sprites/1dce80ceb372675e9fc7e9f101b71845ef587de2/sprites/pokemon/back/938.png,not_individually_verified,not_individually_verified
dex:bellibolt:base,939,电肚蛙,base,https://raw.githubusercontent.com/PokeAPI/sprites/1dce80ceb372675e9fc7e9f101b71845ef587de2/sprites/pokemon/939.png,https://raw.githubusercontent.com/PokeAPI/sprites/1dce80ceb372675e9fc7e9f101b71845ef587de2/sprites/pokemon/back/939.png,not_individually_verified,not_individually_verified
dex:wattrel:base,940,电海燕,base,https://raw.githubusercontent.com/PokeAPI/sprites/1dce80ceb372675e9fc7e9f101b71845ef587de2/sprites/pokemon/940.png,https://raw.githubusercontent.com/PokeAPI/sprites/1dce80ceb372675e9fc7e9f101b71845ef587de2/sprites/pokemon/back/940.png,not_individually_verified,not_individually_verified
dex:kilowattrel:base,941,大电海燕,base,https://raw.githubusercontent.com/PokeAPI/sprites/1dce80ceb372675e9fc7e9f101b71845ef587de2/sprites/pokemon/941.png,https://raw.githubusercontent.com/PokeAPI/sprites/1dce80ceb372675e9fc7e9f101b71845ef587de2/sprites/pokemon/back/941.png,not_individually_verified,not_individually_verified
dex:maschiff:base,942,偶叫獒,base,https://raw.githubusercontent.com/PokeAPI/sprites/1dce80ceb372675e9fc7e9f101b71845ef587de2/sprites/pokemon/942.png,https://raw.githubusercontent.com/PokeAPI/sprites/1dce80ceb372675e9fc7e9f101b71845ef587de2/sprites/pokemon/back/942.png,not_individually_verified,not_individually_verified
dex:mabosstiff:base,943,獒教父,base,https://raw.githubusercontent.com/PokeAPI/sprites/1dce80ceb372675e9fc7e9f101b71845ef587de2/sprites/pokemon/943.png,https://raw.githubusercontent.com/PokeAPI/sprites/1dce80ceb372675e9fc7e9f101b71845ef587de2/sprites/pokemon/back/943.png,not_individually_verified,not_individually_verified
dex:shroodle:base,944,滋汁鼹,base,https://raw.githubusercontent.com/PokeAPI/sprites/1dce80ceb372675e9fc7e9f101b71845ef587de2/sprites/pokemon/944.png,https://raw.githubusercontent.com/PokeAPI/sprites/1dce80ceb372675e9fc7e9f101b71845ef587de2/sprites/pokemon/back/944.png,not_individually_verified,not_individually_verified
dex:grafaiai:base,945,涂标客,base,https://raw.githubusercontent.com/PokeAPI/sprites/1dce80ceb372675e9fc7e9f101b71845ef587de2/sprites/pokemon/945.png,https://raw.githubusercontent.com/PokeAPI/sprites/1dce80ceb372675e9fc7e9f101b71845ef587de2/sprites/pokemon/back/945.png,not_individually_verified,not_individually_verified
dex:bramblin:base,946,纳噬草,base,https://raw.githubusercontent.com/PokeAPI/sprites/1dce80ceb372675e9fc7e9f101b71845ef587de2/sprites/pokemon/946.png,https://raw.githubusercontent.com/PokeAPI/sprites/1dce80ceb372675e9fc7e9f101b71845ef587de2/sprites/pokemon/back/946.png,not_individually_verified,not_individually_verified
dex:brambleghast:base,947,怖纳噬草,base,https://raw.githubusercontent.com/PokeAPI/sprites/1dce80ceb372675e9fc7e9f101b71845ef587de2/sprites/pokemon/947.png,https://raw.githubusercontent.com/PokeAPI/sprites/1dce80ceb372675e9fc7e9f101b71845ef587de2/sprites/pokemon/back/947.png,not_individually_verified,not_individually_verified
dex:toedscool:base,948,原野水母,base,https://raw.githubusercontent.com/PokeAPI/sprites/1dce80ceb372675e9fc7e9f101b71845ef587de2/sprites/pokemon/948.png,https://raw.githubusercontent.com/PokeAPI/sprites/1dce80ceb372675e9fc7e9f101b71845ef587de2/sprites/pokemon/back/948.png,not_individually_verified,not_individually_verified
dex:toedscruel:base,949,陆地水母,base,https://raw.githubusercontent.com/PokeAPI/sprites/1dce80ceb372675e9fc7e9f101b71845ef587de2/sprites/pokemon/949.png,https://raw.githubusercontent.com/PokeAPI/sprites/1dce80ceb372675e9fc7e9f101b71845ef587de2/sprites/pokemon/back/949.png,not_individually_verified,not_individually_verified
dex:klawf:base,950,毛崖蟹,base,https://raw.githubusercontent.com/PokeAPI/sprites/1dce80ceb372675e9fc7e9f101b71845ef587de2/sprites/pokemon/950.png,https://raw.githubusercontent.com/PokeAPI/sprites/1dce80ceb372675e9fc7e9f101b71845ef587de2/sprites/pokemon/back/950.png,not_individually_verified,not_individually_verified
dex:capsakid:base,951,热辣娃,base,https://raw.githubusercontent.com/PokeAPI/sprites/1dce80ceb372675e9fc7e9f101b71845ef587de2/sprites/pokemon/951.png,https://raw.githubusercontent.com/PokeAPI/sprites/1dce80ceb372675e9fc7e9f101b71845ef587de2/sprites/pokemon/back/951.png,not_individually_verified,not_individually_verified
dex:scovillain:base,952,狠辣椒,base,https://raw.githubusercontent.com/PokeAPI/sprites/1dce80ceb372675e9fc7e9f101b71845ef587de2/sprites/pokemon/952.png,https://raw.githubusercontent.com/PokeAPI/sprites/1dce80ceb372675e9fc7e9f101b71845ef587de2/sprites/pokemon/back/952.png,not_individually_verified,not_individually_verified
dex:form:scovillainmega,952,狠辣椒 · 超级进化,mega,https://raw.githubusercontent.com/PokeAPI/sprites/1dce80ceb372675e9fc7e9f101b71845ef587de2/sprites/pokemon/10320.png,https://raw.githubusercontent.com/PokeAPI/sprites/1dce80ceb372675e9fc7e9f101b71845ef587de2/sprites/pokemon/back/10320.png,not_individually_verified,not_individually_verified
dex:rellor:base,953,虫滚泥,base,https://raw.githubusercontent.com/PokeAPI/sprites/1dce80ceb372675e9fc7e9f101b71845ef587de2/sprites/pokemon/953.png,https://raw.githubusercontent.com/PokeAPI/sprites/1dce80ceb372675e9fc7e9f101b71845ef587de2/sprites/pokemon/back/953.png,not_individually_verified,not_individually_verified
dex:rabsca:base,954,虫甲圣,base,https://raw.githubusercontent.com/PokeAPI/sprites/1dce80ceb372675e9fc7e9f101b71845ef587de2/sprites/pokemon/954.png,https://raw.githubusercontent.com/PokeAPI/sprites/1dce80ceb372675e9fc7e9f101b71845ef587de2/sprites/pokemon/back/954.png,not_individually_verified,not_individually_verified
dex:flittle:base,955,飘飘雏,base,https://raw.githubusercontent.com/PokeAPI/sprites/1dce80ceb372675e9fc7e9f101b71845ef587de2/sprites/pokemon/955.png,https://raw.githubusercontent.com/PokeAPI/sprites/1dce80ceb372675e9fc7e9f101b71845ef587de2/sprites/pokemon/back/955.png,not_individually_verified,not_individually_verified
dex:espathra:base,956,超能艳鸵,base,https://raw.githubusercontent.com/PokeAPI/sprites/1dce80ceb372675e9fc7e9f101b71845ef587de2/sprites/pokemon/956.png,https://raw.githubusercontent.com/PokeAPI/sprites/1dce80ceb372675e9fc7e9f101b71845ef587de2/sprites/pokemon/back/956.png,not_individually_verified,not_individually_verified
dex:tinkatink:base,957,小锻匠,base,https://raw.githubusercontent.com/PokeAPI/sprites/1dce80ceb372675e9fc7e9f101b71845ef587de2/sprites/pokemon/957.png,https://raw.githubusercontent.com/PokeAPI/sprites/1dce80ceb372675e9fc7e9f101b71845ef587de2/sprites/pokemon/back/957.png,not_individually_verified,not_individually_verified
dex:tinkatuff:base,958,巧锻匠,base,https://raw.githubusercontent.com/PokeAPI/sprites/1dce80ceb372675e9fc7e9f101b71845ef587de2/sprites/pokemon/958.png,https://raw.githubusercontent.com/PokeAPI/sprites/1dce80ceb372675e9fc7e9f101b71845ef587de2/sprites/pokemon/back/958.png,not_individually_verified,not_individually_verified
dex:tinkaton:base,959,巨锻匠,base,https://raw.githubusercontent.com/PokeAPI/sprites/1dce80ceb372675e9fc7e9f101b71845ef587de2/sprites/pokemon/959.png,https://raw.githubusercontent.com/PokeAPI/sprites/1dce80ceb372675e9fc7e9f101b71845ef587de2/sprites/pokemon/back/959.png,not_individually_verified,not_individually_verified
dex:wiglett:base,960,海地鼠,base,https://raw.githubusercontent.com/PokeAPI/sprites/1dce80ceb372675e9fc7e9f101b71845ef587de2/sprites/pokemon/960.png,https://raw.githubusercontent.com/PokeAPI/sprites/1dce80ceb372675e9fc7e9f101b71845ef587de2/sprites/pokemon/back/960.png,not_individually_verified,not_individually_verified
dex:wugtrio:base,961,三海地鼠,base,https://raw.githubusercontent.com/PokeAPI/sprites/1dce80ceb372675e9fc7e9f101b71845ef587de2/sprites/pokemon/961.png,https://raw.githubusercontent.com/PokeAPI/sprites/1dce80ceb372675e9fc7e9f101b71845ef587de2/sprites/pokemon/back/961.png,not_individually_verified,not_individually_verified
dex:bombirdier:base,962,下石鸟,base,https://raw.githubusercontent.com/PokeAPI/sprites/1dce80ceb372675e9fc7e9f101b71845ef587de2/sprites/pokemon/962.png,https://raw.githubusercontent.com/PokeAPI/sprites/1dce80ceb372675e9fc7e9f101b71845ef587de2/sprites/pokemon/back/962.png,not_individually_verified,not_individually_verified
dex:finizen:base,963,波普海豚,base,https://raw.githubusercontent.com/PokeAPI/sprites/1dce80ceb372675e9fc7e9f101b71845ef587de2/sprites/pokemon/963.png,https://raw.githubusercontent.com/PokeAPI/sprites/1dce80ceb372675e9fc7e9f101b71845ef587de2/sprites/pokemon/back/963.png,not_individually_verified,not_individually_verified
dex:palafin:base,964,海豚侠,base,https://raw.githubusercontent.com/PokeAPI/sprites/1dce80ceb372675e9fc7e9f101b71845ef587de2/sprites/pokemon/964.png,https://raw.githubusercontent.com/PokeAPI/sprites/1dce80ceb372675e9fc7e9f101b71845ef587de2/sprites/pokemon/back/964.png,not_individually_verified,not_individually_verified
dex:form:palafinhero,964,海豚侠 · 全能形态,battle_state,https://raw.githubusercontent.com/PokeAPI/sprites/1dce80ceb372675e9fc7e9f101b71845ef587de2/sprites/pokemon/10256.png,https://raw.githubusercontent.com/PokeAPI/sprites/1dce80ceb372675e9fc7e9f101b71845ef587de2/sprites/pokemon/back/10256.png,not_individually_verified,not_individually_verified
dex:varoom:base,965,噗隆隆,base,https://raw.githubusercontent.com/PokeAPI/sprites/1dce80ceb372675e9fc7e9f101b71845ef587de2/sprites/pokemon/965.png,https://raw.githubusercontent.com/PokeAPI/sprites/1dce80ceb372675e9fc7e9f101b71845ef587de2/sprites/pokemon/back/965.png,not_individually_verified,not_individually_verified
dex:revavroom:base,966,普隆隆姆,base,https://raw.githubusercontent.com/PokeAPI/sprites/1dce80ceb372675e9fc7e9f101b71845ef587de2/sprites/pokemon/966.png,https://raw.githubusercontent.com/PokeAPI/sprites/1dce80ceb372675e9fc7e9f101b71845ef587de2/sprites/pokemon/back/966.png,not_individually_verified,not_individually_verified
dex:cyclizar:base,967,摩托蜥,base,https://raw.githubusercontent.com/PokeAPI/sprites/1dce80ceb372675e9fc7e9f101b71845ef587de2/sprites/pokemon/967.png,https://raw.githubusercontent.com/PokeAPI/sprites/1dce80ceb372675e9fc7e9f101b71845ef587de2/sprites/pokemon/back/967.png,not_individually_verified,not_individually_verified
dex:orthworm:base,968,拖拖蚓,base,https://raw.githubusercontent.com/PokeAPI/sprites/1dce80ceb372675e9fc7e9f101b71845ef587de2/sprites/pokemon/968.png,https://raw.githubusercontent.com/PokeAPI/sprites/1dce80ceb372675e9fc7e9f101b71845ef587de2/sprites/pokemon/back/968.png,not_individually_verified,not_individually_verified
dex:glimmet:base,969,晶光芽,base,https://raw.githubusercontent.com/PokeAPI/sprites/1dce80ceb372675e9fc7e9f101b71845ef587de2/sprites/pokemon/969.png,https://raw.githubusercontent.com/PokeAPI/sprites/1dce80ceb372675e9fc7e9f101b71845ef587de2/sprites/pokemon/back/969.png,not_individually_verified,not_individually_verified
dex:glimmora:base,970,晶光花,base,https://raw.githubusercontent.com/PokeAPI/sprites/1dce80ceb372675e9fc7e9f101b71845ef587de2/sprites/pokemon/970.png,https://raw.githubusercontent.com/PokeAPI/sprites/1dce80ceb372675e9fc7e9f101b71845ef587de2/sprites/pokemon/back/970.png,not_individually_verified,not_individually_verified
dex:form:glimmoramega,970,晶光花 · 超级进化,mega,https://raw.githubusercontent.com/PokeAPI/sprites/1dce80ceb372675e9fc7e9f101b71845ef587de2/sprites/pokemon/10321.png,https://raw.githubusercontent.com/PokeAPI/sprites/1dce80ceb372675e9fc7e9f101b71845ef587de2/sprites/pokemon/back/10321.png,not_individually_verified,not_individually_verified
dex:greavard:base,971,墓仔狗,base,https://raw.githubusercontent.com/PokeAPI/sprites/1dce80ceb372675e9fc7e9f101b71845ef587de2/sprites/pokemon/971.png,https://raw.githubusercontent.com/PokeAPI/sprites/1dce80ceb372675e9fc7e9f101b71845ef587de2/sprites/pokemon/back/971.png,not_individually_verified,not_individually_verified
dex:houndstone:base,972,墓扬犬,base,https://raw.githubusercontent.com/PokeAPI/sprites/1dce80ceb372675e9fc7e9f101b71845ef587de2/sprites/pokemon/972.png,https://raw.githubusercontent.com/PokeAPI/sprites/1dce80ceb372675e9fc7e9f101b71845ef587de2/sprites/pokemon/back/972.png,not_individually_verified,not_individually_verified
dex:flamigo:base,973,纏红鹤,base,https://raw.githubusercontent.com/PokeAPI/sprites/1dce80ceb372675e9fc7e9f101b71845ef587de2/sprites/pokemon/973.png,https://raw.githubusercontent.com/PokeAPI/sprites/1dce80ceb372675e9fc7e9f101b71845ef587de2/sprites/pokemon/back/973.png,not_individually_verified,not_individually_verified
dex:cetoddle:base,974,走鲸,base,https://raw.githubusercontent.com/PokeAPI/sprites/1dce80ceb372675e9fc7e9f101b71845ef587de2/sprites/pokemon/974.png,https://raw.githubusercontent.com/PokeAPI/sprites/1dce80ceb372675e9fc7e9f101b71845ef587de2/sprites/pokemon/back/974.png,not_individually_verified,not_individually_verified
dex:cetitan:base,975,浩大鲸,base,https://raw.githubusercontent.com/PokeAPI/sprites/1dce80ceb372675e9fc7e9f101b71845ef587de2/sprites/pokemon/975.png,https://raw.githubusercontent.com/PokeAPI/sprites/1dce80ceb372675e9fc7e9f101b71845ef587de2/sprites/pokemon/back/975.png,not_individually_verified,not_individually_verified
dex:veluza:base,976,轻身鳕,base,https://raw.githubusercontent.com/PokeAPI/sprites/1dce80ceb372675e9fc7e9f101b71845ef587de2/sprites/pokemon/976.png,https://raw.githubusercontent.com/PokeAPI/sprites/1dce80ceb372675e9fc7e9f101b71845ef587de2/sprites/pokemon/back/976.png,not_individually_verified,not_individually_verified
dex:dondozo:base,977,吃吼霸,base,https://raw.githubusercontent.com/PokeAPI/sprites/1dce80ceb372675e9fc7e9f101b71845ef587de2/sprites/pokemon/977.png,https://raw.githubusercontent.com/PokeAPI/sprites/1dce80ceb372675e9fc7e9f101b71845ef587de2/sprites/pokemon/back/977.png,not_individually_verified,not_individually_verified
dex:tatsugiri:base,978,米立龙,base,https://raw.githubusercontent.com/PokeAPI/sprites/1dce80ceb372675e9fc7e9f101b71845ef587de2/sprites/pokemon/978.png,https://raw.githubusercontent.com/PokeAPI/sprites/1dce80ceb372675e9fc7e9f101b71845ef587de2/sprites/pokemon/back/978.png,not_individually_verified,not_individually_verified
dex:form:tatsugiricurlymega,978,米立龙 · 上弓姿势超级进化,mega,https://raw.githubusercontent.com/PokeAPI/sprites/1dce80ceb372675e9fc7e9f101b71845ef587de2/sprites/pokemon/10322.png,https://raw.githubusercontent.com/PokeAPI/sprites/1dce80ceb372675e9fc7e9f101b71845ef587de2/sprites/pokemon/back/10322.png,not_individually_verified,not_individually_verified
dex:form:tatsugiridroopymega,978,米立龙 · 下垂姿势超级进化,mega,https://raw.githubusercontent.com/PokeAPI/sprites/1dce80ceb372675e9fc7e9f101b71845ef587de2/sprites/pokemon/10323.png,https://raw.githubusercontent.com/PokeAPI/sprites/1dce80ceb372675e9fc7e9f101b71845ef587de2/sprites/pokemon/back/10323.png,not_individually_verified,not_individually_verified
dex:form:tatsugiristretchymega,978,米立龙 · 平挺姿势超级进化,mega,https://raw.githubusercontent.com/PokeAPI/sprites/1dce80ceb372675e9fc7e9f101b71845ef587de2/sprites/pokemon/10324.png,https://raw.githubusercontent.com/PokeAPI/sprites/1dce80ceb372675e9fc7e9f101b71845ef587de2/sprites/pokemon/back/10324.png,not_individually_verified,not_individually_verified
dex:form:tatsugiridroopy,978,米立龙 · 下垂姿势,cosmetic,https://raw.githubusercontent.com/PokeAPI/sprites/1dce80ceb372675e9fc7e9f101b71845ef587de2/sprites/pokemon/10258.png,https://raw.githubusercontent.com/PokeAPI/sprites/1dce80ceb372675e9fc7e9f101b71845ef587de2/sprites/pokemon/back/10258.png,not_individually_verified,not_individually_verified
dex:form:tatsugiristretchy,978,米立龙 · 平挺姿势,cosmetic,https://raw.githubusercontent.com/PokeAPI/sprites/1dce80ceb372675e9fc7e9f101b71845ef587de2/sprites/pokemon/10259.png,https://raw.githubusercontent.com/PokeAPI/sprites/1dce80ceb372675e9fc7e9f101b71845ef587de2/sprites/pokemon/back/10259.png,not_individually_verified,not_individually_verified
dex:annihilape:base,979,弃世猴,base,https://raw.githubusercontent.com/PokeAPI/sprites/1dce80ceb372675e9fc7e9f101b71845ef587de2/sprites/pokemon/979.png,https://raw.githubusercontent.com/PokeAPI/sprites/1dce80ceb372675e9fc7e9f101b71845ef587de2/sprites/pokemon/back/979.png,not_individually_verified,not_individually_verified
dex:clodsire:base,980,土王,base,https://raw.githubusercontent.com/PokeAPI/sprites/1dce80ceb372675e9fc7e9f101b71845ef587de2/sprites/pokemon/980.png,https://raw.githubusercontent.com/PokeAPI/sprites/1dce80ceb372675e9fc7e9f101b71845ef587de2/sprites/pokemon/back/980.png,not_individually_verified,not_individually_verified
dex:farigiraf:base,981,奇麒麟,base,https://raw.githubusercontent.com/PokeAPI/sprites/1dce80ceb372675e9fc7e9f101b71845ef587de2/sprites/pokemon/981.png,https://raw.githubusercontent.com/PokeAPI/sprites/1dce80ceb372675e9fc7e9f101b71845ef587de2/sprites/pokemon/back/981.png,not_individually_verified,not_individually_verified
dex:dudunsparce:base,982,土龙节节,base,https://raw.githubusercontent.com/PokeAPI/sprites/1dce80ceb372675e9fc7e9f101b71845ef587de2/sprites/pokemon/982.png,https://raw.githubusercontent.com/PokeAPI/sprites/1dce80ceb372675e9fc7e9f101b71845ef587de2/sprites/pokemon/back/982.png,not_individually_verified,not_individually_verified
dex:form:dudunsparcethreesegment,982,土龙节节 · 三节形态,cosmetic,https://raw.githubusercontent.com/PokeAPI/sprites/1dce80ceb372675e9fc7e9f101b71845ef587de2/sprites/pokemon/10255.png,https://raw.githubusercontent.com/PokeAPI/sprites/1dce80ceb372675e9fc7e9f101b71845ef587de2/sprites/pokemon/back/10255.png,not_individually_verified,not_individually_verified
dex:kingambit:base,983,仆刀将军,base,https://raw.githubusercontent.com/PokeAPI/sprites/1dce80ceb372675e9fc7e9f101b71845ef587de2/sprites/pokemon/983.png,https://raw.githubusercontent.com/PokeAPI/sprites/1dce80ceb372675e9fc7e9f101b71845ef587de2/sprites/pokemon/back/983.png,not_individually_verified,not_individually_verified
dex:greattusk:base,984,雄伟牙,base,https://raw.githubusercontent.com/PokeAPI/sprites/1dce80ceb372675e9fc7e9f101b71845ef587de2/sprites/pokemon/984.png,https://raw.githubusercontent.com/PokeAPI/sprites/1dce80ceb372675e9fc7e9f101b71845ef587de2/sprites/pokemon/back/984.png,not_individually_verified,not_individually_verified
dex:screamtail:base,985,吼叫尾,base,https://raw.githubusercontent.com/PokeAPI/sprites/1dce80ceb372675e9fc7e9f101b71845ef587de2/sprites/pokemon/985.png,https://raw.githubusercontent.com/PokeAPI/sprites/1dce80ceb372675e9fc7e9f101b71845ef587de2/sprites/pokemon/back/985.png,not_individually_verified,not_individually_verified
dex:brutebonnet:base,986,猛恶菇,base,https://raw.githubusercontent.com/PokeAPI/sprites/1dce80ceb372675e9fc7e9f101b71845ef587de2/sprites/pokemon/986.png,https://raw.githubusercontent.com/PokeAPI/sprites/1dce80ceb372675e9fc7e9f101b71845ef587de2/sprites/pokemon/back/986.png,not_individually_verified,not_individually_verified
dex:fluttermane:base,987,振翼发,base,https://raw.githubusercontent.com/PokeAPI/sprites/1dce80ceb372675e9fc7e9f101b71845ef587de2/sprites/pokemon/987.png,https://raw.githubusercontent.com/PokeAPI/sprites/1dce80ceb372675e9fc7e9f101b71845ef587de2/sprites/pokemon/back/987.png,not_individually_verified,not_individually_verified
dex:slitherwing:base,988,爬地翅,base,https://raw.githubusercontent.com/PokeAPI/sprites/1dce80ceb372675e9fc7e9f101b71845ef587de2/sprites/pokemon/988.png,https://raw.githubusercontent.com/PokeAPI/sprites/1dce80ceb372675e9fc7e9f101b71845ef587de2/sprites/pokemon/back/988.png,not_individually_verified,not_individually_verified
dex:sandyshocks:base,989,沙铁皮,base,https://raw.githubusercontent.com/PokeAPI/sprites/1dce80ceb372675e9fc7e9f101b71845ef587de2/sprites/pokemon/989.png,https://raw.githubusercontent.com/PokeAPI/sprites/1dce80ceb372675e9fc7e9f101b71845ef587de2/sprites/pokemon/back/989.png,not_individually_verified,not_individually_verified
dex:irontreads:base,990,铁轍迹,base,https://raw.githubusercontent.com/PokeAPI/sprites/1dce80ceb372675e9fc7e9f101b71845ef587de2/sprites/pokemon/990.png,https://raw.githubusercontent.com/PokeAPI/sprites/1dce80ceb372675e9fc7e9f101b71845ef587de2/sprites/pokemon/back/990.png,not_individually_verified,not_individually_verified
dex:ironbundle:base,991,铁包袱,base,https://raw.githubusercontent.com/PokeAPI/sprites/1dce80ceb372675e9fc7e9f101b71845ef587de2/sprites/pokemon/991.png,https://raw.githubusercontent.com/PokeAPI/sprites/1dce80ceb372675e9fc7e9f101b71845ef587de2/sprites/pokemon/back/991.png,not_individually_verified,not_individually_verified
dex:ironhands:base,992,铁臂膀,base,https://raw.githubusercontent.com/PokeAPI/sprites/1dce80ceb372675e9fc7e9f101b71845ef587de2/sprites/pokemon/992.png,https://raw.githubusercontent.com/PokeAPI/sprites/1dce80ceb372675e9fc7e9f101b71845ef587de2/sprites/pokemon/back/992.png,not_individually_verified,not_individually_verified
dex:ironjugulis:base,993,铁脖颈,base,https://raw.githubusercontent.com/PokeAPI/sprites/1dce80ceb372675e9fc7e9f101b71845ef587de2/sprites/pokemon/993.png,https://raw.githubusercontent.com/PokeAPI/sprites/1dce80ceb372675e9fc7e9f101b71845ef587de2/sprites/pokemon/back/993.png,not_individually_verified,not_individually_verified
dex:ironmoth:base,994,铁毒蛾,base,https://raw.githubusercontent.com/PokeAPI/sprites/1dce80ceb372675e9fc7e9f101b71845ef587de2/sprites/pokemon/994.png,https://raw.githubusercontent.com/PokeAPI/sprites/1dce80ceb372675e9fc7e9f101b71845ef587de2/sprites/pokemon/back/994.png,not_individually_verified,not_individually_verified
dex:ironthorns:base,995,铁荆棘,base,https://raw.githubusercontent.com/PokeAPI/sprites/1dce80ceb372675e9fc7e9f101b71845ef587de2/sprites/pokemon/995.png,https://raw.githubusercontent.com/PokeAPI/sprites/1dce80ceb372675e9fc7e9f101b71845ef587de2/sprites/pokemon/back/995.png,not_individually_verified,not_individually_verified
dex:frigibax:base,996,凉脊龙,base,https://raw.githubusercontent.com/PokeAPI/sprites/1dce80ceb372675e9fc7e9f101b71845ef587de2/sprites/pokemon/996.png,https://raw.githubusercontent.com/PokeAPI/sprites/1dce80ceb372675e9fc7e9f101b71845ef587de2/sprites/pokemon/back/996.png,not_individually_verified,not_individually_verified
dex:arctibax:base,997,冻脊龙,base,https://raw.githubusercontent.com/PokeAPI/sprites/1dce80ceb372675e9fc7e9f101b71845ef587de2/sprites/pokemon/997.png,https://raw.githubusercontent.com/PokeAPI/sprites/1dce80ceb372675e9fc7e9f101b71845ef587de2/sprites/pokemon/back/997.png,not_individually_verified,not_individually_verified
dex:baxcalibur:base,998,戟脊龙,base,https://raw.githubusercontent.com/PokeAPI/sprites/1dce80ceb372675e9fc7e9f101b71845ef587de2/sprites/pokemon/998.png,https://raw.githubusercontent.com/PokeAPI/sprites/1dce80ceb372675e9fc7e9f101b71845ef587de2/sprites/pokemon/back/998.png,not_individually_verified,not_individually_verified
dex:form:baxcaliburmega,998,戟脊龙 · 超级进化,mega,https://raw.githubusercontent.com/PokeAPI/sprites/1dce80ceb372675e9fc7e9f101b71845ef587de2/sprites/pokemon/10325.png,https://raw.githubusercontent.com/PokeAPI/sprites/1dce80ceb372675e9fc7e9f101b71845ef587de2/sprites/pokemon/back/10325.png,not_individually_verified,not_individually_verified
dex:gimmighoul:base,999,索财灵,base,https://raw.githubusercontent.com/PokeAPI/sprites/1dce80ceb372675e9fc7e9f101b71845ef587de2/sprites/pokemon/999.png,https://raw.githubusercontent.com/PokeAPI/sprites/1dce80ceb372675e9fc7e9f101b71845ef587de2/sprites/pokemon/back/999.png,not_individually_verified,not_individually_verified
dex:form:gimmighoulroaming,999,索财灵 · 徒步形态,special_form,https://raw.githubusercontent.com/PokeAPI/sprites/1dce80ceb372675e9fc7e9f101b71845ef587de2/sprites/pokemon/10263.png,https://raw.githubusercontent.com/PokeAPI/sprites/1dce80ceb372675e9fc7e9f101b71845ef587de2/sprites/pokemon/back/10263.png,not_individually_verified,not_individually_verified
dex:gholdengo:base,1000,赛富豪,base,https://raw.githubusercontent.com/PokeAPI/sprites/1dce80ceb372675e9fc7e9f101b71845ef587de2/sprites/pokemon/1000.png,https://raw.githubusercontent.com/PokeAPI/sprites/1dce80ceb372675e9fc7e9f101b71845ef587de2/sprites/pokemon/back/1000.png,not_individually_verified,not_individually_verified
dex:wochien:base,1001,古简蜗,base,https://raw.githubusercontent.com/PokeAPI/sprites/1dce80ceb372675e9fc7e9f101b71845ef587de2/sprites/pokemon/1001.png,https://raw.githubusercontent.com/PokeAPI/sprites/1dce80ceb372675e9fc7e9f101b71845ef587de2/sprites/pokemon/back/1001.png,not_individually_verified,not_individually_verified
dex:chienpao:base,1002,古剑豹,base,https://raw.githubusercontent.com/PokeAPI/sprites/1dce80ceb372675e9fc7e9f101b71845ef587de2/sprites/pokemon/1002.png,https://raw.githubusercontent.com/PokeAPI/sprites/1dce80ceb372675e9fc7e9f101b71845ef587de2/sprites/pokemon/back/1002.png,not_individually_verified,not_individually_verified
dex:tinglu:base,1003,古鼎鹿,base,https://raw.githubusercontent.com/PokeAPI/sprites/1dce80ceb372675e9fc7e9f101b71845ef587de2/sprites/pokemon/1003.png,https://raw.githubusercontent.com/PokeAPI/sprites/1dce80ceb372675e9fc7e9f101b71845ef587de2/sprites/pokemon/back/1003.png,not_individually_verified,not_individually_verified
dex:chiyu:base,1004,古玉鱼,base,https://raw.githubusercontent.com/PokeAPI/sprites/1dce80ceb372675e9fc7e9f101b71845ef587de2/sprites/pokemon/1004.png,https://raw.githubusercontent.com/PokeAPI/sprites/1dce80ceb372675e9fc7e9f101b71845ef587de2/sprites/pokemon/back/1004.png,not_individually_verified,not_individually_verified
dex:roaringmoon:base,1005,轰鸣月,base,https://raw.githubusercontent.com/PokeAPI/sprites/1dce80ceb372675e9fc7e9f101b71845ef587de2/sprites/pokemon/1005.png,https://raw.githubusercontent.com/PokeAPI/sprites/1dce80ceb372675e9fc7e9f101b71845ef587de2/sprites/pokemon/back/1005.png,not_individually_verified,not_individually_verified
dex:ironvaliant:base,1006,铁武者,base,https://raw.githubusercontent.com/PokeAPI/sprites/1dce80ceb372675e9fc7e9f101b71845ef587de2/sprites/pokemon/1006.png,https://raw.githubusercontent.com/PokeAPI/sprites/1dce80ceb372675e9fc7e9f101b71845ef587de2/sprites/pokemon/back/1006.png,not_individually_verified,not_individually_verified
dex:koraidon:base,1007,故勒顿,base,https://raw.githubusercontent.com/PokeAPI/sprites/1dce80ceb372675e9fc7e9f101b71845ef587de2/sprites/pokemon/1007.png,https://raw.githubusercontent.com/PokeAPI/sprites/1dce80ceb372675e9fc7e9f101b71845ef587de2/sprites/pokemon/back/1007.png,not_individually_verified,not_individually_verified
dex:appearance:koraidon-gliding-build,1007,故勒顿 · 滑翔形态,cosmetic,https://www.pokemon.co.jp/ex/sv/assets/img/story/ja/220803_04/story_img_10.jpg,,not_individually_verified,not_individually_verified
dex:appearance:koraidon-limited-build,1007,故勒顿 · 收敛形态,cosmetic,https://www.serebii.net/pokemon/art/1007-l.png,,not_individually_verified,not_individually_verified
dex:appearance:koraidon-sprinting-build,1007,故勒顿 · 疾驰形态,cosmetic,https://www.pokemon.co.jp/ex/sv/assets/img/story/ja/220803_04/story_img_04.jpg,,not_individually_verified,not_individually_verified
dex:appearance:koraidon-swimming-build,1007,故勒顿 · 浮水形态,cosmetic,https://www.pokemon.co.jp/ex/sv/assets/img/story/ja/220803_04/story_img_08.jpg,,not_individually_verified,not_individually_verified
dex:miraidon:base,1008,密勒顿,base,https://raw.githubusercontent.com/PokeAPI/sprites/1dce80ceb372675e9fc7e9f101b71845ef587de2/sprites/pokemon/1008.png,https://raw.githubusercontent.com/PokeAPI/sprites/1dce80ceb372675e9fc7e9f101b71845ef587de2/sprites/pokemon/back/1008.png,not_individually_verified,not_individually_verified
dex:appearance:miraidon-aquatic-mode,1008,密勒顿 · 浮游模式,cosmetic,https://www.pokemon.co.jp/ex/sv/assets/img/story/ja/220803_04/story_img_09.jpg,,not_individually_verified,not_individually_verified
dex:appearance:miraidon-drive-mode,1008,密勒顿 · 行驶模式,cosmetic,https://www.pokemon.co.jp/ex/sv/assets/img/story/ja/220803_04/story_img_05.jpg,,not_individually_verified,not_individually_verified
dex:appearance:miraidon-glide-mode,1008,密勒顿 · 滑翔模式,cosmetic,https://www.pokemon.co.jp/ex/sv/assets/img/story/ja/220803_04/story_img_11.jpg,,not_individually_verified,not_individually_verified
dex:appearance:miraidon-low-power-mode,1008,密勒顿 · 低功率模式,cosmetic,https://www.serebii.net/pokemon/art/1008-l.png,,not_individually_verified,not_individually_verified
dex:walkingwake:base,1009,波荡水,base,https://raw.githubusercontent.com/PokeAPI/sprites/1dce80ceb372675e9fc7e9f101b71845ef587de2/sprites/pokemon/1009.png,https://raw.githubusercontent.com/PokeAPI/sprites/1dce80ceb372675e9fc7e9f101b71845ef587de2/sprites/pokemon/back/1009.png,not_individually_verified,not_individually_verified
dex:ironleaves:base,1010,铁斑叶,base,https://raw.githubusercontent.com/PokeAPI/sprites/1dce80ceb372675e9fc7e9f101b71845ef587de2/sprites/pokemon/1010.png,https://raw.githubusercontent.com/PokeAPI/sprites/1dce80ceb372675e9fc7e9f101b71845ef587de2/sprites/pokemon/back/1010.png,not_individually_verified,not_individually_verified
dex:dipplin:base,1011,裹蜜虫,base,https://raw.githubusercontent.com/PokeAPI/sprites/1dce80ceb372675e9fc7e9f101b71845ef587de2/sprites/pokemon/1011.png,https://raw.githubusercontent.com/PokeAPI/sprites/1dce80ceb372675e9fc7e9f101b71845ef587de2/sprites/pokemon/back/1011.png,not_individually_verified,not_individually_verified
dex:poltchageist:base,1012,斯魔茶,base,https://raw.githubusercontent.com/PokeAPI/sprites/1dce80ceb372675e9fc7e9f101b71845ef587de2/sprites/pokemon/1012.png,https://raw.githubusercontent.com/PokeAPI/sprites/1dce80ceb372675e9fc7e9f101b71845ef587de2/sprites/pokemon/back/1012.png,not_individually_verified,not_individually_verified
dex:form:poltchageistartisan,1012,斯魔茶 · 高档货的样子,cosmetic,https://raw.githubusercontent.com/PokeAPI/sprites/1dce80ceb372675e9fc7e9f101b71845ef587de2/sprites/pokemon/1012-artisan.png,https://raw.githubusercontent.com/PokeAPI/sprites/1dce80ceb372675e9fc7e9f101b71845ef587de2/sprites/pokemon/back/1012-artisan.png,not_individually_verified,not_individually_verified
dex:sinistcha:base,1013,来悲粗茶,base,https://raw.githubusercontent.com/PokeAPI/sprites/1dce80ceb372675e9fc7e9f101b71845ef587de2/sprites/pokemon/1013.png,https://raw.githubusercontent.com/PokeAPI/sprites/1dce80ceb372675e9fc7e9f101b71845ef587de2/sprites/pokemon/back/1013.png,not_individually_verified,not_individually_verified
dex:form:sinistchamasterpiece,1013,来悲粗茶 · 杰作的样子,cosmetic,https://raw.githubusercontent.com/PokeAPI/sprites/1dce80ceb372675e9fc7e9f101b71845ef587de2/sprites/pokemon/1013-masterpiece.png,https://raw.githubusercontent.com/PokeAPI/sprites/1dce80ceb372675e9fc7e9f101b71845ef587de2/sprites/pokemon/back/1013-masterpiece.png,not_individually_verified,not_individually_verified
dex:okidogi:base,1014,够赞狗,base,https://raw.githubusercontent.com/PokeAPI/sprites/1dce80ceb372675e9fc7e9f101b71845ef587de2/sprites/pokemon/1014.png,https://raw.githubusercontent.com/PokeAPI/sprites/1dce80ceb372675e9fc7e9f101b71845ef587de2/sprites/pokemon/back/1014.png,not_individually_verified,not_individually_verified
dex:munkidori:base,1015,愿增猿,base,https://raw.githubusercontent.com/PokeAPI/sprites/1dce80ceb372675e9fc7e9f101b71845ef587de2/sprites/pokemon/1015.png,https://raw.githubusercontent.com/PokeAPI/sprites/1dce80ceb372675e9fc7e9f101b71845ef587de2/sprites/pokemon/back/1015.png,not_individually_verified,not_individually_verified
dex:fezandipiti:base,1016,吉雉鸡,base,https://raw.githubusercontent.com/PokeAPI/sprites/1dce80ceb372675e9fc7e9f101b71845ef587de2/sprites/pokemon/1016.png,https://raw.githubusercontent.com/PokeAPI/sprites/1dce80ceb372675e9fc7e9f101b71845ef587de2/sprites/pokemon/back/1016.png,not_individually_verified,not_individually_verified
dex:ogerpon:base,1017,厄诡椪,base,https://raw.githubusercontent.com/PokeAPI/sprites/1dce80ceb372675e9fc7e9f101b71845ef587de2/sprites/pokemon/1017.png,https://raw.githubusercontent.com/PokeAPI/sprites/1dce80ceb372675e9fc7e9f101b71845ef587de2/sprites/pokemon/back/1017.png,not_individually_verified,not_individually_verified
dex:form:ogerponcornerstonetera,1017,厄诡椪 · 础石面具太晶化,tera_related,https://www.pokemon.co.jp/ex/sv_dlc/assets/img/ja/pokemon/230808_01/img240125_img14.jpg,,not_individually_verified,not_individually_verified
dex:form:ogerponhearthflametera,1017,厄诡椪 · 火灶面具太晶化,tera_related,https://www.pokemon.co.jp/ex/sv_dlc/assets/img/ja/pokemon/230808_01/img240125_img13.jpg,,not_individually_verified,not_individually_verified
dex:form:ogerpontealtera,1017,厄诡椪 · 碧草面具太晶化,tera_related,https://www.pokemon.co.jp/ex/sv_dlc/assets/img/ja/pokemon/230808_01/img240125_img11.jpg,,not_individually_verified,not_individually_verified
dex:form:ogerponwellspringtera,1017,厄诡椪 · 水井面具太晶化,tera_related,https://www.pokemon.co.jp/ex/sv_dlc/assets/img/ja/pokemon/230808_01/img240125_img12.jpg,,not_individually_verified,not_individually_verified
dex:form:ogerponcornerstone,1017,厄诡椪 · 礎石面具,special_form,https://raw.githubusercontent.com/PokeAPI/sprites/1dce80ceb372675e9fc7e9f101b71845ef587de2/sprites/pokemon/10275.png,https://raw.githubusercontent.com/PokeAPI/sprites/1dce80ceb372675e9fc7e9f101b71845ef587de2/sprites/pokemon/back/10275.png,not_individually_verified,not_individually_verified
dex:form:ogerponhearthflame,1017,厄诡椪 · 火灶面具,special_form,https://raw.githubusercontent.com/PokeAPI/sprites/1dce80ceb372675e9fc7e9f101b71845ef587de2/sprites/pokemon/10274.png,https://raw.githubusercontent.com/PokeAPI/sprites/1dce80ceb372675e9fc7e9f101b71845ef587de2/sprites/pokemon/back/10274.png,not_individually_verified,not_individually_verified
dex:form:ogerponwellspring,1017,厄诡椪 · 水井面具,special_form,https://raw.githubusercontent.com/PokeAPI/sprites/1dce80ceb372675e9fc7e9f101b71845ef587de2/sprites/pokemon/10273.png,https://raw.githubusercontent.com/PokeAPI/sprites/1dce80ceb372675e9fc7e9f101b71845ef587de2/sprites/pokemon/back/10273.png,not_individually_verified,not_individually_verified
dex:archaludon:base,1018,铝钢桥龙,base,https://raw.githubusercontent.com/PokeAPI/sprites/1dce80ceb372675e9fc7e9f101b71845ef587de2/sprites/pokemon/1018.png,https://raw.githubusercontent.com/PokeAPI/sprites/1dce80ceb372675e9fc7e9f101b71845ef587de2/sprites/pokemon/back/1018.png,not_individually_verified,not_individually_verified
dex:hydrapple:base,1019,蜜集大蛇,base,https://raw.githubusercontent.com/PokeAPI/sprites/1dce80ceb372675e9fc7e9f101b71845ef587de2/sprites/pokemon/1019.png,https://raw.githubusercontent.com/PokeAPI/sprites/1dce80ceb372675e9fc7e9f101b71845ef587de2/sprites/pokemon/back/1019.png,not_individually_verified,not_individually_verified
dex:gougingfire:base,1020,破空焰,base,https://raw.githubusercontent.com/PokeAPI/sprites/1dce80ceb372675e9fc7e9f101b71845ef587de2/sprites/pokemon/1020.png,https://raw.githubusercontent.com/PokeAPI/sprites/1dce80ceb372675e9fc7e9f101b71845ef587de2/sprites/pokemon/back/1020.png,not_individually_verified,not_individually_verified
dex:ragingbolt:base,1021,猛雷鼓,base,https://raw.githubusercontent.com/PokeAPI/sprites/1dce80ceb372675e9fc7e9f101b71845ef587de2/sprites/pokemon/1021.png,https://raw.githubusercontent.com/PokeAPI/sprites/1dce80ceb372675e9fc7e9f101b71845ef587de2/sprites/pokemon/back/1021.png,not_individually_verified,not_individually_verified
dex:ironboulder:base,1022,铁磐岩,base,https://raw.githubusercontent.com/PokeAPI/sprites/1dce80ceb372675e9fc7e9f101b71845ef587de2/sprites/pokemon/1022.png,https://raw.githubusercontent.com/PokeAPI/sprites/1dce80ceb372675e9fc7e9f101b71845ef587de2/sprites/pokemon/back/1022.png,not_individually_verified,not_individually_verified
dex:ironcrown:base,1023,铁头壳,base,https://raw.githubusercontent.com/PokeAPI/sprites/1dce80ceb372675e9fc7e9f101b71845ef587de2/sprites/pokemon/1023.png,https://raw.githubusercontent.com/PokeAPI/sprites/1dce80ceb372675e9fc7e9f101b71845ef587de2/sprites/pokemon/back/1023.png,not_individually_verified,not_individually_verified
dex:terapagos:base,1024,太乐巴戈斯,base,https://raw.githubusercontent.com/PokeAPI/sprites/1dce80ceb372675e9fc7e9f101b71845ef587de2/sprites/pokemon/1024.png,https://raw.githubusercontent.com/PokeAPI/sprites/1dce80ceb372675e9fc7e9f101b71845ef587de2/sprites/pokemon/back/1024.png,not_individually_verified,not_individually_verified
dex:form:terapagosstellar,1024,太乐巴戈斯 · 星晶形态,tera_related,https://raw.githubusercontent.com/PokeAPI/sprites/1dce80ceb372675e9fc7e9f101b71845ef587de2/sprites/pokemon/10277.png,https://raw.githubusercontent.com/PokeAPI/sprites/1dce80ceb372675e9fc7e9f101b71845ef587de2/sprites/pokemon/back/10277.png,not_individually_verified,not_individually_verified
dex:form:terapagosterastal,1024,太乐巴戈斯 · 太晶形态,tera_related,https://raw.githubusercontent.com/PokeAPI/sprites/1dce80ceb372675e9fc7e9f101b71845ef587de2/sprites/pokemon/10276.png,https://raw.githubusercontent.com/PokeAPI/sprites/1dce80ceb372675e9fc7e9f101b71845ef587de2/sprites/pokemon/back/10276.png,not_individually_verified,not_individually_verified
dex:pecharunt:base,1025,桃歹郎,base,https://raw.githubusercontent.com/PokeAPI/sprites/1dce80ceb372675e9fc7e9f101b71845ef587de2/sprites/pokemon/1025.png,https://raw.githubusercontent.com/PokeAPI/sprites/1dce80ceb372675e9fc7e9f101b71845ef587de2/sprites/pokemon/back/1025.png,not_individually_verified,not_individually_verified
dex:omni:rocket-bond:sacred-dragon-dun,,神圣龙 · Dun 羁绊,rocket_bond_candidate,/rocket-art/sacred-dragon-dun-front_default.png,/rocket-art/sacred-dragon-dun-back_default.png,not_individually_verified,not_individually_verified
dex:omni:ultra58:990,0,化石雷鸟,source_variant,/ultra-art/990-front_default.png,/ultra-art/990-back_default.png,not_individually_verified,not_individually_verified
dex:omni:ultra58:991,0,化石巨龙,source_variant,/ultra-art/991-front_default.png,/ultra-art/991-back_default.png,not_individually_verified,not_individually_verified
dex:omni:ultra58:992,0,化石鳃鱼,source_variant,/ultra-art/992-front_default.png,/ultra-art/992-back_default.png,not_individually_verified,not_individually_verified
dex:omni:ultra58:993,0,化石海兽,source_variant,/ultra-art/993-front_default.png,/ultra-art/993-back_default.png,not_individually_verified,not_individually_verified
