national,name,field,riding_art,battle,party_icon,dex_front,dex_back,source_candidates,candidate_status,catalog_entries
1,妙蛙种子,integrated_native_four_directions_visual_review_pending,not_accepted,integrated_base_front_back,integrated_native_first_frame,reference_mapped,reference_mapped,ultra58:1,name_match_only_identity_and_visual_review_pending,2
2,妙蛙草,missing,not_accepted,not_integrated,not_integrated,reference_mapped,reference_mapped,ultra58:2,name_match_only_identity_and_visual_review_pending,2
3,妙蛙花,missing,not_accepted,not_integrated,not_integrated,reference_mapped,reference_mapped,ultra58:3;ultra58:254;ultra58:902,name_match_only_identity_and_visual_review_pending,4
4,小火龙,integrated_native_four_directions_visual_review_pending,not_accepted,integrated_base_front_back,integrated_native_first_frame,reference_mapped,reference_mapped,ultra58:4,name_match_only_identity_and_visual_review_pending,2
5,火恐龙,missing,not_accepted,not_integrated,not_integrated,reference_mapped,reference_mapped,ultra58:5,name_match_only_identity_and_visual_review_pending,2
6,喷火龙,integrated_native_four_directions_visual_review_pending,native_seated_directional_layout_rom_reviewed,not_integrated,integrated_native_first_frame,reference_mapped,reference_mapped,ultra58:6;ultra58:252,name_match_only_identity_and_visual_review_pending,5
7,杰尼龟,integrated_native_four_directions_visual_review_pending,not_accepted,integrated_base_front_back,integrated_native_first_frame,reference_mapped,reference_mapped,ultra58:7,name_match_only_identity_and_visual_review_pending,2
8,卡咪龟,missing,not_accepted,not_integrated,not_integrated,reference_mapped,reference_mapped,ultra58:8,name_match_only_identity_and_visual_review_pending,2
9,水箭龟,integrated_native_four_directions_visual_review_pending,native_seated_directional_layout_rom_reviewed,not_integrated,integrated_native_first_frame,reference_mapped,reference_mapped,ultra58:9;ultra58:253;ultra58:905,name_match_only_identity_and_visual_review_pending,4
10,绿毛虫,missing,not_accepted,not_integrated,not_integrated,reference_mapped,reference_mapped,ultra58:10,name_match_only_identity_and_visual_review_pending,2
11,铁甲蛹,missing,not_accepted,not_integrated,not_integrated,reference_mapped,reference_mapped,ultra58:11,name_match_only_identity_and_visual_review_pending,2
12,巴大蝶,missing,not_accepted,not_integrated,not_integrated,reference_mapped,reference_mapped,ultra58:12;ultra58:259,name_match_only_identity_and_visual_review_pending,4
13,独角虫,integrated_native_four_directions_visual_review_pending,not_accepted,integrated_base_front_back,integrated_native_first_frame,reference_mapped,reference_mapped,ultra58:13,name_match_only_identity_and_visual_review_pending,1
14,铁壳蛹,missing,not_accepted,not_integrated,not_integrated,reference_mapped,reference_mapped,ultra58:14,name_match_only_identity_and_visual_review_pending,1
15,大针蜂,missing,not_accepted,not_integrated,not_integrated,reference_mapped,reference_mapped,ultra58:15;ultra58:906,name_match_only_identity_and_visual_review_pending,2
16,波波,integrated_native_four_directions_visual_review_pending,not_accepted,integrated_base_front_back,integrated_native_first_frame,reference_mapped,reference_mapped,ultra58:16,name_match_only_identity_and_visual_review_pending,1
17,比比鸟,integrated_native_four_directions_visual_review_pending,native_seated_directional_layout_rom_reviewed,not_integrated,integrated_native_first_frame,reference_mapped,reference_mapped,ultra58:17,name_match_only_identity_and_visual_review_pending,1
18,大比鸟,integrated_native_four_directions_visual_review_pending,native_seated_directional_layout_rom_reviewed,not_integrated,integrated_native_first_frame,reference_mapped,reference_mapped,ultra58:18;ultra58:907,name_match_only_identity_and_visual_review_pending,2
19,小拉达,integrated_native_four_directions_visual_review_pending,not_accepted,integrated_base_front_back,integrated_native_first_frame,reference_mapped,reference_mapped,ultra58:19;ultra58:856,name_match_only_identity_and_visual_review_pending,2
20,拉达,missing,not_accepted,not_integrated,not_integrated,reference_mapped,reference_mapped,ultra58:20;ultra58:857,name_match_only_identity_and_visual_review_pending,3
21,烈雀,missing,not_accepted,not_integrated,not_integrated,reference_mapped,reference_mapped,ultra58:21,name_match_only_identity_and_visual_review_pending,1
22,大嘴雀,integrated_native_four_directions_visual_review_pending,native_seated_directional_layout_rom_reviewed,not_integrated,integrated_native_first_frame,reference_mapped,reference_mapped,ultra58:22,name_match_only_identity_and_visual_review_pending,1
23,阿柏蛇,missing,not_accepted,not_integrated,not_integrated,reference_mapped,reference_mapped,ultra58:23,name_match_only_identity_and_visual_review_pending,1
24,阿柏怪,missing,not_accepted,not_integrated,not_integrated,reference_mapped,reference_mapped,ultra58:24,name_match_only_identity_and_visual_review_pending,1
25,皮卡丘,integrated_native_four_directions_visual_review_pending,not_accepted,integrated_base_front_back,integrated_native_first_frame,reference_mapped,reference_mapped,ultra58:25;ultra58:255,name_match_only_identity_and_visual_review_pending,28
26,雷丘,missing,not_accepted,not_integrated,not_integrated,reference_mapped,reference_mapped,ultra58:26;ultra58:858,name_match_only_identity_and_visual_review_pending,6
27,穿山鼠,missing,not_accepted,not_integrated,not_integrated,reference_mapped,reference_mapped,ultra58:27;ultra58:859,name_match_only_identity_and_visual_review_pending,4
28,穿山王,missing,not_accepted,not_integrated,not_integrated,reference_mapped,reference_mapped,ultra58:28;ultra58:860,name_match_only_identity_and_visual_review_pending,4
29,尼多兰,missing,not_accepted,not_integrated,not_integrated,reference_mapped,reference_mapped,ultra58:29,name_match_only_identity_and_visual_review_pending,2
30,尼多娜,missing,not_accepted,not_integrated,not_integrated,reference_mapped,reference_mapped,ultra58:30,name_match_only_identity_and_visual_review_pending,2
31,尼多后,missing,not_accepted,not_integrated,not_integrated,reference_mapped,reference_mapped,ultra58:31,name_match_only_identity_and_visual_review_pending,2
32,尼多朗,missing,not_accepted,not_integrated,not_integrated,reference_mapped,reference_mapped,ultra58:32,name_match_only_identity_and_visual_review_pending,2
33,尼多力诺,missing,not_accepted,not_integrated,not_integrated,reference_mapped,reference_mapped,ultra58:33,name_match_only_identity_and_visual_review_pending,2
34,尼多王,missing,not_accepted,not_integrated,not_integrated,reference_mapped,reference_mapped,ultra58:34,name_match_only_identity_and_visual_review_pending,4
35,皮皮,missing,not_accepted,not_integrated,not_integrated,reference_mapped,reference_mapped,ultra58:35,name_match_only_identity_and_visual_review_pending,2
36,皮可西,missing,not_accepted,not_integrated,not_integrated,reference_mapped,reference_mapped,ultra58:36;ultra58:1340,name_match_only_identity_and_visual_review_pending,3
37,六尾,missing,not_accepted,not_integrated,not_integrated,reference_mapped,reference_mapped,ultra58:37;ultra58:861,name_match_only_identity_and_visual_review_pending,4
38,九尾,missing,not_accepted,not_integrated,not_integrated,reference_mapped,reference_mapped,ultra58:38;ultra58:862,name_match_only_identity_and_visual_review_pending,6
39,胖丁,missing,not_accepted,not_integrated,not_integrated,reference_mapped,reference_mapped,ultra58:39,name_match_only_identity_and_visual_review_pending,2
40,胖可丁,missing,not_accepted,not_integrated,not_integrated,reference_mapped,reference_mapped,ultra58:40,name_match_only_identity_and_visual_review_pending,2
41,超音蝠,missing,not_accepted,not_integrated,not_integrated,reference_mapped,reference_mapped,ultra58:41,name_match_only_identity_and_visual_review_pending,2
42,大嘴蝠,integrated_native_four_directions_visual_review_pending,native_seated_directional_layout_rom_reviewed,not_integrated,integrated_native_first_frame,reference_mapped,reference_mapped,ultra58:42,name_match_only_identity_and_visual_review_pending,2
43,走路草,missing,not_accepted,not_integrated,not_integrated,reference_mapped,reference_mapped,ultra58:43,name_match_only_identity_and_visual_review_pending,2
44,臭臭花,missing,not_accepted,not_integrated,not_integrated,reference_mapped,reference_mapped,ultra58:44,name_match_only_identity_and_visual_review_pending,2
45,霸王花,missing,not_accepted,not_integrated,not_integrated,reference_mapped,reference_mapped,ultra58:45,name_match_only_identity_and_visual_review_pending,2
46,派拉斯,missing,not_accepted,not_integrated,not_integrated,reference_mapped,reference_mapped,ultra58:46,name_match_only_identity_and_visual_review_pending,1
47,派拉斯特,missing,not_accepted,not_integrated,not_integrated,reference_mapped,reference_mapped,ultra58:47,name_match_only_identity_and_visual_review_pending,1
48,毛球,missing,not_accepted,not_integrated,not_integrated,reference_mapped,reference_mapped,ultra58:48,name_match_only_identity_and_visual_review_pending,1
49,摩鲁蛾,missing,not_accepted,not_integrated,not_integrated,reference_mapped,reference_mapped,ultra58:49,name_match_only_identity_and_visual_review_pending,1
50,地鼠,missing,not_accepted,not_integrated,not_integrated,reference_mapped,reference_mapped,ultra58:50;ultra58:863,name_match_only_identity_and_visual_review_pending,4
51,三地鼠,missing,not_accepted,not_integrated,not_integrated,reference_mapped,reference_mapped,ultra58:51;ultra58:864,name_match_only_identity_and_visual_review_pending,4
52,喵喵,missing,not_accepted,not_integrated,not_integrated,reference_mapped,reference_mapped,ultra58:52;ultra58:260;ultra58:865;ultra58:1107,name_match_only_identity_and_visual_review_pending,7
53,猫老大,integrated_native_four_directions_visual_review_pending,native_seated_directional_layout_rom_reviewed,not_integrated,integrated_native_first_frame,reference_mapped,reference_mapped,ultra58:53;ultra58:866,name_match_only_identity_and_visual_review_pending,4
54,可达鸭,missing,not_accepted,not_integrated,not_integrated,reference_mapped,reference_mapped,ultra58:54,name_match_only_identity_and_visual_review_pending,2
55,哥达鸭,missing,not_accepted,not_integrated,not_integrated,reference_mapped,reference_mapped,ultra58:55,name_match_only_identity_and_visual_review_pending,2
56,猴怪,missing,not_accepted,not_integrated,not_integrated,reference_mapped,reference_mapped,ultra58:56,name_match_only_identity_and_visual_review_pending,1
57,火暴猴,missing,not_accepted,not_integrated,not_integrated,reference_mapped,reference_mapped,ultra58:57,name_match_only_identity_and_visual_review_pending,1
58,卡蒂狗,missing,not_accepted,not_integrated,not_integrated,reference_mapped,reference_mapped,ultra58:58;ultra58:1019,name_match_only_identity_and_visual_review_pending,3
59,风速狗,integrated_native_four_directions_visual_review_pending,native_seated_directional_layout_rom_reviewed,integrated_base_front_back,integrated_native_first_frame,reference_mapped,reference_mapped,ultra58:59;ultra58:1020,name_match_only_identity_and_visual_review_pending,3
60,蚊香蝌蚪,missing,not_accepted,not_integrated,not_integrated,reference_mapped,reference_mapped,ultra58:60,name_match_only_identity_and_visual_review_pending,2
61,蚊香君,missing,not_accepted,not_integrated,not_integrated,reference_mapped,reference_mapped,ultra58:61,name_match_only_identity_and_visual_review_pending,2
62,蚊香泳士,missing,not_accepted,not_integrated,not_integrated,reference_mapped,reference_mapped,ultra58:62,name_match_only_identity_and_visual_review_pending,3
63,凯西,missing,not_accepted,not_integrated,not_integrated,reference_mapped,reference_mapped,ultra58:63,name_match_only_identity_and_visual_review_pending,2
64,勇基拉,missing,not_accepted,not_integrated,not_integrated,reference_mapped,reference_mapped,ultra58:64,name_match_only_identity_and_visual_review_pending,2
65,胡地,missing,not_accepted,not_integrated,not_integrated,reference_mapped,reference_mapped,ultra58:65;ultra58:908,name_match_only_identity_and_visual_review_pending,3
66,腕力,missing,not_accepted,not_integrated,not_integrated,reference_mapped,reference_mapped,ultra58:66,name_match_only_identity_and_visual_review_pending,2
67,豪力,missing,not_accepted,not_integrated,not_integrated,reference_mapped,reference_mapped,ultra58:67,name_match_only_identity_and_visual_review_pending,2
68,怪力,missing,not_accepted,not_integrated,not_integrated,reference_mapped,reference_mapped,ultra58:68;ultra58:256,name_match_only_identity_and_visual_review_pending,3
69,喇叭芽,missing,not_accepted,not_integrated,not_integrated,reference_mapped,reference_mapped,ultra58:69,name_match_only_identity_and_visual_review_pending,1
70,口呆花,missing,not_accepted,not_integrated,not_integrated,reference_mapped,reference_mapped,ultra58:70,name_match_only_identity_and_visual_review_pending,1
71,大食花,missing,not_accepted,not_integrated,not_integrated,reference_mapped,reference_mapped,ultra58:71;ultra58:1341,name_match_only_identity_and_visual_review_pending,2
72,玛瑙水母,missing,not_accepted,not_integrated,not_integrated,reference_mapped,reference_mapped,ultra58:72,name_match_only_identity_and_visual_review_pending,2
73,毒刺水母,missing,not_accepted,not_integrated,not_integrated,reference_mapped,reference_mapped,ultra58:73,name_match_only_identity_and_visual_review_pending,2
74,小拳石,missing,not_accepted,not_integrated,not_integrated,reference_mapped,reference_mapped,ultra58:74;ultra58:867,name_match_only_identity_and_visual_review_pending,2
75,隆隆石,missing,not_accepted,not_integrated,not_integrated,reference_mapped,reference_mapped,ultra58:75;ultra58:868,name_match_only_identity_and_visual_review_pending,2
76,隆隆岩,missing,not_accepted,not_integrated,not_integrated,reference_mapped,reference_mapped,ultra58:76;ultra58:869,name_match_only_identity_and_visual_review_pending,2
77,小火马,integrated_native_four_directions_visual_review_pending,native_seated_directional_layout_rom_reviewed,not_integrated,integrated_native_first_frame,reference_mapped,reference_mapped,ultra58:77;ultra58:1104,name_match_only_identity_and_visual_review_pending,4
78,烈焰马,integrated_native_four_directions_visual_review_pending,native_seated_directional_layout_rom_reviewed,not_integrated,integrated_native_first_frame,reference_mapped,reference_mapped,ultra58:78;ultra58:1105,name_match_only_identity_and_visual_review_pending,5
79,呆呆兽,integrated_native_four_directions_visual_review_pending,native_seated_directional_layout_rom_reviewed,not_integrated,integrated_native_first_frame,reference_mapped,reference_mapped,ultra58:79;ultra58:1028,name_match_only_identity_and_visual_review_pending,4
80,呆壳兽,missing,not_accepted,not_integrated,not_integrated,reference_mapped,reference_mapped,ultra58:80;ultra58:909;ultra58:1029,name_match_only_identity_and_visual_review_pending,5
81,小磁怪,missing,not_accepted,not_integrated,not_integrated,reference_mapped,reference_mapped,ultra58:81,name_match_only_identity_and_visual_review_pending,2
82,三合一磁怪,missing,not_accepted,not_integrated,not_integrated,reference_mapped,reference_mapped,ultra58:82,name_match_only_identity_and_visual_review_pending,2
83,大葱鸭,missing,not_accepted,not_integrated,not_integrated,reference_mapped,reference_mapped,ultra58:83;ultra58:1108,name_match_only_identity_and_visual_review_pending,4
84,嘟嘟,missing,not_accepted,not_integrated,not_integrated,reference_mapped,reference_mapped,ultra58:84,name_match_only_identity_and_visual_review_pending,1
85,嘟嘟利,missing,not_accepted,not_integrated,not_integrated,reference_mapped,reference_mapped,ultra58:85,name_match_only_identity_and_visual_review_pending,1
86,小海狮,integrated_native_four_directions_visual_review_pending,native_seated_directional_layout_rom_reviewed,not_integrated,integrated_native_first_frame,reference_mapped,reference_mapped,ultra58:86,name_match_only_identity_and_visual_review_pending,1
87,白海狮,integrated_native_four_directions_visual_review_pending,native_seated_directional_layout_rom_reviewed,not_integrated,integrated_native_first_frame,reference_mapped,reference_mapped,ultra58:87,name_match_only_identity_and_visual_review_pending,1
88,臭泥,missing,not_accepted,not_integrated,not_integrated,reference_mapped,reference_mapped,ultra58:88;ultra58:870,name_match_only_identity_and_visual_review_pending,2
89,臭臭泥,missing,not_accepted,not_integrated,not_integrated,reference_mapped,reference_mapped,ultra58:89;ultra58:871,name_match_only_identity_and_visual_review_pending,2
90,大舌贝,missing,not_accepted,not_integrated,not_integrated,reference_mapped,reference_mapped,ultra58:90,name_match_only_identity_and_visual_review_pending,2
91,刺甲贝,missing,not_accepted,not_integrated,not_integrated,reference_mapped,reference_mapped,ultra58:91,name_match_only_identity_and_visual_review_pending,2
92,鬼斯,missing,not_accepted,not_integrated,not_integrated,reference_mapped,reference_mapped,ultra58:92,name_match_only_identity_and_visual_review_pending,2
93,鬼斯通,missing,not_accepted,not_integrated,not_integrated,reference_mapped,reference_mapped,ultra58:93,name_match_only_identity_and_visual_review_pending,2
94,耿鬼,missing,not_accepted,not_integrated,not_integrated,reference_mapped,reference_mapped,ultra58:94;ultra58:263;ultra58:910,name_match_only_identity_and_visual_review_pending,4
95,大岩蛇,integrated_native_four_directions_visual_review_pending,native_seated_directional_layout_rom_reviewed,not_integrated,integrated_native_first_frame,reference_mapped,reference_mapped,ultra58:95,name_match_only_identity_and_visual_review_pending,2
96,催眠貘,missing,not_accepted,not_integrated,not_integrated,reference_mapped,reference_mapped,ultra58:96,name_match_only_identity_and_visual_review_pending,1
97,引梦貘人,missing,not_accepted,not_integrated,not_integrated,reference_mapped,reference_mapped,ultra58:97,name_match_only_identity_and_visual_review_pending,2
98,大钳蟹,missing,not_accepted,not_integrated,not_integrated,reference_mapped,reference_mapped,ultra58:98,name_match_only_identity_and_visual_review_pending,2
99,巨钳蟹,integrated_native_four_directions_visual_review_pending,native_seated_directional_layout_rom_reviewed,not_integrated,integrated_native_first_frame,reference_mapped,reference_mapped,ultra58:99;ultra58:257,name_match_only_identity_and_visual_review_pending,3
100,霹雳电球,missing,not_accepted,not_integrated,not_integrated,reference_mapped,reference_mapped,ultra58:100;ultra58:1021,name_match_only_identity_and_visual_review_pending,2
101,顽皮雷弹,missing,not_accepted,not_integrated,not_integrated,reference_mapped,reference_mapped,ultra58:101;ultra58:1022,name_match_only_identity_and_visual_review_pending,2
102,蛋蛋,missing,not_accepted,not_integrated,not_integrated,reference_mapped,reference_mapped,ultra58:102,name_match_only_identity_and_visual_review_pending,2
103,椰蛋树,missing,not_accepted,not_integrated,not_integrated,reference_mapped,reference_mapped,ultra58:103;ultra58:872,name_match_only_identity_and_visual_review_pending,4
104,卡拉卡拉,missing,not_accepted,not_integrated,not_integrated,reference_mapped,reference_mapped,ultra58:104,name_match_only_identity_and_visual_review_pending,2
105,嘎啦嘎啦,missing,not_accepted,not_integrated,not_integrated,reference_mapped,reference_mapped,ultra58:105;ultra58:873,name_match_only_identity_and_visual_review_pending,5
106,飞腿郎,missing,not_accepted,not_integrated,not_integrated,reference_mapped,reference_mapped,ultra58:106,name_match_only_identity_and_visual_review_pending,2
107,快拳郎,missing,not_accepted,not_integrated,not_integrated,reference_mapped,reference_mapped,ultra58:107,name_match_only_identity_and_visual_review_pending,2
108,大舌头,missing,not_accepted,not_integrated,not_integrated,reference_mapped,reference_mapped,ultra58:108,name_match_only_identity_and_visual_review_pending,2
109,瓦斯弹,integrated_native_four_directions_visual_review_pending,not_accepted,integrated_base_front_back,integrated_native_first_frame,reference_mapped,reference_mapped,ultra58:109,name_match_only_identity_and_visual_review_pending,2
110,双弹瓦斯,missing,not_accepted,not_integrated,not_integrated,reference_mapped,reference_mapped,ultra58:110;ultra58:1083,name_match_only_identity_and_visual_review_pending,4
111,独角犀牛,integrated_native_four_directions_visual_review_pending,native_seated_directional_layout_rom_reviewed,integrated_base_front_back,integrated_native_first_frame,reference_mapped,reference_mapped,ultra58:111,name_match_only_identity_and_visual_review_pending,2
112,钻角犀兽,missing,not_accepted,not_integrated,not_integrated,reference_mapped,reference_mapped,ultra58:112,name_match_only_identity_and_visual_review_pending,2
113,吉利蛋,missing,not_accepted,not_integrated,not_integrated,reference_mapped,reference_mapped,ultra58:113,name_match_only_identity_and_visual_review_pending,2
114,蔓藤怪,missing,not_accepted,not_integrated,not_integrated,reference_mapped,reference_mapped,ultra58:114,name_match_only_identity_and_visual_review_pending,2
115,袋兽,missing,not_accepted,not_integrated,not_integrated,reference_mapped,reference_mapped,ultra58:115;ultra58:911,name_match_only_identity_and_visual_review_pending,3
116,墨海马,missing,not_accepted,not_integrated,not_integrated,reference_mapped,reference_mapped,ultra58:116,name_match_only_identity_and_visual_review_pending,2
117,海刺龙,missing,not_accepted,not_integrated,not_integrated,reference_mapped,reference_mapped,ultra58:117,name_match_only_identity_and_visual_review_pending,2
118,角金鱼,missing,not_accepted,not_integrated,not_integrated,reference_mapped,reference_mapped,ultra58:118,name_match_only_identity_and_visual_review_pending,2
119,金鱼王,integrated_native_four_directions_visual_review_pending,native_seated_directional_layout_rom_reviewed,not_integrated,integrated_native_first_frame,reference_mapped,reference_mapped,ultra58:119,name_match_only_identity_and_visual_review_pending,2
120,海星星,missing,not_accepted,not_integrated,not_integrated,reference_mapped,reference_mapped,ultra58:120,name_match_only_identity_and_visual_review_pending,2
121,宝石海星,missing,not_accepted,not_integrated,not_integrated,reference_mapped,reference_mapped,ultra58:121;ultra58:1342,name_match_only_identity_and_visual_review_pending,3
122,魔墙人偶,missing,not_accepted,not_integrated,not_integrated,reference_mapped,reference_mapped,ultra58:122;ultra58:1081,name_match_only_identity_and_visual_review_pending,4
123,飞天螳螂,missing,not_accepted,not_integrated,not_integrated,reference_mapped,reference_mapped,ultra58:123,name_match_only_identity_and_visual_review_pending,2
124,迷唇姐,missing,not_accepted,not_integrated,not_integrated,reference_mapped,reference_mapped,ultra58:124,name_match_only_identity_and_visual_review_pending,2
125,电击兽,missing,not_accepted,not_integrated,not_integrated,reference_mapped,reference_mapped,ultra58:125,name_match_only_identity_and_visual_review_pending,2
126,鸭嘴火兽,missing,not_accepted,not_integrated,not_integrated,reference_mapped,reference_mapped,ultra58:126,name_match_only_identity_and_visual_review_pending,2
127,凯罗斯,missing,not_accepted,not_integrated,not_integrated,reference_mapped,reference_mapped,ultra58:127;ultra58:912,name_match_only_identity_and_visual_review_pending,3
128,肯泰罗,integrated_native_four_directions_visual_review_pending,native_seated_directional_layout_rom_reviewed,integrated_base_front_back,integrated_native_first_frame,reference_mapped,reference_mapped,ultra58:128;ultra58:1329;ultra58:1330;ultra58:1331,name_match_only_identity_and_visual_review_pending,5
129,鲤鱼王,missing,not_accepted,not_integrated,not_integrated,reference_mapped,reference_mapped,ultra58:129,name_match_only_identity_and_visual_review_pending,2
130,暴鲤龙,integrated_native_four_directions_visual_review_pending,native_seated_directional_layout_rom_reviewed,not_integrated,integrated_native_first_frame,reference_mapped,reference_mapped,ultra58:130;ultra58:913,name_match_only_identity_and_visual_review_pending,3
131,拉普拉斯,integrated_native_four_directions_visual_review_pending,native_seated_directional_layout_rom_reviewed,integrated_base_front_back,integrated_native_first_frame,reference_mapped,reference_mapped,ultra58:131;ultra58:258,name_match_only_identity_and_visual_review_pending,3
132,百变怪,missing,not_accepted,not_integrated,not_integrated,reference_mapped,reference_mapped,ultra58:132,name_match_only_identity_and_visual_review_pending,2
133,伊布,missing,not_accepted,not_integrated,not_integrated,reference_mapped,reference_mapped,ultra58:133;ultra58:261,name_match_only_identity_and_visual_review_pending,5
134,水伊布,missing,not_accepted,not_integrated,not_integrated,reference_mapped,reference_mapped,ultra58:134,name_match_only_identity_and_visual_review_pending,3
135,雷伊布,missing,not_accepted,not_integrated,not_integrated,reference_mapped,reference_mapped,ultra58:135,name_match_only_identity_and_visual_review_pending,3
136,火伊布,missing,not_accepted,not_integrated,not_integrated,reference_mapped,reference_mapped,ultra58:136,name_match_only_identity_and_visual_review_pending,3
137,多边兽,missing,not_accepted,not_integrated,not_integrated,reference_mapped,reference_mapped,ultra58:137,name_match_only_identity_and_visual_review_pending,2
138,菊石兽,missing,not_accepted,not_integrated,not_integrated,reference_mapped,reference_mapped,ultra58:138,name_match_only_identity_and_visual_review_pending,2
139,多刺菊石兽,integrated_native_four_directions_visual_review_pending,native_seated_directional_layout_rom_reviewed,not_integrated,integrated_native_first_frame,reference_mapped,reference_mapped,ultra58:139,name_match_only_identity_and_visual_review_pending,2
140,化石盔,missing,not_accepted,not_integrated,not_integrated,reference_mapped,reference_mapped,ultra58:140,name_match_only_identity_and_visual_review_pending,2
141,镰刀盔,missing,not_accepted,not_integrated,not_integrated,reference_mapped,reference_mapped,ultra58:141,name_match_only_identity_and_visual_review_pending,2
142,化石翼龙,integrated_native_four_directions_visual_review_pending,native_seated_directional_layout_rom_reviewed,not_integrated,integrated_native_first_frame,reference_mapped,reference_mapped,ultra58:142;ultra58:914,name_match_only_identity_and_visual_review_pending,4
143,卡比兽,integrated_native_four_directions_visual_review_pending,native_seated_directional_layout_rom_reviewed,not_integrated,integrated_native_first_frame,reference_mapped,reference_mapped,ultra58:143;ultra58:262,name_match_only_identity_and_visual_review_pending,3
144,急冻鸟,integrated_native_four_directions_visual_review_pending,native_seated_directional_layout_rom_reviewed,not_integrated,integrated_native_first_frame,reference_mapped,reference_mapped,ultra58:144;ultra58:1033,name_match_only_identity_and_visual_review_pending,4
145,闪电鸟,integrated_native_four_directions_visual_review_pending,native_seated_directional_layout_rom_reviewed,not_integrated,integrated_native_first_frame,reference_mapped,reference_mapped,ultra58:145;ultra58:1032,name_match_only_identity_and_visual_review_pending,4
146,火焰鸟,integrated_native_four_directions_visual_review_pending,native_seated_directional_layout_rom_reviewed,not_integrated,integrated_native_first_frame,reference_mapped,reference_mapped,ultra58:146;ultra58:1031,name_match_only_identity_and_visual_review_pending,4
147,迷你龙,missing,not_accepted,not_integrated,not_integrated,reference_mapped,reference_mapped,ultra58:147,name_match_only_identity_and_visual_review_pending,2
148,哈克龙,missing,not_accepted,not_integrated,not_integrated,reference_mapped,reference_mapped,ultra58:148,name_match_only_identity_and_visual_review_pending,2
149,快龙,integrated_native_four_directions_visual_review_pending,native_seated_directional_layout_rom_reviewed,not_integrated,integrated_native_first_frame,reference_mapped,reference_mapped,ultra58:149;ultra58:1343,name_match_only_identity_and_visual_review_pending,4
150,超梦,missing,not_accepted,not_integrated,not_integrated,reference_mapped,reference_mapped,ultra58:150,name_match_only_identity_and_visual_review_pending,8
151,梦幻,missing,not_accepted,not_integrated,not_integrated,reference_mapped,reference_mapped,ultra58:151,name_match_only_identity_and_visual_review_pending,2
152,菊草叶,missing,not_accepted,not_integrated,not_integrated,reference_mapped,reference_mapped,ultra58:152,name_match_only_identity_and_visual_review_pending,1
153,月桂叶,missing,not_accepted,not_integrated,not_integrated,reference_mapped,reference_mapped,ultra58:153,name_match_only_identity_and_visual_review_pending,1
154,大竺葵,integrated_native_four_directions_visual_review_pending,native_seated_directional_layout_rom_reviewed,not_integrated,integrated_native_first_frame,reference_mapped,reference_mapped,ultra58:154;ultra58:1344,name_match_only_identity_and_visual_review_pending,2
155,火球鼠,missing,not_accepted,not_integrated,not_integrated,reference_mapped,reference_mapped,ultra58:155,name_match_only_identity_and_visual_review_pending,1
156,火岩鼠,missing,not_accepted,not_integrated,not_integrated,reference_mapped,reference_mapped,ultra58:156,name_match_only_identity_and_visual_review_pending,1
157,火暴兽,integrated_native_four_directions_visual_review_pending,native_seated_directional_layout_rom_reviewed,not_integrated,integrated_native_first_frame,reference_mapped,reference_mapped,ultra58:157;ultra58:895;ultra58:1091,name_match_only_identity_and_visual_review_pending,2
158,小锯鳄,missing,not_accepted,not_integrated,not_integrated,reference_mapped,reference_mapped,ultra58:158,name_match_only_identity_and_visual_review_pending,1
159,蓝鳄,missing,not_accepted,not_integrated,not_integrated,reference_mapped,reference_mapped,ultra58:159,name_match_only_identity_and_visual_review_pending,1
160,大力鳄,missing,not_accepted,not_integrated,not_integrated,reference_mapped,reference_mapped,ultra58:160;ultra58:1345,name_match_only_identity_and_visual_review_pending,3
161,尾立,missing,not_accepted,not_integrated,not_integrated,reference_mapped,reference_mapped,ultra58:161,name_match_only_identity_and_visual_review_pending,1
162,大尾立,integrated_native_four_directions_visual_review_pending,native_seated_directional_layout_rom_reviewed,not_integrated,integrated_native_first_frame,reference_mapped,reference_mapped,ultra58:162,name_match_only_identity_and_visual_review_pending,1
163,咕咕,missing,not_accepted,not_integrated,not_integrated,reference_mapped,reference_mapped,ultra58:163,name_match_only_identity_and_visual_review_pending,2
164,猫头夜鹰,integrated_native_four_directions_visual_review_pending,native_seated_directional_layout_rom_reviewed,not_integrated,integrated_native_first_frame,reference_mapped,reference_mapped,ultra58:164,name_match_only_identity_and_visual_review_pending,2
165,芭瓢虫,missing,not_accepted,not_integrated,not_integrated,reference_mapped,reference_mapped,ultra58:165,name_match_only_identity_and_visual_review_pending,1
166,安瓢虫,integrated_native_four_directions_visual_review_pending,native_seated_directional_layout_rom_reviewed,not_integrated,integrated_native_first_frame,reference_mapped,reference_mapped,ultra58:166,name_match_only_identity_and_visual_review_pending,1
167,圆丝蛛,missing,not_accepted,not_integrated,not_integrated,reference_mapped,reference_mapped,ultra58:167,name_match_only_identity_and_visual_review_pending,1
168,阿利多斯,integrated_native_four_directions_visual_review_pending,native_seated_directional_layout_rom_reviewed,not_integrated,integrated_native_first_frame,reference_mapped,reference_mapped,ultra58:168,name_match_only_identity_and_visual_review_pending,1
169,叉字蝠,missing,not_accepted,not_integrated,not_integrated,reference_mapped,reference_mapped,ultra58:169,name_match_only_identity_and_visual_review_pending,4
170,灯笼鱼,missing,not_accepted,not_integrated,not_integrated,reference_mapped,reference_mapped,ultra58:170,name_match_only_identity_and_visual_review_pending,2
171,电灯怪,missing,not_accepted,not_integrated,not_integrated,reference_mapped,reference_mapped,ultra58:171,name_match_only_identity_and_visual_review_pending,2
172,皮丘,missing,not_accepted,not_integrated,not_integrated,reference_mapped,reference_mapped,ultra58:172,name_match_only_identity_and_visual_review_pending,3
173,皮宝宝,missing,not_accepted,not_integrated,not_integrated,reference_mapped,reference_mapped,ultra58:173,name_match_only_identity_and_visual_review_pending,2
174,宝宝丁,missing,not_accepted,not_integrated,not_integrated,reference_mapped,reference_mapped,ultra58:174,name_match_only_identity_and_visual_review_pending,2
175,波克比,missing,not_accepted,not_integrated,not_integrated,reference_mapped,reference_mapped,ultra58:175,name_match_only_identity_and_visual_review_pending,2
176,波克基古,missing,not_accepted,not_integrated,not_integrated,reference_mapped,reference_mapped,ultra58:176,name_match_only_identity_and_visual_review_pending,2
177,天然雀,missing,not_accepted,not_integrated,not_integrated,reference_mapped,reference_mapped,ultra58:177,name_match_only_identity_and_visual_review_pending,2
178,天然鸟,missing,not_accepted,not_integrated,not_integrated,reference_mapped,reference_mapped,ultra58:178,name_match_only_identity_and_visual_review_pending,2
179,咩利羊,missing,not_accepted,not_integrated,not_integrated,reference_mapped,reference_mapped,ultra58:179,name_match_only_identity_and_visual_review_pending,1
180,茸茸羊,missing,not_accepted,not_integrated,not_integrated,reference_mapped,reference_mapped,ultra58:180,name_match_only_identity_and_visual_review_pending,1
181,电龙,missing,not_accepted,not_integrated,not_integrated,reference_mapped,reference_mapped,ultra58:181;ultra58:917,name_match_only_identity_and_visual_review_pending,2
182,美丽花,missing,not_accepted,not_integrated,not_integrated,reference_mapped,reference_mapped,ultra58:182,name_match_only_identity_and_visual_review_pending,2
183,玛力露,missing,not_accepted,not_integrated,not_integrated,reference_mapped,reference_mapped,ultra58:183,name_match_only_identity_and_visual_review_pending,2
184,玛力露丽,missing,not_accepted,not_integrated,not_integrated,reference_mapped,reference_mapped,ultra58:184,name_match_only_identity_and_visual_review_pending,2
185,树才怪,missing,not_accepted,not_integrated,not_integrated,reference_mapped,reference_mapped,ultra58:185,name_match_only_identity_and_visual_review_pending,2
186,蚊香蛙皇,missing,not_accepted,not_integrated,not_integrated,reference_mapped,reference_mapped,ultra58:186,name_match_only_identity_and_visual_review_pending,2
187,毽子草,missing,not_accepted,not_integrated,not_integrated,reference_mapped,reference_mapped,ultra58:187,name_match_only_identity_and_visual_review_pending,1
188,毽子花,missing,not_accepted,not_integrated,not_integrated,reference_mapped,reference_mapped,ultra58:188,name_match_only_identity_and_visual_review_pending,1
189,毽子棉,missing,not_accepted,not_integrated,not_integrated,reference_mapped,reference_mapped,ultra58:189,name_match_only_identity_and_visual_review_pending,1
190,长尾怪手,missing,not_accepted,not_integrated,not_integrated,reference_mapped,reference_mapped,ultra58:190,name_match_only_identity_and_visual_review_pending,1
191,向日种子,missing,not_accepted,not_integrated,not_integrated,reference_mapped,reference_mapped,ultra58:191,name_match_only_identity_and_visual_review_pending,1
192,向日花怪,missing,not_accepted,not_integrated,not_integrated,reference_mapped,reference_mapped,ultra58:192,name_match_only_identity_and_visual_review_pending,1
193,蜻蜻蜓,missing,not_accepted,not_integrated,not_integrated,reference_mapped,reference_mapped,ultra58:193,name_match_only_identity_and_visual_review_pending,1
194,乌波,missing,not_accepted,not_integrated,not_integrated,reference_mapped,reference_mapped,ultra58:194;ultra58:1328,name_match_only_identity_and_visual_review_pending,3
195,沼王,missing,not_accepted,not_integrated,not_integrated,reference_mapped,reference_mapped,ultra58:195,name_match_only_identity_and_visual_review_pending,2
196,太阳伊布,missing,not_accepted,not_integrated,not_integrated,reference_mapped,reference_mapped,ultra58:196,name_match_only_identity_and_visual_review_pending,2
197,月亮伊布,missing,not_accepted,not_integrated,not_integrated,reference_mapped,reference_mapped,ultra58:197,name_match_only_identity_and_visual_review_pending,2
198,黑暗鸦,missing,not_accepted,not_integrated,not_integrated,reference_mapped,reference_mapped,ultra58:198,name_match_only_identity_and_visual_review_pending,1
199,呆呆王,missing,not_accepted,not_integrated,not_integrated,reference_mapped,reference_mapped,ultra58:199;ultra58:1030,name_match_only_identity_and_visual_review_pending,4
200,梦妖,missing,not_accepted,not_integrated,not_integrated,reference_mapped,reference_mapped,ultra58:200,name_match_only_identity_and_visual_review_pending,1
201,未知图腾,missing,not_accepted,not_integrated,not_integrated,reference_mapped,reference_mapped,ultra58:435;ultra58:436;ultra58:437;ultra58:438;ultra58:439,name_match_only_identity_and_visual_review_pending,28
202,果然翁,missing,not_accepted,not_integrated,not_integrated,reference_mapped,reference_mapped,ultra58:202,name_match_only_identity_and_visual_review_pending,2
203,麒麟奇,integrated_native_four_directions_visual_review_pending,native_seated_directional_layout_rom_reviewed,not_integrated,integrated_native_first_frame,reference_mapped,reference_mapped,ultra58:203,name_match_only_identity_and_visual_review_pending,1
204,榛果球,missing,not_accepted,not_integrated,not_integrated,reference_mapped,reference_mapped,ultra58:204,name_match_only_identity_and_visual_review_pending,1
205,佛烈托斯,missing,not_accepted,not_integrated,not_integrated,reference_mapped,reference_mapped,ultra58:205,name_match_only_identity_and_visual_review_pending,1
206,土龙弟弟,missing,not_accepted,not_integrated,not_integrated,reference_mapped,reference_mapped,ultra58:206,name_match_only_identity_and_visual_review_pending,2
207,天蝎,integrated_native_four_directions_visual_review_pending,native_seated_directional_layout_rom_reviewed,not_integrated,integrated_native_first_frame,reference_mapped,reference_mapped,ultra58:207,name_match_only_identity_and_visual_review_pending,1
208,大钢蛇,integrated_native_four_directions_visual_review_pending,native_seated_directional_layout_rom_reviewed,not_integrated,integrated_native_first_frame,reference_mapped,reference_mapped,ultra58:208;ultra58:918,name_match_only_identity_and_visual_review_pending,3
209,布鲁,missing,not_accepted,not_integrated,not_integrated,reference_mapped,reference_mapped,ultra58:209,name_match_only_identity_and_visual_review_pending,1
210,布鲁皇,missing,not_accepted,not_integrated,not_integrated,reference_mapped,reference_mapped,ultra58:210,name_match_only_identity_and_visual_review_pending,1
211,千针鱼,missing,not_accepted,not_integrated,not_integrated,reference_mapped,reference_mapped,ultra58:211;ultra58:1015,name_match_only_identity_and_visual_review_pending,3
212,巨钳螳螂,missing,not_accepted,not_integrated,not_integrated,reference_mapped,reference_mapped,ultra58:212;ultra58:919,name_match_only_identity_and_visual_review_pending,3
213,壶壶,missing,not_accepted,not_integrated,not_integrated,reference_mapped,reference_mapped,ultra58:213,name_match_only_identity_and_visual_review_pending,2
214,赫拉克罗斯,missing,not_accepted,not_integrated,not_integrated,reference_mapped,reference_mapped,ultra58:214;ultra58:920,name_match_only_identity_and_visual_review_pending,3
215,狃拉,missing,not_accepted,not_integrated,not_integrated,reference_mapped,reference_mapped,ultra58:215;ultra58:1062,name_match_only_identity_and_visual_review_pending,3
216,熊宝宝,missing,not_accepted,not_integrated,not_integrated,reference_mapped,reference_mapped,ultra58:216,name_match_only_identity_and_visual_review_pending,1
217,圈圈熊,missing,not_accepted,not_integrated,not_integrated,reference_mapped,reference_mapped,ultra58:217,name_match_only_identity_and_visual_review_pending,1
218,熔岩虫,missing,not_accepted,not_integrated,not_integrated,reference_mapped,reference_mapped,ultra58:218,name_match_only_identity_and_visual_review_pending,1
219,熔岩蜗牛,missing,not_accepted,not_integrated,not_integrated,reference_mapped,reference_mapped,ultra58:219,name_match_only_identity_and_visual_review_pending,1
220,小山猪,missing,not_accepted,not_integrated,not_integrated,reference_mapped,reference_mapped,ultra58:220,name_match_only_identity_and_visual_review_pending,2
221,长毛猪,integrated_native_four_directions_visual_review_pending,native_seated_directional_layout_rom_reviewed,not_integrated,integrated_native_first_frame,reference_mapped,reference_mapped,ultra58:221,name_match_only_identity_and_visual_review_pending,2
222,太阳珊瑚,missing,not_accepted,not_integrated,not_integrated,reference_mapped,reference_mapped,ultra58:222;ultra58:1084,name_match_only_identity_and_visual_review_pending,4
223,铁炮鱼,missing,not_accepted,not_integrated,not_integrated,reference_mapped,reference_mapped,ultra58:223,name_match_only_identity_and_visual_review_pending,2
224,章鱼桶,missing,not_accepted,not_integrated,not_integrated,reference_mapped,reference_mapped,ultra58:224,name_match_only_identity_and_visual_review_pending,2
225,信使鸟,missing,not_accepted,not_integrated,not_integrated,reference_mapped,reference_mapped,ultra58:225,name_match_only_identity_and_visual_review_pending,2
226,巨翅飞鱼,integrated_native_four_directions_visual_review_pending,native_seated_directional_layout_rom_reviewed,not_integrated,integrated_native_first_frame,reference_mapped,reference_mapped,ultra58:226,name_match_only_identity_and_visual_review_pending,2
227,盔甲鸟,integrated_native_four_directions_visual_review_pending,native_seated_directional_layout_rom_reviewed,not_integrated,integrated_native_first_frame,reference_mapped,reference_mapped,ultra58:227;ultra58:1346,name_match_only_identity_and_visual_review_pending,4
228,戴鲁比,missing,not_accepted,not_integrated,not_integrated,reference_mapped,reference_mapped,ultra58:228,name_match_only_identity_and_visual_review_pending,1
229,黑鲁加,integrated_native_four_directions_visual_review_pending,native_seated_directional_layout_rom_reviewed,not_integrated,integrated_native_first_frame,reference_mapped,reference_mapped,ultra58:229;ultra58:921,name_match_only_identity_and_visual_review_pending,2
230,刺龙王,missing,not_accepted,not_integrated,not_integrated,reference_mapped,reference_mapped,ultra58:230,name_match_only_identity_and_visual_review_pending,3
231,小小象,missing,not_accepted,not_integrated,not_integrated,reference_mapped,reference_mapped,ultra58:231,name_match_only_identity_and_visual_review_pending,1
232,顿甲,integrated_native_four_directions_visual_review_pending,native_seated_directional_layout_rom_reviewed,not_integrated,integrated_native_first_frame,reference_mapped,reference_mapped,ultra58:232,name_match_only_identity_and_visual_review_pending,1
233,多边兽２型,missing,not_accepted,not_integrated,not_integrated,reference_mapped,reference_mapped,,name_match_only_identity_and_visual_review_pending,2
234,惊角鹿,integrated_native_four_directions_visual_review_pending,native_seated_directional_layout_rom_reviewed,not_integrated,integrated_native_first_frame,reference_mapped,reference_mapped,ultra58:234,name_match_only_identity_and_visual_review_pending,1
235,图图犬,missing,not_accepted,not_integrated,not_integrated,reference_mapped,reference_mapped,ultra58:235,name_match_only_identity_and_visual_review_pending,1
236,无畏小子,missing,not_accepted,not_integrated,not_integrated,reference_mapped,reference_mapped,ultra58:236,name_match_only_identity_and_visual_review_pending,2
237,战舞郎,missing,not_accepted,not_integrated,not_integrated,reference_mapped,reference_mapped,ultra58:237,name_match_only_identity_and_visual_review_pending,2
238,迷唇娃,missing,not_accepted,not_integrated,not_integrated,reference_mapped,reference_mapped,ultra58:238,name_match_only_identity_and_visual_review_pending,2
239,电击怪,missing,not_accepted,not_integrated,not_integrated,reference_mapped,reference_mapped,ultra58:239,name_match_only_identity_and_visual_review_pending,2
240,鸭嘴宝宝,missing,not_accepted,not_integrated,not_integrated,reference_mapped,reference_mapped,ultra58:240,name_match_only_identity_and_visual_review_pending,2
241,大奶罐,missing,not_accepted,not_integrated,not_integrated,reference_mapped,reference_mapped,ultra58:241,name_match_only_identity_and_visual_review_pending,2
242,幸福蛋,missing,not_accepted,not_integrated,not_integrated,reference_mapped,reference_mapped,ultra58:242,name_match_only_identity_and_visual_review_pending,2
243,雷公,integrated_native_four_directions_visual_review_pending,native_seated_directional_layout_rom_reviewed,not_integrated,integrated_native_first_frame,reference_mapped,reference_mapped,ultra58:243,name_match_only_identity_and_visual_review_pending,2
244,炎帝,integrated_native_four_directions_visual_review_pending,native_seated_directional_layout_rom_reviewed,not_integrated,integrated_native_first_frame,reference_mapped,reference_mapped,ultra58:244,name_match_only_identity_and_visual_review_pending,2
245,水君,integrated_native_four_directions_visual_review_pending,native_seated_directional_layout_rom_reviewed,not_integrated,integrated_native_first_frame,reference_mapped,reference_mapped,ultra58:245,name_match_only_identity_and_visual_review_pending,2
246,幼基拉斯,missing,not_accepted,not_integrated,not_integrated,reference_mapped,reference_mapped,ultra58:246,name_match_only_identity_and_visual_review_pending,2
247,沙基拉斯,missing,not_accepted,not_integrated,not_integrated,reference_mapped,reference_mapped,ultra58:247,name_match_only_identity_and_visual_review_pending,2
248,班基拉斯,missing,not_accepted,not_integrated,not_integrated,reference_mapped,reference_mapped,ultra58:248;ultra58:922,name_match_only_identity_and_visual_review_pending,3
249,洛奇亚,integrated_native_four_directions_visual_review_pending,native_seated_directional_layout_rom_reviewed,not_integrated,integrated_native_first_frame,reference_mapped,reference_mapped,ultra58:249;ultra58:1383,name_match_only_identity_and_visual_review_pending,4
250,凤王,integrated_native_four_directions_visual_review_pending,native_seated_directional_layout_rom_reviewed,not_integrated,integrated_native_first_frame,reference_mapped,reference_mapped,ultra58:250;ultra58:1384,name_match_only_identity_and_visual_review_pending,3
251,时拉比,missing,not_accepted,not_integrated,not_integrated,reference_mapped,reference_mapped,ultra58:251,name_match_only_identity_and_visual_review_pending,2
252,木守宫,missing,not_accepted,not_integrated,not_integrated,reference_mapped,reference_mapped,ultra58:277,name_match_only_identity_and_visual_review_pending,2
253,森林蜥蜴,missing,not_accepted,not_integrated,not_integrated,reference_mapped,reference_mapped,ultra58:278,name_match_only_identity_and_visual_review_pending,2
254,蜥蜴王,missing,not_accepted,not_integrated,not_integrated,reference_mapped,reference_mapped,ultra58:279;ultra58:923,name_match_only_identity_and_visual_review_pending,3
255,火稚鸡,missing,not_accepted,not_integrated,not_integrated,reference_mapped,reference_mapped,ultra58:280,name_match_only_identity_and_visual_review_pending,2
256,力壮鸡,missing,not_accepted,not_integrated,not_integrated,reference_mapped,reference_mapped,ultra58:281,name_match_only_identity_and_visual_review_pending,2
257,火焰鸡,missing,not_accepted,not_integrated,not_integrated,reference_mapped,reference_mapped,ultra58:282;ultra58:924,name_match_only_identity_and_visual_review_pending,3
258,水跃鱼,missing,not_accepted,not_integrated,not_integrated,reference_mapped,reference_mapped,ultra58:283,name_match_only_identity_and_visual_review_pending,2
259,沼跃鱼,missing,not_accepted,not_integrated,not_integrated,reference_mapped,reference_mapped,ultra58:284,name_match_only_identity_and_visual_review_pending,2
260,巨沼怪,missing,not_accepted,not_integrated,not_integrated,reference_mapped,reference_mapped,ultra58:285;ultra58:925,name_match_only_identity_and_visual_review_pending,3
261,土狼犬,missing,not_accepted,not_integrated,not_integrated,reference_mapped,reference_mapped,ultra58:286,name_match_only_identity_and_visual_review_pending,1
262,大狼犬,integrated_native_four_directions_visual_review_pending,native_seated_directional_layout_rom_reviewed,not_integrated,integrated_native_first_frame,reference_mapped,reference_mapped,ultra58:287,name_match_only_identity_and_visual_review_pending,1
263,蛇纹熊,missing,not_accepted,not_integrated,not_integrated,reference_mapped,reference_mapped,ultra58:288;ultra58:1101,name_match_only_identity_and_visual_review_pending,4
264,直冲熊,missing,not_accepted,not_integrated,not_integrated,reference_mapped,reference_mapped,ultra58:289;ultra58:1102,name_match_only_identity_and_visual_review_pending,4
265,刺尾虫,missing,not_accepted,not_integrated,not_integrated,reference_mapped,reference_mapped,ultra58:290,name_match_only_identity_and_visual_review_pending,1
266,甲壳茧,missing,not_accepted,not_integrated,not_integrated,reference_mapped,reference_mapped,ultra58:291,name_match_only_identity_and_visual_review_pending,1
267,狩猎凤蝶,missing,not_accepted,not_integrated,not_integrated,reference_mapped,reference_mapped,ultra58:292,name_match_only_identity_and_visual_review_pending,1
268,盾甲茧,missing,not_accepted,not_integrated,not_integrated,reference_mapped,reference_mapped,ultra58:293,name_match_only_identity_and_visual_review_pending,1
269,毒粉蛾,missing,not_accepted,not_integrated,not_integrated,reference_mapped,reference_mapped,ultra58:294,name_match_only_identity_and_visual_review_pending,1
270,莲叶童子,missing,not_accepted,not_integrated,not_integrated,reference_mapped,reference_mapped,ultra58:295,name_match_only_identity_and_visual_review_pending,2
271,莲帽小童,missing,not_accepted,not_integrated,not_integrated,reference_mapped,reference_mapped,ultra58:296,name_match_only_identity_and_visual_review_pending,2
272,乐天河童,missing,not_accepted,not_integrated,not_integrated,reference_mapped,reference_mapped,ultra58:297,name_match_only_identity_and_visual_review_pending,2
273,橡实果,missing,not_accepted,not_integrated,not_integrated,reference_mapped,reference_mapped,ultra58:298,name_match_only_identity_and_visual_review_pending,2
274,长鼻叶,missing,not_accepted,not_integrated,not_integrated,reference_mapped,reference_mapped,ultra58:299,name_match_only_identity_and_visual_review_pending,2
275,狡猾天狗,missing,not_accepted,not_integrated,not_integrated,reference_mapped,reference_mapped,ultra58:300,name_match_only_identity_and_visual_review_pending,2
276,傲骨燕,missing,not_accepted,not_integrated,not_integrated,reference_mapped,reference_mapped,ultra58:304,name_match_only_identity_and_visual_review_pending,1
277,大王燕,missing,not_accepted,not_integrated,not_integrated,reference_mapped,reference_mapped,ultra58:305,name_match_only_identity_and_visual_review_pending,1
278,长翅鸥,missing,not_accepted,not_integrated,not_integrated,reference_mapped,reference_mapped,ultra58:309,name_match_only_identity_and_visual_review_pending,2
279,大嘴鸥,missing,not_accepted,not_integrated,not_integrated,reference_mapped,reference_mapped,ultra58:310,name_match_only_identity_and_visual_review_pending,2
280,拉鲁拉丝,missing,not_accepted,not_integrated,not_integrated,reference_mapped,reference_mapped,ultra58:392,name_match_only_identity_and_visual_review_pending,2
281,奇鲁莉安,missing,not_accepted,not_integrated,not_integrated,reference_mapped,reference_mapped,ultra58:393,name_match_only_identity_and_visual_review_pending,2
282,沙奈朵,missing,not_accepted,not_integrated,not_integrated,reference_mapped,reference_mapped,ultra58:394;ultra58:926,name_match_only_identity_and_visual_review_pending,3
283,溜溜糖球,missing,not_accepted,not_integrated,not_integrated,reference_mapped,reference_mapped,ultra58:311,name_match_only_identity_and_visual_review_pending,1
284,雨翅蛾,missing,not_accepted,not_integrated,not_integrated,reference_mapped,reference_mapped,ultra58:312,name_match_only_identity_and_visual_review_pending,1
285,蘑蘑菇,missing,not_accepted,not_integrated,not_integrated,reference_mapped,reference_mapped,ultra58:306,name_match_only_identity_and_visual_review_pending,1
286,斗笠菇,missing,not_accepted,not_integrated,not_integrated,reference_mapped,reference_mapped,ultra58:307,name_match_only_identity_and_visual_review_pending,1
287,懒人獭,missing,not_accepted,not_integrated,not_integrated,reference_mapped,reference_mapped,ultra58:364,name_match_only_identity_and_visual_review_pending,1
288,过动猿,missing,not_accepted,not_integrated,not_integrated,reference_mapped,reference_mapped,ultra58:365,name_match_only_identity_and_visual_review_pending,1
289,请假王,missing,not_accepted,not_integrated,not_integrated,reference_mapped,reference_mapped,ultra58:366,name_match_only_identity_and_visual_review_pending,1
290,土居忍士,missing,not_accepted,not_integrated,not_integrated,reference_mapped,reference_mapped,ultra58:301,name_match_only_identity_and_visual_review_pending,2
291,铁面忍者,missing,not_accepted,not_integrated,not_integrated,reference_mapped,reference_mapped,ultra58:302,name_match_only_identity_and_visual_review_pending,2
292,脱壳忍者,missing,not_accepted,not_integrated,not_integrated,reference_mapped,reference_mapped,ultra58:303,name_match_only_identity_and_visual_review_pending,2
293,咕妞妞,missing,not_accepted,not_integrated,not_integrated,reference_mapped,reference_mapped,ultra58:370,name_match_only_identity_and_visual_review_pending,2
294,吼爆弹,missing,not_accepted,not_integrated,not_integrated,reference_mapped,reference_mapped,ultra58:371,name_match_only_identity_and_visual_review_pending,2
295,爆音怪,missing,not_accepted,not_integrated,not_integrated,reference_mapped,reference_mapped,ultra58:372,name_match_only_identity_and_visual_review_pending,2
296,幕下力士,missing,not_accepted,not_integrated,not_integrated,reference_mapped,reference_mapped,ultra58:335,name_match_only_identity_and_visual_review_pending,1
297,铁掌力士,missing,not_accepted,not_integrated,not_integrated,reference_mapped,reference_mapped,ultra58:336,name_match_only_identity_and_visual_review_pending,1
298,露力丽,missing,not_accepted,not_integrated,not_integrated,reference_mapped,reference_mapped,ultra58:350,name_match_only_identity_and_visual_review_pending,2
299,朝北鼻,missing,not_accepted,not_integrated,not_integrated,reference_mapped,reference_mapped,ultra58:320,name_match_only_identity_and_visual_review_pending,1
300,向尾喵,missing,not_accepted,not_integrated,not_integrated,reference_mapped,reference_mapped,ultra58:315,name_match_only_identity_and_visual_review_pending,1
301,优雅猫,integrated_native_four_directions_visual_review_pending,native_seated_directional_layout_rom_reviewed,not_integrated,integrated_native_first_frame,reference_mapped,reference_mapped,ultra58:316,name_match_only_identity_and_visual_review_pending,1
302,勾魂眼,missing,not_accepted,not_integrated,not_integrated,reference_mapped,reference_mapped,ultra58:322;ultra58:927,name_match_only_identity_and_visual_review_pending,3
303,大嘴娃,missing,not_accepted,not_integrated,not_integrated,reference_mapped,reference_mapped,ultra58:355;ultra58:928,name_match_only_identity_and_visual_review_pending,3
304,可可多拉,missing,not_accepted,not_integrated,not_integrated,reference_mapped,reference_mapped,ultra58:382,name_match_only_identity_and_visual_review_pending,2
305,可多拉,missing,not_accepted,not_integrated,not_integrated,reference_mapped,reference_mapped,ultra58:383,name_match_only_identity_and_visual_review_pending,2
306,波士可多拉,missing,not_accepted,not_integrated,not_integrated,reference_mapped,reference_mapped,ultra58:384;ultra58:929,name_match_only_identity_and_visual_review_pending,3
307,玛沙那,missing,not_accepted,not_integrated,not_integrated,reference_mapped,reference_mapped,ultra58:356,name_match_only_identity_and_visual_review_pending,1
308,恰雷姆,missing,not_accepted,not_integrated,not_integrated,reference_mapped,reference_mapped,ultra58:357;ultra58:930,name_match_only_identity_and_visual_review_pending,2
309,落雷兽,missing,not_accepted,not_integrated,not_integrated,reference_mapped,reference_mapped,ultra58:337,name_match_only_identity_and_visual_review_pending,2
310,雷电兽,integrated_native_four_directions_visual_review_pending,native_seated_directional_layout_rom_reviewed,not_integrated,integrated_native_first_frame,reference_mapped,reference_mapped,ultra58:338;ultra58:931,name_match_only_identity_and_visual_review_pending,3
311,正电拍拍,missing,not_accepted,not_integrated,not_integrated,reference_mapped,reference_mapped,ultra58:353,name_match_only_identity_and_visual_review_pending,1
312,負电拍拍,missing,not_accepted,not_integrated,not_integrated,reference_mapped,reference_mapped,,name_match_only_identity_and_visual_review_pending,1
313,电萤虫,missing,not_accepted,not_integrated,not_integrated,reference_mapped,reference_mapped,ultra58:386,name_match_only_identity_and_visual_review_pending,1
314,甜甜萤,missing,not_accepted,not_integrated,not_integrated,reference_mapped,reference_mapped,ultra58:387,name_match_only_identity_and_visual_review_pending,1
315,毒蔷薇,missing,not_accepted,not_integrated,not_integrated,reference_mapped,reference_mapped,ultra58:363,name_match_only_identity_and_visual_review_pending,2
316,溶食兽,missing,not_accepted,not_integrated,not_integrated,reference_mapped,reference_mapped,ultra58:367,name_match_only_identity_and_visual_review_pending,1
317,吞食兽,missing,not_accepted,not_integrated,not_integrated,reference_mapped,reference_mapped,ultra58:368,name_match_only_identity_and_visual_review_pending,1
318,利牙鱼,missing,not_accepted,not_integrated,not_integrated,reference_mapped,reference_mapped,ultra58:330,name_match_only_identity_and_visual_review_pending,2
319,巨牙鲨,integrated_native_four_directions_visual_review_pending,native_seated_directional_layout_rom_reviewed,not_integrated,integrated_native_first_frame,reference_mapped,reference_mapped,ultra58:331;ultra58:932,name_match_only_identity_and_visual_review_pending,3
320,吼吼鲸,integrated_native_four_directions_visual_review_pending,native_seated_directional_layout_rom_reviewed,not_integrated,integrated_native_first_frame,reference_mapped,reference_mapped,ultra58:313,name_match_only_identity_and_visual_review_pending,2
321,吼鲸王,integrated_native_four_directions_visual_review_pending,native_seated_directional_layout_rom_reviewed,not_integrated,integrated_native_first_frame,reference_mapped,reference_mapped,ultra58:314,name_match_only_identity_and_visual_review_pending,2
322,呆火驼,missing,not_accepted,not_integrated,not_integrated,reference_mapped,reference_mapped,ultra58:339,name_match_only_identity_and_visual_review_pending,1
323,喷火驼,integrated_native_four_directions_visual_review_pending,native_seated_directional_layout_rom_reviewed,not_integrated,integrated_native_first_frame,reference_mapped,reference_mapped,ultra58:340;ultra58:933,name_match_only_identity_and_visual_review_pending,2
324,煤炭龟,missing,not_accepted,not_integrated,not_integrated,reference_mapped,reference_mapped,ultra58:321,name_match_only_identity_and_visual_review_pending,2
325,跳跳猪,missing,not_accepted,not_integrated,not_integrated,reference_mapped,reference_mapped,ultra58:351,name_match_only_identity_and_visual_review_pending,1
326,噗噗猪,missing,not_accepted,not_integrated,not_integrated,reference_mapped,reference_mapped,ultra58:352,name_match_only_identity_and_visual_review_pending,1
327,晃晃斑,missing,not_accepted,not_integrated,not_integrated,reference_mapped,reference_mapped,ultra58:308,name_match_only_identity_and_visual_review_pending,1
328,大颚蚁,missing,not_accepted,not_integrated,not_integrated,reference_mapped,reference_mapped,ultra58:332,name_match_only_identity_and_visual_review_pending,2
329,超音波幼虫,missing,not_accepted,not_integrated,not_integrated,reference_mapped,reference_mapped,ultra58:333,name_match_only_identity_and_visual_review_pending,2
330,沙漠蜻蜓,integrated_native_four_directions_visual_review_pending,native_seated_directional_layout_rom_reviewed,not_integrated,integrated_native_first_frame,reference_mapped,reference_mapped,ultra58:334;ultra58:1106,name_match_only_identity_and_visual_review_pending,3
331,刺球仙人掌,missing,not_accepted,not_integrated,not_integrated,reference_mapped,reference_mapped,ultra58:344,name_match_only_identity_and_visual_review_pending,1
332,梦歌仙人掌,missing,not_accepted,not_integrated,not_integrated,reference_mapped,reference_mapped,ultra58:345,name_match_only_identity_and_visual_review_pending,1
333,青绵鸟,missing,not_accepted,not_integrated,not_integrated,reference_mapped,reference_mapped,ultra58:358,name_match_only_identity_and_visual_review_pending,2
334,七夕青鸟,missing,not_accepted,not_integrated,not_integrated,reference_mapped,reference_mapped,ultra58:359;ultra58:934,name_match_only_identity_and_visual_review_pending,3
335,猫鼬斩,missing,not_accepted,not_integrated,not_integrated,reference_mapped,reference_mapped,ultra58:380,name_match_only_identity_and_visual_review_pending,1
336,饭匙蛇,missing,not_accepted,not_integrated,not_integrated,reference_mapped,reference_mapped,ultra58:379,name_match_only_identity_and_visual_review_pending,1
337,月石,missing,not_accepted,not_integrated,not_integrated,reference_mapped,reference_mapped,ultra58:348,name_match_only_identity_and_visual_review_pending,2
338,太阳岩,missing,not_accepted,not_integrated,not_integrated,reference_mapped,reference_mapped,ultra58:349,name_match_only_identity_and_visual_review_pending,2
339,泥泥鳅,missing,not_accepted,not_integrated,not_integrated,reference_mapped,reference_mapped,ultra58:323,name_match_only_identity_and_visual_review_pending,2
340,鲶鱼王,missing,not_accepted,not_integrated,not_integrated,reference_mapped,reference_mapped,ultra58:324,name_match_only_identity_and_visual_review_pending,2
341,龙虾小兵,missing,not_accepted,not_integrated,not_integrated,reference_mapped,reference_mapped,ultra58:326,name_match_only_identity_and_visual_review_pending,2
342,铁螯龙虾,integrated_native_four_directions_visual_review_pending,native_seated_directional_layout_rom_reviewed,not_integrated,integrated_native_first_frame,reference_mapped,reference_mapped,ultra58:327,name_match_only_identity_and_visual_review_pending,2
343,天秤偶,missing,not_accepted,not_integrated,not_integrated,reference_mapped,reference_mapped,ultra58:318,name_match_only_identity_and_visual_review_pending,2
344,念力土偶,missing,not_accepted,not_integrated,not_integrated,reference_mapped,reference_mapped,ultra58:319,name_match_only_identity_and_visual_review_pending,2
345,触手百合,missing,not_accepted,not_integrated,not_integrated,reference_mapped,reference_mapped,ultra58:388,name_match_only_identity_and_visual_review_pending,2
346,摇篮百合,missing,not_accepted,not_integrated,not_integrated,reference_mapped,reference_mapped,ultra58:389,name_match_only_identity_and_visual_review_pending,2
347,太古羽虫,missing,not_accepted,not_integrated,not_integrated,reference_mapped,reference_mapped,ultra58:390,name_match_only_identity_and_visual_review_pending,2
348,太古盔甲,missing,not_accepted,not_integrated,not_integrated,reference_mapped,reference_mapped,ultra58:391,name_match_only_identity_and_visual_review_pending,2
349,丑丑鱼,missing,not_accepted,not_integrated,not_integrated,reference_mapped,reference_mapped,ultra58:328,name_match_only_identity_and_visual_review_pending,2
350,美纳斯,missing,not_accepted,not_integrated,not_integrated,reference_mapped,reference_mapped,ultra58:329,name_match_only_identity_and_visual_review_pending,4
351,飘浮泡泡,missing,not_accepted,not_integrated,not_integrated,reference_mapped,reference_mapped,ultra58:385,name_match_only_identity_and_visual_review_pending,4
352,变隐龙,missing,not_accepted,not_integrated,not_integrated,reference_mapped,reference_mapped,ultra58:317,name_match_only_identity_and_visual_review_pending,1
353,怨影娃娃,missing,not_accepted,not_integrated,not_integrated,reference_mapped,reference_mapped,ultra58:377,name_match_only_identity_and_visual_review_pending,1
354,诅咒娃娃,missing,not_accepted,not_integrated,not_integrated,reference_mapped,reference_mapped,ultra58:378;ultra58:935,name_match_only_identity_and_visual_review_pending,2
355,夜巡灵,missing,not_accepted,not_integrated,not_integrated,reference_mapped,reference_mapped,ultra58:361,name_match_only_identity_and_visual_review_pending,2
356,彷徨夜灵,missing,not_accepted,not_integrated,not_integrated,reference_mapped,reference_mapped,ultra58:362,name_match_only_identity_and_visual_review_pending,2
357,热带龙,integrated_native_four_directions_visual_review_pending,native_seated_directional_layout_rom_reviewed,not_integrated,integrated_native_first_frame,reference_mapped,reference_mapped,ultra58:369,name_match_only_identity_and_visual_review_pending,1
358,风铃铃,missing,not_accepted,not_integrated,not_integrated,reference_mapped,reference_mapped,ultra58:411,name_match_only_identity_and_visual_review_pending,2
359,阿勃梭鲁,integrated_native_four_directions_visual_review_pending,native_seated_directional_layout_rom_reviewed,not_integrated,integrated_native_first_frame,reference_mapped,reference_mapped,ultra58:376;ultra58:936,name_match_only_identity_and_visual_review_pending,4
360,小果然,missing,not_accepted,not_integrated,not_integrated,reference_mapped,reference_mapped,ultra58:360,name_match_only_identity_and_visual_review_pending,2
361,雪童子,missing,not_accepted,not_integrated,not_integrated,reference_mapped,reference_mapped,ultra58:346,name_match_only_identity_and_visual_review_pending,2
362,冰鬼护,missing,not_accepted,not_integrated,not_integrated,reference_mapped,reference_mapped,ultra58:347;ultra58:937,name_match_only_identity_and_visual_review_pending,3
363,海豹球,missing,not_accepted,not_integrated,not_integrated,reference_mapped,reference_mapped,ultra58:341,name_match_only_identity_and_visual_review_pending,2
364,海魔狮,integrated_native_four_directions_visual_review_pending,native_seated_directional_layout_rom_reviewed,not_integrated,integrated_native_first_frame,reference_mapped,reference_mapped,ultra58:342,name_match_only_identity_and_visual_review_pending,2
365,帝牙海狮,integrated_native_four_directions_visual_review_pending,native_seated_directional_layout_rom_reviewed,not_integrated,integrated_native_first_frame,reference_mapped,reference_mapped,ultra58:343,name_match_only_identity_and_visual_review_pending,2
366,珍珠贝,missing,not_accepted,not_integrated,not_integrated,reference_mapped,reference_mapped,ultra58:373,name_match_only_identity_and_visual_review_pending,1
367,猎斑鱼,missing,not_accepted,not_integrated,not_integrated,reference_mapped,reference_mapped,ultra58:374,name_match_only_identity_and_visual_review_pending,1
368,樱花鱼,missing,not_accepted,not_integrated,not_integrated,reference_mapped,reference_mapped,ultra58:375,name_match_only_identity_and_visual_review_pending,1
369,古空棘鱼,missing,not_accepted,not_integrated,not_integrated,reference_mapped,reference_mapped,ultra58:381,name_match_only_identity_and_visual_review_pending,2
370,爱心鱼,missing,not_accepted,not_integrated,not_integrated,reference_mapped,reference_mapped,ultra58:325,name_match_only_identity_and_visual_review_pending,1
371,宝贝龙,missing,not_accepted,not_integrated,not_integrated,reference_mapped,reference_mapped,ultra58:395,name_match_only_identity_and_visual_review_pending,2
372,甲壳龙,integrated_native_four_directions_visual_review_pending,native_seated_directional_layout_rom_reviewed,not_integrated,integrated_native_first_frame,reference_mapped,reference_mapped,ultra58:396,name_match_only_identity_and_visual_review_pending,2
373,暴飞龙,integrated_native_four_directions_visual_review_pending,native_seated_directional_layout_rom_reviewed,not_integrated,integrated_native_first_frame,reference_mapped,reference_mapped,ultra58:397;ultra58:938,name_match_only_identity_and_visual_review_pending,3
374,铁哑铃,missing,not_accepted,not_integrated,not_integrated,reference_mapped,reference_mapped,ultra58:398,name_match_only_identity_and_visual_review_pending,2
375,金属怪,missing,not_accepted,not_integrated,not_integrated,reference_mapped,reference_mapped,ultra58:399,name_match_only_identity_and_visual_review_pending,2
376,巨金怪,missing,not_accepted,not_integrated,not_integrated,reference_mapped,reference_mapped,ultra58:400;ultra58:939,name_match_only_identity_and_visual_review_pending,3
377,雷吉洛克,missing,not_accepted,not_integrated,not_integrated,reference_mapped,reference_mapped,ultra58:401,name_match_only_identity_and_visual_review_pending,2
378,雷吉艾斯,missing,not_accepted,not_integrated,not_integrated,reference_mapped,reference_mapped,ultra58:402,name_match_only_identity_and_visual_review_pending,2
379,雷吉斯奇鲁,missing,not_accepted,not_integrated,not_integrated,reference_mapped,reference_mapped,ultra58:403,name_match_only_identity_and_visual_review_pending,2
380,拉帝亚斯,integrated_native_four_directions_visual_review_pending,native_seated_directional_layout_rom_reviewed,not_integrated,integrated_native_first_frame,reference_mapped,reference_mapped,ultra58:407;ultra58:940,name_match_only_identity_and_visual_review_pending,3
381,拉帝欧斯,integrated_native_four_directions_visual_review_pending,native_seated_directional_layout_rom_reviewed,not_integrated,integrated_native_first_frame,reference_mapped,reference_mapped,ultra58:408;ultra58:941,name_match_only_identity_and_visual_review_pending,3
382,盖欧卡,integrated_native_four_directions_visual_review_pending,native_seated_directional_layout_rom_reviewed,not_integrated,integrated_native_first_frame,reference_mapped,reference_mapped,ultra58:404;ultra58:942,name_match_only_identity_and_visual_review_pending,3
383,固拉多,missing,not_accepted,not_integrated,not_integrated,reference_mapped,reference_mapped,ultra58:405;ultra58:943,name_match_only_identity_and_visual_review_pending,3
384,烈空坐,integrated_native_four_directions_visual_review_pending,native_seated_directional_layout_rom_reviewed,not_integrated,integrated_native_first_frame,reference_mapped,reference_mapped,ultra58:406;ultra58:944,name_match_only_identity_and_visual_review_pending,3
385,基拉祈,missing,not_accepted,not_integrated,not_integrated,reference_mapped,reference_mapped,ultra58:409,name_match_only_identity_and_visual_review_pending,3
386,代欧奇希斯,missing,not_accepted,not_integrated,not_integrated,reference_mapped,reference_mapped,ultra58:410;ultra58:952;ultra58:953;ultra58:954,name_match_only_identity_and_visual_review_pending,4
387,草苗龟,missing,not_accepted,not_integrated,not_integrated,reference_mapped,reference_mapped,ultra58:440,name_match_only_identity_and_visual_review_pending,1
388,树林龟,integrated_native_four_directions_visual_review_pending,native_seated_directional_layout_rom_reviewed,not_integrated,integrated_native_first_frame,reference_mapped,reference_mapped,ultra58:441,name_match_only_identity_and_visual_review_pending,1
389,土台龟,integrated_native_four_directions_visual_review_pending,native_seated_directional_layout_rom_reviewed,not_integrated,integrated_native_first_frame,reference_mapped,reference_mapped,ultra58:442,name_match_only_identity_and_visual_review_pending,1
390,小火焰猴,missing,not_accepted,not_integrated,not_integrated,reference_mapped,reference_mapped,ultra58:443,name_match_only_identity_and_visual_review_pending,1
391,猛火猴,missing,not_accepted,not_integrated,not_integrated,reference_mapped,reference_mapped,ultra58:444,name_match_only_identity_and_visual_review_pending,1
392,烈焰猴,missing,not_accepted,not_integrated,not_integrated,reference_mapped,reference_mapped,ultra58:445,name_match_only_identity_and_visual_review_pending,2
393,波加曼,missing,not_accepted,not_integrated,not_integrated,reference_mapped,reference_mapped,ultra58:446,name_match_only_identity_and_visual_review_pending,1
394,波皇子,missing,not_accepted,not_integrated,not_integrated,reference_mapped,reference_mapped,ultra58:447,name_match_only_identity_and_visual_review_pending,1
395,帝王拿波,missing,not_accepted,not_integrated,not_integrated,reference_mapped,reference_mapped,ultra58:448,name_match_only_identity_and_visual_review_pending,2
396,姆克儿,missing,not_accepted,not_integrated,not_integrated,reference_mapped,reference_mapped,ultra58:449,name_match_only_identity_and_visual_review_pending,1
397,姆克鸟,missing,not_accepted,not_integrated,not_integrated,reference_mapped,reference_mapped,ultra58:450,name_match_only_identity_and_visual_review_pending,1
398,姆克鹰,missing,not_accepted,not_integrated,not_integrated,reference_mapped,reference_mapped,ultra58:451;ultra58:1349,name_match_only_identity_and_visual_review_pending,2
399,大牙狸,missing,not_accepted,not_integrated,not_integrated,reference_mapped,reference_mapped,ultra58:452,name_match_only_identity_and_visual_review_pending,1
400,大尾狸,missing,not_accepted,not_integrated,not_integrated,reference_mapped,reference_mapped,ultra58:453,name_match_only_identity_and_visual_review_pending,1
401,圆法师,missing,not_accepted,not_integrated,not_integrated,reference_mapped,reference_mapped,ultra58:454,name_match_only_identity_and_visual_review_pending,1
402,音箱蟀,missing,not_accepted,not_integrated,not_integrated,reference_mapped,reference_mapped,ultra58:455,name_match_only_identity_and_visual_review_pending,1
403,小猫怪,missing,not_accepted,not_integrated,not_integrated,reference_mapped,reference_mapped,ultra58:456,name_match_only_identity_and_visual_review_pending,2
404,勒克猫,missing,not_accepted,not_integrated,not_integrated,reference_mapped,reference_mapped,ultra58:457,name_match_only_identity_and_visual_review_pending,2
405,伦琴猫,integrated_native_four_directions_visual_review_pending,native_seated_directional_layout_rom_reviewed,not_integrated,integrated_native_first_frame,reference_mapped,reference_mapped,ultra58:458,name_match_only_identity_and_visual_review_pending,2
406,含羞苞,missing,not_accepted,not_integrated,not_integrated,reference_mapped,reference_mapped,ultra58:459,name_match_only_identity_and_visual_review_pending,2
407,罗丝雷朵,missing,not_accepted,not_integrated,not_integrated,reference_mapped,reference_mapped,ultra58:460,name_match_only_identity_and_visual_review_pending,2
408,头盖龙,missing,not_accepted,not_integrated,not_integrated,reference_mapped,reference_mapped,ultra58:461,name_match_only_identity_and_visual_review_pending,1
409,战槌龙,missing,not_accepted,not_integrated,not_integrated,reference_mapped,reference_mapped,ultra58:462,name_match_only_identity_and_visual_review_pending,1
410,盾甲龙,missing,not_accepted,not_integrated,not_integrated,reference_mapped,reference_mapped,ultra58:463,name_match_only_identity_and_visual_review_pending,1
411,护城龙,integrated_native_four_directions_visual_review_pending,native_seated_directional_layout_rom_reviewed,not_integrated,integrated_native_first_frame,reference_mapped,reference_mapped,ultra58:464,name_match_only_identity_and_visual_review_pending,1
412,结草儿,missing,not_accepted,not_integrated,not_integrated,reference_mapped,reference_mapped,ultra58:465;ultra58:979;ultra58:980,name_match_only_identity_and_visual_review_pending,3
413,结草贵妇,missing,not_accepted,not_integrated,not_integrated,reference_mapped,reference_mapped,ultra58:466;ultra58:981;ultra58:982,name_match_only_identity_and_visual_review_pending,3
414,绅士蛾,missing,not_accepted,not_integrated,not_integrated,reference_mapped,reference_mapped,ultra58:467,name_match_only_identity_and_visual_review_pending,1
415,三蜜蜂,missing,not_accepted,not_integrated,not_integrated,reference_mapped,reference_mapped,ultra58:468,name_match_only_identity_and_visual_review_pending,2
416,蜂女王,missing,not_accepted,not_integrated,not_integrated,reference_mapped,reference_mapped,ultra58:469,name_match_only_identity_and_visual_review_pending,2
417,帕奇利兹,missing,not_accepted,not_integrated,not_integrated,reference_mapped,reference_mapped,ultra58:470,name_match_only_identity_and_visual_review_pending,1
418,泳圈鼬,missing,not_accepted,not_integrated,not_integrated,reference_mapped,reference_mapped,ultra58:471,name_match_only_identity_and_visual_review_pending,1
419,浮潜鼬,integrated_native_four_directions_visual_review_pending,native_seated_directional_layout_rom_reviewed,not_integrated,integrated_native_first_frame,reference_mapped,reference_mapped,ultra58:472,name_match_only_identity_and_visual_review_pending,1
420,樱花宝,missing,not_accepted,not_integrated,not_integrated,reference_mapped,reference_mapped,ultra58:473,name_match_only_identity_and_visual_review_pending,2
421,樱花儿,missing,not_accepted,not_integrated,not_integrated,reference_mapped,reference_mapped,ultra58:474;ultra58:983,name_match_only_identity_and_visual_review_pending,3
422,无壳海兔,missing,not_accepted,not_integrated,not_integrated,reference_mapped,reference_mapped,ultra58:475;ultra58:984,name_match_only_identity_and_visual_review_pending,4
423,海兔兽,missing,not_accepted,not_integrated,not_integrated,reference_mapped,reference_mapped,ultra58:476;ultra58:985,name_match_only_identity_and_visual_review_pending,4
424,双尾怪手,missing,not_accepted,not_integrated,not_integrated,reference_mapped,reference_mapped,ultra58:477,name_match_only_identity_and_visual_review_pending,1
425,飘飘球,missing,not_accepted,not_integrated,not_integrated,reference_mapped,reference_mapped,ultra58:478,name_match_only_identity_and_visual_review_pending,2
426,随风球,missing,not_accepted,not_integrated,not_integrated,reference_mapped,reference_mapped,ultra58:479,name_match_only_identity_and_visual_review_pending,2
427,卷卷耳,missing,not_accepted,not_integrated,not_integrated,reference_mapped,reference_mapped,ultra58:480,name_match_only_identity_and_visual_review_pending,2
428,长耳兔,missing,not_accepted,not_integrated,not_integrated,reference_mapped,reference_mapped,ultra58:481;ultra58:945,name_match_only_identity_and_visual_review_pending,3
429,梦妖魔,missing,not_accepted,not_integrated,not_integrated,reference_mapped,reference_mapped,ultra58:482,name_match_only_identity_and_visual_review_pending,1
430,乌鸦头头,missing,not_accepted,not_integrated,not_integrated,reference_mapped,reference_mapped,ultra58:483,name_match_only_identity_and_visual_review_pending,1
431,魅力喵,missing,not_accepted,not_integrated,not_integrated,reference_mapped,reference_mapped,ultra58:484,name_match_only_identity_and_visual_review_pending,1
432,东施喵,integrated_native_four_directions_visual_review_pending,native_seated_directional_layout_rom_reviewed,not_integrated,integrated_native_first_frame,reference_mapped,reference_mapped,ultra58:485,name_match_only_identity_and_visual_review_pending,1
433,铃铛响,missing,not_accepted,not_integrated,not_integrated,reference_mapped,reference_mapped,ultra58:486,name_match_only_identity_and_visual_review_pending,1
434,臭鼬噗,missing,not_accepted,not_integrated,not_integrated,reference_mapped,reference_mapped,ultra58:487,name_match_only_identity_and_visual_review_pending,2
435,坦克臭鼬,integrated_native_four_directions_visual_review_pending,native_seated_directional_layout_rom_reviewed,not_integrated,integrated_native_first_frame,reference_mapped,reference_mapped,ultra58:488,name_match_only_identity_and_visual_review_pending,2
436,铜镜怪,missing,not_accepted,not_integrated,not_integrated,reference_mapped,reference_mapped,ultra58:489,name_match_only_identity_and_visual_review_pending,2
437,青铜钟,missing,not_accepted,not_integrated,not_integrated,reference_mapped,reference_mapped,ultra58:490,name_match_only_identity_and_visual_review_pending,2
438,盆才怪,missing,not_accepted,not_integrated,not_integrated,reference_mapped,reference_mapped,ultra58:491,name_match_only_identity_and_visual_review_pending,2
439,魔尼尼,missing,not_accepted,not_integrated,not_integrated,reference_mapped,reference_mapped,ultra58:492,name_match_only_identity_and_visual_review_pending,2
440,小福蛋,missing,not_accepted,not_integrated,not_integrated,reference_mapped,reference_mapped,ultra58:493,name_match_only_identity_and_visual_review_pending,2
441,聒噪鸟,missing,not_accepted,not_integrated,not_integrated,reference_mapped,reference_mapped,ultra58:494,name_match_only_identity_and_visual_review_pending,1
442,花岩怪,missing,not_accepted,not_integrated,not_integrated,reference_mapped,reference_mapped,ultra58:495,name_match_only_identity_and_visual_review_pending,2
443,圆陆鲨,missing,not_accepted,not_integrated,not_integrated,reference_mapped,reference_mapped,ultra58:496,name_match_only_identity_and_visual_review_pending,2
444,尖牙陆鲨,missing,not_accepted,not_integrated,not_integrated,reference_mapped,reference_mapped,ultra58:497,name_match_only_identity_and_visual_review_pending,2
445,烈咬陆鲨,missing,not_accepted,not_integrated,not_integrated,reference_mapped,reference_mapped,ultra58:498;ultra58:946,name_match_only_identity_and_visual_review_pending,4
446,小卡比兽,missing,not_accepted,not_integrated,not_integrated,reference_mapped,reference_mapped,ultra58:499,name_match_only_identity_and_visual_review_pending,2
447,利欧路,missing,not_accepted,not_integrated,not_integrated,reference_mapped,reference_mapped,ultra58:500,name_match_only_identity_and_visual_review_pending,2
448,路卡利欧,missing,not_accepted,not_integrated,not_integrated,reference_mapped,reference_mapped,ultra58:501;ultra58:947,name_match_only_identity_and_visual_review_pending,4
449,沙河马,missing,not_accepted,not_integrated,not_integrated,reference_mapped,reference_mapped,ultra58:502,name_match_only_identity_and_visual_review_pending,2
450,河马兽,integrated_native_four_directions_visual_review_pending,native_seated_directional_layout_rom_reviewed,not_integrated,integrated_native_first_frame,reference_mapped,reference_mapped,ultra58:503,name_match_only_identity_and_visual_review_pending,2
451,钳尾蝎,missing,not_accepted,not_integrated,not_integrated,reference_mapped,reference_mapped,ultra58:504,name_match_only_identity_and_visual_review_pending,2
452,龙王蝎,integrated_native_four_directions_visual_review_pending,native_seated_directional_layout_rom_reviewed,not_integrated,integrated_native_first_frame,reference_mapped,reference_mapped,ultra58:505,name_match_only_identity_and_visual_review_pending,2
453,不良蛙,missing,not_accepted,not_integrated,not_integrated,reference_mapped,reference_mapped,ultra58:506,name_match_only_identity_and_visual_review_pending,2
454,毒骷蛙,missing,not_accepted,not_integrated,not_integrated,reference_mapped,reference_mapped,ultra58:507,name_match_only_identity_and_visual_review_pending,2
455,尖牙笼,missing,not_accepted,not_integrated,not_integrated,reference_mapped,reference_mapped,ultra58:508,name_match_only_identity_and_visual_review_pending,1
456,荧光鱼,missing,not_accepted,not_integrated,not_integrated,reference_mapped,reference_mapped,ultra58:509,name_match_only_identity_and_visual_review_pending,1
457,霓虹鱼,missing,not_accepted,not_integrated,not_integrated,reference_mapped,reference_mapped,ultra58:510,name_match_only_identity_and_visual_review_pending,1
458,小球飞鱼,integrated_native_four_directions_visual_review_pending,native_seated_directional_layout_rom_reviewed,not_integrated,integrated_native_first_frame,reference_mapped,reference_mapped,ultra58:511,name_match_only_identity_and_visual_review_pending,2
459,雪笠怪,missing,not_accepted,not_integrated,not_integrated,reference_mapped,reference_mapped,ultra58:512,name_match_only_identity_and_visual_review_pending,2
460,暴雪王,missing,not_accepted,not_integrated,not_integrated,reference_mapped,reference_mapped,ultra58:513;ultra58:948,name_match_only_identity_and_visual_review_pending,3
461,玛狃拉,missing,not_accepted,not_integrated,not_integrated,reference_mapped,reference_mapped,ultra58:514,name_match_only_identity_and_visual_review_pending,2
462,自爆磁怪,missing,not_accepted,not_integrated,not_integrated,reference_mapped,reference_mapped,ultra58:515,name_match_only_identity_and_visual_review_pending,2
463,大舌舔,missing,not_accepted,not_integrated,not_integrated,reference_mapped,reference_mapped,ultra58:516,name_match_only_identity_and_visual_review_pending,2
464,超甲狂犀,missing,not_accepted,not_integrated,not_integrated,reference_mapped,reference_mapped,ultra58:517,name_match_only_identity_and_visual_review_pending,3
465,巨蔓藤,missing,not_accepted,not_integrated,not_integrated,reference_mapped,reference_mapped,ultra58:518,name_match_only_identity_and_visual_review_pending,2
466,电击魔兽,missing,not_accepted,not_integrated,not_integrated,reference_mapped,reference_mapped,ultra58:519,name_match_only_identity_and_visual_review_pending,3
467,鸭嘴炎兽,missing,not_accepted,not_integrated,not_integrated,reference_mapped,reference_mapped,ultra58:520,name_match_only_identity_and_visual_review_pending,3
468,波克基斯,integrated_native_four_directions_visual_review_pending,native_seated_directional_layout_rom_reviewed,not_integrated,integrated_native_first_frame,reference_mapped,reference_mapped,ultra58:521,name_match_only_identity_and_visual_review_pending,2
469,远古巨蜓,missing,not_accepted,not_integrated,not_integrated,reference_mapped,reference_mapped,ultra58:522,name_match_only_identity_and_visual_review_pending,1
470,叶伊布,missing,not_accepted,not_integrated,not_integrated,reference_mapped,reference_mapped,ultra58:523,name_match_only_identity_and_visual_review_pending,2
471,冰伊布,missing,not_accepted,not_integrated,not_integrated,reference_mapped,reference_mapped,ultra58:524,name_match_only_identity_and_visual_review_pending,2
472,天蝎王,integrated_native_four_directions_visual_review_pending,native_seated_directional_layout_rom_reviewed,not_integrated,integrated_native_first_frame,reference_mapped,reference_mapped,ultra58:525,name_match_only_identity_and_visual_review_pending,1
473,象牙猪,integrated_native_four_directions_visual_review_pending,native_seated_directional_layout_rom_reviewed,not_integrated,integrated_native_first_frame,reference_mapped,reference_mapped,ultra58:526,name_match_only_identity_and_visual_review_pending,3
474,多边兽乙型,missing,not_accepted,not_integrated,not_integrated,reference_mapped,reference_mapped,,name_match_only_identity_and_visual_review_pending,2
475,艾路雷朵,missing,not_accepted,not_integrated,not_integrated,reference_mapped,reference_mapped,ultra58:528;ultra58:949,name_match_only_identity_and_visual_review_pending,3
476,大朝北鼻,missing,not_accepted,not_integrated,not_integrated,reference_mapped,reference_mapped,ultra58:529,name_match_only_identity_and_visual_review_pending,1
477,黑夜魔灵,missing,not_accepted,not_integrated,not_integrated,reference_mapped,reference_mapped,ultra58:530,name_match_only_identity_and_visual_review_pending,2
478,雪妖女,missing,not_accepted,not_integrated,not_integrated,reference_mapped,reference_mapped,ultra58:531;ultra58:1352,name_match_only_identity_and_visual_review_pending,3
479,洛托姆,missing,not_accepted,not_integrated,not_integrated,reference_mapped,reference_mapped,ultra58:532,name_match_only_identity_and_visual_review_pending,12
480,由克希,missing,not_accepted,not_integrated,not_integrated,reference_mapped,reference_mapped,ultra58:533,name_match_only_identity_and_visual_review_pending,2
481,艾姆利多,missing,not_accepted,not_integrated,not_integrated,reference_mapped,reference_mapped,ultra58:534,name_match_only_identity_and_visual_review_pending,2
482,亚克诺姆,missing,not_accepted,not_integrated,not_integrated,reference_mapped,reference_mapped,ultra58:535,name_match_only_identity_and_visual_review_pending,2
483,帝牙卢卡,integrated_native_four_directions_visual_review_pending,native_seated_directional_layout_rom_reviewed,not_integrated,integrated_native_first_frame,reference_mapped,reference_mapped,ultra58:536;ultra58:1026,name_match_only_identity_and_visual_review_pending,3
484,帕路奇亚,missing,not_accepted,not_integrated,not_integrated,reference_mapped,reference_mapped,ultra58:537;ultra58:1027,name_match_only_identity_and_visual_review_pending,3
485,席多蓝恩,integrated_native_four_directions_visual_review_pending,native_seated_directional_layout_rom_reviewed,not_integrated,integrated_native_first_frame,reference_mapped,reference_mapped,ultra58:538;ultra58:1353,name_match_only_identity_and_visual_review_pending,3
486,雷吉奇卡斯,missing,not_accepted,not_integrated,not_integrated,reference_mapped,reference_mapped,ultra58:539,name_match_only_identity_and_visual_review_pending,2
487,骑拉帝纳,integrated_native_four_directions_visual_review_pending,native_seated_directional_layout_rom_reviewed,not_integrated,integrated_native_first_frame,reference_mapped,reference_mapped,ultra58:540;ultra58:898,name_match_only_identity_and_visual_review_pending,4
488,克雷色利亚,missing,not_accepted,not_integrated,not_integrated,reference_mapped,reference_mapped,ultra58:541,name_match_only_identity_and_visual_review_pending,2
489,霏欧纳,missing,not_accepted,not_integrated,not_integrated,reference_mapped,reference_mapped,ultra58:542,name_match_only_identity_and_visual_review_pending,1
490,玛纳霏,missing,not_accepted,not_integrated,not_integrated,reference_mapped,reference_mapped,ultra58:543,name_match_only_identity_and_visual_review_pending,1
491,达克莱伊,missing,not_accepted,not_integrated,not_integrated,reference_mapped,reference_mapped,ultra58:544;ultra58:1354,name_match_only_identity_and_visual_review_pending,2
492,谢米,missing,not_accepted,not_integrated,not_integrated,reference_mapped,reference_mapped,ultra58:545;ultra58:897,name_match_only_identity_and_visual_review_pending,2
493,阿尔宙斯,integrated_native_four_directions_visual_review_pending,native_seated_directional_layout_rom_reviewed,not_integrated,integrated_native_first_frame,reference_mapped,reference_mapped,ultra58:546;ultra58:874;ultra58:875;ultra58:876;ultra58:877;ultra58:878;ultra58:879;ultra58:880;ultra58:881;ultra58:882;ultra58:883;ultra58:884;ultra58:885;ultra58:886;ultra58:887;ultra58:888;ultra58:889;ultra58:890;ultra58:1336;ultra58:1337,name_match_only_identity_and_visual_review_pending,20
494,比克提尼,missing,not_accepted,not_integrated,not_integrated,reference_mapped,reference_mapped,ultra58:547,name_match_only_identity_and_visual_review_pending,2
495,藤藤蛇,missing,not_accepted,not_integrated,not_integrated,reference_mapped,reference_mapped,ultra58:548,name_match_only_identity_and_visual_review_pending,1
496,青藤蛇,missing,not_accepted,not_integrated,not_integrated,reference_mapped,reference_mapped,ultra58:549,name_match_only_identity_and_visual_review_pending,1
497,君主蛇,missing,not_accepted,not_integrated,not_integrated,reference_mapped,reference_mapped,ultra58:550,name_match_only_identity_and_visual_review_pending,2
498,暖暖猪,missing,not_accepted,not_integrated,not_integrated,reference_mapped,reference_mapped,ultra58:551,name_match_only_identity_and_visual_review_pending,1
499,炒炒猪,missing,not_accepted,not_integrated,not_integrated,reference_mapped,reference_mapped,ultra58:552,name_match_only_identity_and_visual_review_pending,1
500,炎武王,missing,not_accepted,not_integrated,not_integrated,reference_mapped,reference_mapped,ultra58:553;ultra58:1355,name_match_only_identity_and_visual_review_pending,2
501,水水獭,missing,not_accepted,not_integrated,not_integrated,reference_mapped,reference_mapped,ultra58:554,name_match_only_identity_and_visual_review_pending,1
502,双刃丸,missing,not_accepted,not_integrated,not_integrated,reference_mapped,reference_mapped,ultra58:555,name_match_only_identity_and_visual_review_pending,1
503,大剑鬼,integrated_native_four_directions_visual_review_pending,native_seated_directional_layout_rom_reviewed,not_integrated,integrated_native_first_frame,reference_mapped,reference_mapped,ultra58:556;ultra58:896,name_match_only_identity_and_visual_review_pending,2
504,探探鼠,missing,not_accepted,not_integrated,not_integrated,reference_mapped,reference_mapped,ultra58:557,name_match_only_identity_and_visual_review_pending,1
505,步哨鼠,missing,not_accepted,not_integrated,not_integrated,reference_mapped,reference_mapped,ultra58:558,name_match_only_identity_and_visual_review_pending,1
506,小约克,missing,not_accepted,not_integrated,not_integrated,reference_mapped,reference_mapped,ultra58:559,name_match_only_identity_and_visual_review_pending,2
507,哈约克,missing,not_accepted,not_integrated,not_integrated,reference_mapped,reference_mapped,ultra58:560,name_match_only_identity_and_visual_review_pending,2
508,长毛狗,integrated_native_four_directions_visual_review_pending,native_seated_directional_layout_rom_reviewed,not_integrated,integrated_native_first_frame,reference_mapped,reference_mapped,ultra58:561,name_match_only_identity_and_visual_review_pending,2
509,扒手猫,missing,not_accepted,not_integrated,not_integrated,reference_mapped,reference_mapped,ultra58:562,name_match_only_identity_and_visual_review_pending,2
510,酷豹,integrated_native_four_directions_visual_review_pending,native_seated_directional_layout_rom_reviewed,not_integrated,integrated_native_first_frame,reference_mapped,reference_mapped,ultra58:563,name_match_only_identity_and_visual_review_pending,2
511,花椰猴,missing,not_accepted,not_integrated,not_integrated,reference_mapped,reference_mapped,ultra58:564,name_match_only_identity_and_visual_review_pending,1
512,花椰猿,missing,not_accepted,not_integrated,not_integrated,reference_mapped,reference_mapped,ultra58:565,name_match_only_identity_and_visual_review_pending,1
513,爆香猴,missing,not_accepted,not_integrated,not_integrated,reference_mapped,reference_mapped,ultra58:566,name_match_only_identity_and_visual_review_pending,1
514,爆香猿,missing,not_accepted,not_integrated,not_integrated,reference_mapped,reference_mapped,ultra58:567,name_match_only_identity_and_visual_review_pending,1
515,冷水猴,missing,not_accepted,not_integrated,not_integrated,reference_mapped,reference_mapped,ultra58:568,name_match_only_identity_and_visual_review_pending,1
516,冷水猿,missing,not_accepted,not_integrated,not_integrated,reference_mapped,reference_mapped,ultra58:569,name_match_only_identity_and_visual_review_pending,1
517,食梦梦,missing,not_accepted,not_integrated,not_integrated,reference_mapped,reference_mapped,ultra58:570,name_match_only_identity_and_visual_review_pending,2
518,梦梦蚀,missing,not_accepted,not_integrated,not_integrated,reference_mapped,reference_mapped,ultra58:571,name_match_only_identity_and_visual_review_pending,2
519,豆豆鸽,missing,not_accepted,not_integrated,not_integrated,reference_mapped,reference_mapped,ultra58:572,name_match_only_identity_and_visual_review_pending,2
520,咕咕鸽,missing,not_accepted,not_integrated,not_integrated,reference_mapped,reference_mapped,ultra58:573,name_match_only_identity_and_visual_review_pending,2
521,高傲雉鸡,missing,not_accepted,not_integrated,not_integrated,reference_mapped,reference_mapped,ultra58:574;ultra58:1065,name_match_only_identity_and_visual_review_pending,2
522,斑斑马,missing,not_accepted,not_integrated,not_integrated,reference_mapped,reference_mapped,ultra58:575,name_match_only_identity_and_visual_review_pending,1
523,雷电斑马,integrated_native_four_directions_visual_review_pending,native_seated_directional_layout_rom_reviewed,not_integrated,integrated_native_first_frame,reference_mapped,reference_mapped,ultra58:576,name_match_only_identity_and_visual_review_pending,1
524,石丸子,missing,not_accepted,not_integrated,not_integrated,reference_mapped,reference_mapped,ultra58:577,name_match_only_identity_and_visual_review_pending,2
525,地幔岩,missing,not_accepted,not_integrated,not_integrated,reference_mapped,reference_mapped,ultra58:578,name_match_only_identity_and_visual_review_pending,2
526,庞岩怪,integrated_native_four_directions_visual_review_pending,native_seated_directional_layout_rom_reviewed,not_integrated,integrated_native_first_frame,reference_mapped,reference_mapped,ultra58:579,name_match_only_identity_and_visual_review_pending,2
527,滚滚蝙蝠,missing,not_accepted,not_integrated,not_integrated,reference_mapped,reference_mapped,ultra58:580,name_match_only_identity_and_visual_review_pending,2
528,心蝙蝠,missing,not_accepted,not_integrated,not_integrated,reference_mapped,reference_mapped,ultra58:581,name_match_only_identity_and_visual_review_pending,2
529,螺钉地鼠,missing,not_accepted,not_integrated,not_integrated,reference_mapped,reference_mapped,ultra58:582,name_match_only_identity_and_visual_review_pending,2
530,龙头地鼠,missing,not_accepted,not_integrated,not_integrated,reference_mapped,reference_mapped,ultra58:583;ultra58:1356,name_match_only_identity_and_visual_review_pending,3
531,差不多娃娃,missing,not_accepted,not_integrated,not_integrated,reference_mapped,reference_mapped,ultra58:584;ultra58:950,name_match_only_identity_and_visual_review_pending,3
532,搬运小匠,missing,not_accepted,not_integrated,not_integrated,reference_mapped,reference_mapped,ultra58:585,name_match_only_identity_and_visual_review_pending,2
533,铁骨土人,missing,not_accepted,not_integrated,not_integrated,reference_mapped,reference_mapped,ultra58:586,name_match_only_identity_and_visual_review_pending,2
534,修建老匠,missing,not_accepted,not_integrated,not_integrated,reference_mapped,reference_mapped,ultra58:587,name_match_only_identity_and_visual_review_pending,2
535,圆蝌蚪,missing,not_accepted,not_integrated,not_integrated,reference_mapped,reference_mapped,ultra58:588,name_match_only_identity_and_visual_review_pending,2
536,蓝蟾蜍,missing,not_accepted,not_integrated,not_integrated,reference_mapped,reference_mapped,ultra58:589,name_match_only_identity_and_visual_review_pending,2
537,蟾蜍王,missing,not_accepted,not_integrated,not_integrated,reference_mapped,reference_mapped,ultra58:590,name_match_only_identity_and_visual_review_pending,2
538,投摔鬼,missing,not_accepted,not_integrated,not_integrated,reference_mapped,reference_mapped,ultra58:591,name_match_only_identity_and_visual_review_pending,2
539,打击鬼,missing,not_accepted,not_integrated,not_integrated,reference_mapped,reference_mapped,ultra58:592,name_match_only_identity_and_visual_review_pending,2
540,虫宝包,missing,not_accepted,not_integrated,not_integrated,reference_mapped,reference_mapped,ultra58:593,name_match_only_identity_and_visual_review_pending,1
541,宝包茧,missing,not_accepted,not_integrated,not_integrated,reference_mapped,reference_mapped,ultra58:594,name_match_only_identity_and_visual_review_pending,1
542,保姆虫,missing,not_accepted,not_integrated,not_integrated,reference_mapped,reference_mapped,ultra58:595,name_match_only_identity_and_visual_review_pending,1
543,百足蜈蚣,missing,not_accepted,not_integrated,not_integrated,reference_mapped,reference_mapped,ultra58:596,name_match_only_identity_and_visual_review_pending,2
544,车轮球,missing,not_accepted,not_integrated,not_integrated,reference_mapped,reference_mapped,ultra58:597,name_match_only_identity_and_visual_review_pending,2
545,蜈蚣王,integrated_native_four_directions_visual_review_pending,native_seated_directional_layout_rom_reviewed,not_integrated,integrated_native_first_frame,reference_mapped,reference_mapped,ultra58:598;ultra58:1357,name_match_only_identity_and_visual_review_pending,3
546,木棉球,missing,not_accepted,not_integrated,not_integrated,reference_mapped,reference_mapped,ultra58:599,name_match_only_identity_and_visual_review_pending,2
547,风妖精,missing,not_accepted,not_integrated,not_integrated,reference_mapped,reference_mapped,ultra58:600,name_match_only_identity_and_visual_review_pending,2
548,百合根娃娃,missing,not_accepted,not_integrated,not_integrated,reference_mapped,reference_mapped,ultra58:601,name_match_only_identity_and_visual_review_pending,2
549,裙儿小姐,missing,not_accepted,not_integrated,not_integrated,reference_mapped,reference_mapped,ultra58:602;ultra58:1175,name_match_only_identity_and_visual_review_pending,3
550,野蛮鲈鱼,missing,not_accepted,not_integrated,not_integrated,reference_mapped,reference_mapped,ultra58:603;ultra58:966;ultra58:989,name_match_only_identity_and_visual_review_pending,5
551,黑眼鳄,missing,not_accepted,not_integrated,not_integrated,reference_mapped,reference_mapped,ultra58:604,name_match_only_identity_and_visual_review_pending,2
552,混混鳄,integrated_native_four_directions_visual_review_pending,native_seated_directional_layout_rom_reviewed,not_integrated,integrated_native_first_frame,reference_mapped,reference_mapped,ultra58:605,name_match_only_identity_and_visual_review_pending,2
553,流氓鳄,missing,not_accepted,not_integrated,not_integrated,reference_mapped,reference_mapped,ultra58:606,name_match_only_identity_and_visual_review_pending,2
554,火红不倒翁,missing,not_accepted,not_integrated,not_integrated,reference_mapped,reference_mapped,ultra58:607,name_match_only_identity_and_visual_review_pending,4
555,达摩狒狒,integrated_native_four_directions_visual_review_pending,native_seated_directional_layout_rom_reviewed,not_integrated,integrated_native_first_frame,reference_mapped,reference_mapped,ultra58:608;ultra58:961;ultra58:1197;ultra58:1198,name_match_only_identity_and_visual_review_pending,6
556,沙铃仙人掌,missing,not_accepted,not_integrated,not_integrated,reference_mapped,reference_mapped,ultra58:609,name_match_only_identity_and_visual_review_pending,2
557,石居蟹,missing,not_accepted,not_integrated,not_integrated,reference_mapped,reference_mapped,ultra58:610,name_match_only_identity_and_visual_review_pending,2
558,岩殿居蟹,integrated_native_four_directions_visual_review_pending,native_seated_directional_layout_rom_reviewed,not_integrated,integrated_native_first_frame,reference_mapped,reference_mapped,ultra58:611,name_match_only_identity_and_visual_review_pending,2
559,滑滑小子,missing,not_accepted,not_integrated,not_integrated,reference_mapped,reference_mapped,ultra58:612,name_match_only_identity_and_visual_review_pending,2
560,头巾混混,missing,not_accepted,not_integrated,not_integrated,reference_mapped,reference_mapped,ultra58:613;ultra58:1358,name_match_only_identity_and_visual_review_pending,3
561,象征鸟,missing,not_accepted,not_integrated,not_integrated,reference_mapped,reference_mapped,ultra58:614,name_match_only_identity_and_visual_review_pending,2
562,哭哭面具,missing,not_accepted,not_integrated,not_integrated,reference_mapped,reference_mapped,ultra58:615;ultra58:1080,name_match_only_identity_and_visual_review_pending,4
563,迭失棺,missing,not_accepted,not_integrated,not_integrated,reference_mapped,reference_mapped,,name_match_only_identity_and_visual_review_pending,2
564,原盖海龟,missing,not_accepted,not_integrated,not_integrated,reference_mapped,reference_mapped,ultra58:617,name_match_only_identity_and_visual_review_pending,2
565,肋骨海龟,missing,not_accepted,not_integrated,not_integrated,reference_mapped,reference_mapped,ultra58:618,name_match_only_identity_and_visual_review_pending,2
566,始祖小鸟,missing,not_accepted,not_integrated,not_integrated,reference_mapped,reference_mapped,ultra58:619,name_match_only_identity_and_visual_review_pending,2
567,始祖大鸟,integrated_native_four_directions_visual_review_pending,native_seated_directional_layout_rom_reviewed,not_integrated,integrated_native_first_frame,reference_mapped,reference_mapped,ultra58:620,name_match_only_identity_and_visual_review_pending,2
568,破破袋,missing,not_accepted,not_integrated,not_integrated,reference_mapped,reference_mapped,ultra58:621,name_match_only_identity_and_visual_review_pending,2
569,灰尘山,missing,not_accepted,not_integrated,not_integrated,reference_mapped,reference_mapped,ultra58:622;ultra58:1012,name_match_only_identity_and_visual_review_pending,3
570,索罗亚,missing,not_accepted,not_integrated,not_integrated,reference_mapped,reference_mapped,ultra58:623;ultra58:1017,name_match_only_identity_and_visual_review_pending,3
571,索罗亚克,missing,not_accepted,not_integrated,not_integrated,reference_mapped,reference_mapped,ultra58:624;ultra58:1018,name_match_only_identity_and_visual_review_pending,4
572,泡沫栗鼠,missing,not_accepted,not_integrated,not_integrated,reference_mapped,reference_mapped,ultra58:625,name_match_only_identity_and_visual_review_pending,2
573,奇诺栗鼠,missing,not_accepted,not_integrated,not_integrated,reference_mapped,reference_mapped,ultra58:626,name_match_only_identity_and_visual_review_pending,2
574,哥德宝宝,missing,not_accepted,not_integrated,not_integrated,reference_mapped,reference_mapped,ultra58:627,name_match_only_identity_and_visual_review_pending,2
575,哥德小童,missing,not_accepted,not_integrated,not_integrated,reference_mapped,reference_mapped,ultra58:628,name_match_only_identity_and_visual_review_pending,2
576,哥德小姐,missing,not_accepted,not_integrated,not_integrated,reference_mapped,reference_mapped,ultra58:629,name_match_only_identity_and_visual_review_pending,2
577,单卵细胞球,missing,not_accepted,not_integrated,not_integrated,reference_mapped,reference_mapped,ultra58:630,name_match_only_identity_and_visual_review_pending,2
578,双卵细胞球,missing,not_accepted,not_integrated,not_integrated,reference_mapped,reference_mapped,ultra58:631,name_match_only_identity_and_visual_review_pending,2
579,人造细胞卵,missing,not_accepted,not_integrated,not_integrated,reference_mapped,reference_mapped,ultra58:632,name_match_only_identity_and_visual_review_pending,2
580,鸭宝宝,missing,not_accepted,not_integrated,not_integrated,reference_mapped,reference_mapped,ultra58:633,name_match_only_identity_and_visual_review_pending,1
581,舞天鹅,missing,not_accepted,not_integrated,not_integrated,reference_mapped,reference_mapped,ultra58:634,name_match_only_identity_and_visual_review_pending,1
582,迷你冰,missing,not_accepted,not_integrated,not_integrated,reference_mapped,reference_mapped,ultra58:635,name_match_only_identity_and_visual_review_pending,2
583,多多冰,missing,not_accepted,not_integrated,not_integrated,reference_mapped,reference_mapped,ultra58:636,name_match_only_identity_and_visual_review_pending,2
584,双倍多多冰,missing,not_accepted,not_integrated,not_integrated,reference_mapped,reference_mapped,ultra58:637,name_match_only_identity_and_visual_review_pending,2
585,四季鹿,missing,not_accepted,not_integrated,not_integrated,reference_mapped,reference_mapped,ultra58:638,name_match_only_identity_and_visual_review_pending,4
586,萌芽鹿,integrated_native_four_directions_visual_review_pending,native_seated_directional_layout_rom_reviewed,not_integrated,integrated_native_first_frame,reference_mapped,reference_mapped,ultra58:639,name_match_only_identity_and_visual_review_pending,4
587,电飞鼠,missing,not_accepted,not_integrated,not_integrated,reference_mapped,reference_mapped,ultra58:640,name_match_only_identity_and_visual_review_pending,2
588,盖盖虫,missing,not_accepted,not_integrated,not_integrated,reference_mapped,reference_mapped,ultra58:641,name_match_only_identity_and_visual_review_pending,2
589,骑士蜗牛,missing,not_accepted,not_integrated,not_integrated,reference_mapped,reference_mapped,ultra58:642,name_match_only_identity_and_visual_review_pending,2
590,哎呀球菇,missing,not_accepted,not_integrated,not_integrated,reference_mapped,reference_mapped,ultra58:643,name_match_only_identity_and_visual_review_pending,2
591,败露球菇,missing,not_accepted,not_integrated,not_integrated,reference_mapped,reference_mapped,ultra58:644,name_match_only_identity_and_visual_review_pending,2
592,轻飘飘,integrated_native_four_directions_visual_review_pending,native_seated_directional_layout_rom_reviewed,not_integrated,integrated_native_first_frame,reference_mapped,reference_mapped,ultra58:645;ultra58:987,name_match_only_identity_and_visual_review_pending,4
593,胖嘟嘟,integrated_native_four_directions_visual_review_pending,native_seated_directional_layout_rom_reviewed,not_integrated,integrated_native_first_frame,reference_mapped,reference_mapped,ultra58:646;ultra58:988,name_match_only_identity_and_visual_review_pending,4
594,保姆曼波,integrated_native_four_directions_visual_review_pending,native_seated_directional_layout_rom_reviewed,not_integrated,integrated_native_first_frame,reference_mapped,reference_mapped,ultra58:647,name_match_only_identity_and_visual_review_pending,1
595,电电虫,missing,not_accepted,not_integrated,not_integrated,reference_mapped,reference_mapped,ultra58:648,name_match_only_identity_and_visual_review_pending,2
596,电蜘蛛,missing,not_accepted,not_integrated,not_integrated,reference_mapped,reference_mapped,ultra58:649,name_match_only_identity_and_visual_review_pending,2
597,种子铁球,missing,not_accepted,not_integrated,not_integrated,reference_mapped,reference_mapped,ultra58:650,name_match_only_identity_and_visual_review_pending,2
598,坚果哑铃,integrated_native_four_directions_visual_review_pending,not_accepted,not_integrated,integrated_native_first_frame,reference_mapped,reference_mapped,ultra58:651,name_match_only_identity_and_visual_review_pending,2
599,齿轮儿,missing,not_accepted,not_integrated,not_integrated,reference_mapped,reference_mapped,ultra58:652,name_match_only_identity_and_visual_review_pending,2
600,齿轮组,missing,not_accepted,not_integrated,not_integrated,reference_mapped,reference_mapped,ultra58:653,name_match_only_identity_and_visual_review_pending,2
601,齿轮怪,missing,not_accepted,not_integrated,not_integrated,reference_mapped,reference_mapped,ultra58:654,name_match_only_identity_and_visual_review_pending,2
602,麻麻小鱼,missing,not_accepted,not_integrated,not_integrated,reference_mapped,reference_mapped,ultra58:655,name_match_only_identity_and_visual_review_pending,1
603,麻麻鳗,missing,not_accepted,not_integrated,not_integrated,reference_mapped,reference_mapped,ultra58:656,name_match_only_identity_and_visual_review_pending,1
604,麻麻鳗鱼王,integrated_native_four_directions_visual_review_pending,native_seated_directional_layout_rom_reviewed,not_integrated,integrated_native_first_frame,reference_mapped,reference_mapped,ultra58:657;ultra58:1359,name_match_only_identity_and_visual_review_pending,2
605,小灰怪,missing,not_accepted,not_integrated,not_integrated,reference_mapped,reference_mapped,ultra58:658,name_match_only_identity_and_visual_review_pending,2
606,大宇怪,missing,not_accepted,not_integrated,not_integrated,reference_mapped,reference_mapped,ultra58:659,name_match_only_identity_and_visual_review_pending,2
607,烛光灵,missing,not_accepted,not_integrated,not_integrated,reference_mapped,reference_mapped,ultra58:660,name_match_only_identity_and_visual_review_pending,2
608,灯火幽灵,missing,not_accepted,not_integrated,not_integrated,reference_mapped,reference_mapped,ultra58:661,name_match_only_identity_and_visual_review_pending,2
609,水晶灯火灵,missing,not_accepted,not_integrated,not_integrated,reference_mapped,reference_mapped,ultra58:662;ultra58:1360,name_match_only_identity_and_visual_review_pending,3
610,牙牙,missing,not_accepted,not_integrated,not_integrated,reference_mapped,reference_mapped,ultra58:663,name_match_only_identity_and_visual_review_pending,2
611,斧牙龙,missing,not_accepted,not_integrated,not_integrated,reference_mapped,reference_mapped,ultra58:664,name_match_only_identity_and_visual_review_pending,2
612,双斧战龙,missing,not_accepted,not_integrated,not_integrated,reference_mapped,reference_mapped,ultra58:665,name_match_only_identity_and_visual_review_pending,3
613,喷嚏熊,missing,not_accepted,not_integrated,not_integrated,reference_mapped,reference_mapped,ultra58:666,name_match_only_identity_and_visual_review_pending,2
614,冻原熊,integrated_native_four_directions_visual_review_pending,native_seated_directional_layout_rom_reviewed,not_integrated,integrated_native_first_frame,reference_mapped,reference_mapped,ultra58:667,name_match_only_identity_and_visual_review_pending,2
615,几何雪花,missing,not_accepted,not_integrated,not_integrated,reference_mapped,reference_mapped,ultra58:668,name_match_only_identity_and_visual_review_pending,2
616,小嘴蜗,missing,not_accepted,not_integrated,not_integrated,reference_mapped,reference_mapped,ultra58:669,name_match_only_identity_and_visual_review_pending,2
617,敏捷虫,missing,not_accepted,not_integrated,not_integrated,reference_mapped,reference_mapped,ultra58:670,name_match_only_identity_and_visual_review_pending,2
618,泥巴鱼,missing,not_accepted,not_integrated,not_integrated,reference_mapped,reference_mapped,ultra58:671;ultra58:1082,name_match_only_identity_and_visual_review_pending,4
619,功夫鼬,missing,not_accepted,not_integrated,not_integrated,reference_mapped,reference_mapped,ultra58:672,name_match_only_identity_and_visual_review_pending,2
620,师父鼬,missing,not_accepted,not_integrated,not_integrated,reference_mapped,reference_mapped,ultra58:673,name_match_only_identity_and_visual_review_pending,2
621,赤面龙,missing,not_accepted,not_integrated,not_integrated,reference_mapped,reference_mapped,ultra58:674,name_match_only_identity_and_visual_review_pending,3
622,泥偶小人,missing,not_accepted,not_integrated,not_integrated,reference_mapped,reference_mapped,ultra58:675,name_match_only_identity_and_visual_review_pending,2
623,泥偶巨人,missing,not_accepted,not_integrated,not_integrated,reference_mapped,reference_mapped,ultra58:676;ultra58:1361,name_match_only_identity_and_visual_review_pending,3
624,驹刀小兵,missing,not_accepted,not_integrated,not_integrated,reference_mapped,reference_mapped,ultra58:677,name_match_only_identity_and_visual_review_pending,2
625,劈斩司令,missing,not_accepted,not_integrated,not_integrated,reference_mapped,reference_mapped,ultra58:678,name_match_only_identity_and_visual_review_pending,2
626,爆炸头水牛,integrated_native_four_directions_visual_review_pending,native_seated_directional_layout_rom_reviewed,not_integrated,integrated_native_first_frame,reference_mapped,reference_mapped,ultra58:679,name_match_only_identity_and_visual_review_pending,2
627,毛头小鹰,missing,not_accepted,not_integrated,not_integrated,reference_mapped,reference_mapped,ultra58:680,name_match_only_identity_and_visual_review_pending,2
628,勇士雄鹰,integrated_native_four_directions_visual_review_pending,native_seated_directional_layout_rom_reviewed,not_integrated,integrated_native_first_frame,reference_mapped,reference_mapped,ultra58:681;ultra58:1064,name_match_only_identity_and_visual_review_pending,3
629,秃鹰丫头,missing,not_accepted,not_integrated,not_integrated,reference_mapped,reference_mapped,ultra58:682,name_match_only_identity_and_visual_review_pending,2
630,秃鹰娜,integrated_native_four_directions_visual_review_pending,native_seated_directional_layout_rom_reviewed,not_integrated,integrated_native_first_frame,reference_mapped,reference_mapped,ultra58:683,name_match_only_identity_and_visual_review_pending,2
631,熔蚁兽,missing,not_accepted,not_integrated,not_integrated,reference_mapped,reference_mapped,ultra58:684,name_match_only_identity_and_visual_review_pending,2
632,铁蚁,missing,not_accepted,not_integrated,not_integrated,reference_mapped,reference_mapped,ultra58:685,name_match_only_identity_and_visual_review_pending,2
633,单首龙,missing,not_accepted,not_integrated,not_integrated,reference_mapped,reference_mapped,ultra58:686,name_match_only_identity_and_visual_review_pending,2
634,双首暴龙,integrated_native_four_directions_visual_review_pending,native_seated_directional_layout_rom_reviewed,not_integrated,integrated_native_first_frame,reference_mapped,reference_mapped,ultra58:687,name_match_only_identity_and_visual_review_pending,2
635,三首恶龙,missing,not_accepted,not_integrated,not_integrated,reference_mapped,reference_mapped,ultra58:688,name_match_only_identity_and_visual_review_pending,2
636,燃烧虫,missing,not_accepted,not_integrated,not_integrated,reference_mapped,reference_mapped,ultra58:689,name_match_only_identity_and_visual_review_pending,2
637,火神蛾,missing,not_accepted,not_integrated,not_integrated,reference_mapped,reference_mapped,ultra58:690,name_match_only_identity_and_visual_review_pending,3
638,勾帕路翁,integrated_native_four_directions_visual_review_pending,native_seated_directional_layout_rom_reviewed,not_integrated,integrated_native_first_frame,reference_mapped,reference_mapped,ultra58:691,name_match_only_identity_and_visual_review_pending,2
639,代拉基翁,integrated_native_four_directions_visual_review_pending,native_seated_directional_layout_rom_reviewed,not_integrated,integrated_native_first_frame,reference_mapped,reference_mapped,ultra58:692,name_match_only_identity_and_visual_review_pending,2
640,毕力吉翁,integrated_native_four_directions_visual_review_pending,native_seated_directional_layout_rom_reviewed,not_integrated,integrated_native_first_frame,reference_mapped,reference_mapped,ultra58:693,name_match_only_identity_and_visual_review_pending,2
641,龙卷云,missing,not_accepted,not_integrated,not_integrated,reference_mapped,reference_mapped,ultra58:694,name_match_only_identity_and_visual_review_pending,4
642,雷电云,missing,not_accepted,not_integrated,not_integrated,reference_mapped,reference_mapped,ultra58:695,name_match_only_identity_and_visual_review_pending,4
643,莱希拉姆,integrated_native_four_directions_visual_review_pending,native_seated_directional_layout_rom_reviewed,not_integrated,integrated_native_first_frame,reference_mapped,reference_mapped,ultra58:696,name_match_only_identity_and_visual_review_pending,2
644,捷克罗姆,missing,not_accepted,not_integrated,not_integrated,reference_mapped,reference_mapped,ultra58:697,name_match_only_identity_and_visual_review_pending,2
645,土地云,missing,not_accepted,not_integrated,not_integrated,reference_mapped,reference_mapped,ultra58:698,name_match_only_identity_and_visual_review_pending,4
646,酋雷姆,missing,not_accepted,not_integrated,not_integrated,reference_mapped,reference_mapped,ultra58:699,name_match_only_identity_and_visual_review_pending,7
647,凯路迪欧,integrated_native_four_directions_visual_review_pending,native_seated_directional_layout_rom_reviewed,not_integrated,integrated_native_first_frame,reference_mapped,reference_mapped,ultra58:700;ultra58:986,name_match_only_identity_and_visual_review_pending,4
648,美洛耶塔,missing,not_accepted,not_integrated,not_integrated,reference_mapped,reference_mapped,ultra58:701;ultra58:965,name_match_only_identity_and_visual_review_pending,2
649,盖诺赛克特,missing,not_accepted,not_integrated,not_integrated,reference_mapped,reference_mapped,ultra58:702;ultra58:975;ultra58:976;ultra58:977;ultra58:978,name_match_only_identity_and_visual_review_pending,10
650,哈力栗,missing,not_accepted,not_integrated,not_integrated,reference_mapped,reference_mapped,ultra58:703,name_match_only_identity_and_visual_review_pending,1
651,胖胖哈力,missing,not_accepted,not_integrated,not_integrated,reference_mapped,reference_mapped,ultra58:704,name_match_only_identity_and_visual_review_pending,1
652,布里卡隆,missing,not_accepted,not_integrated,not_integrated,reference_mapped,reference_mapped,ultra58:705;ultra58:1362,name_match_only_identity_and_visual_review_pending,2
653,火狐狸,missing,not_accepted,not_integrated,not_integrated,reference_mapped,reference_mapped,ultra58:706,name_match_only_identity_and_visual_review_pending,1
654,长尾火狐,missing,not_accepted,not_integrated,not_integrated,reference_mapped,reference_mapped,ultra58:707,name_match_only_identity_and_visual_review_pending,1
655,妖火红狐,missing,not_accepted,not_integrated,not_integrated,reference_mapped,reference_mapped,ultra58:708;ultra58:1363,name_match_only_identity_and_visual_review_pending,3
656,呱呱泡蛙,missing,not_accepted,not_integrated,not_integrated,reference_mapped,reference_mapped,ultra58:709,name_match_only_identity_and_visual_review_pending,1
657,呱头蛙,missing,not_accepted,not_integrated,not_integrated,reference_mapped,reference_mapped,ultra58:710,name_match_only_identity_and_visual_review_pending,1
658,甲贺忍蛙,missing,not_accepted,not_integrated,not_integrated,reference_mapped,reference_mapped,ultra58:711;ultra58:963;ultra58:1011;ultra58:1364,name_match_only_identity_and_visual_review_pending,5
659,掘掘兔,missing,not_accepted,not_integrated,not_integrated,reference_mapped,reference_mapped,ultra58:712,name_match_only_identity_and_visual_review_pending,2
660,掘地兔,missing,not_accepted,not_integrated,not_integrated,reference_mapped,reference_mapped,ultra58:713,name_match_only_identity_and_visual_review_pending,2
661,小箭雀,missing,not_accepted,not_integrated,not_integrated,reference_mapped,reference_mapped,ultra58:714,name_match_only_identity_and_visual_review_pending,2
662,火箭雀,missing,not_accepted,not_integrated,not_integrated,reference_mapped,reference_mapped,ultra58:715,name_match_only_identity_and_visual_review_pending,2
663,烈箭鹰,missing,not_accepted,not_integrated,not_integrated,reference_mapped,reference_mapped,ultra58:716,name_match_only_identity_and_visual_review_pending,2
664,粉蝶虫,missing,not_accepted,not_integrated,not_integrated,reference_mapped,reference_mapped,ultra58:717,name_match_only_identity_and_visual_review_pending,1
665,粉蝶蛹,missing,not_accepted,not_integrated,not_integrated,reference_mapped,reference_mapped,ultra58:718,name_match_only_identity_and_visual_review_pending,1
666,彩粉蝶,missing,not_accepted,not_integrated,not_integrated,reference_mapped,reference_mapped,ultra58:719,name_match_only_identity_and_visual_review_pending,20
667,小狮狮,missing,not_accepted,not_integrated,not_integrated,reference_mapped,reference_mapped,ultra58:720,name_match_only_identity_and_visual_review_pending,1
668,火炎狮,integrated_native_four_directions_visual_review_pending,native_seated_directional_layout_rom_reviewed,not_integrated,integrated_native_first_frame,reference_mapped,reference_mapped,ultra58:721;ultra58:999;ultra58:1365,name_match_only_identity_and_visual_review_pending,3
669,花蓓蓓,missing,not_accepted,not_integrated,not_integrated,reference_mapped,reference_mapped,ultra58:722,name_match_only_identity_and_visual_review_pending,5
670,花叶蒂,missing,not_accepted,not_integrated,not_integrated,reference_mapped,reference_mapped,ultra58:723;ultra58:1366,name_match_only_identity_and_visual_review_pending,7
671,花洁夫人,missing,not_accepted,not_integrated,not_integrated,reference_mapped,reference_mapped,ultra58:724,name_match_only_identity_and_visual_review_pending,5
672,坐骑小羊,missing,not_accepted,not_integrated,not_integrated,reference_mapped,reference_mapped,ultra58:725,name_match_only_identity_and_visual_review_pending,1
673,坐骑山羊,integrated_native_four_directions_visual_review_pending,native_seated_directional_layout_rom_reviewed,not_integrated,integrated_native_first_frame,reference_mapped,reference_mapped,ultra58:726,name_match_only_identity_and_visual_review_pending,1
674,顽皮熊猫,missing,not_accepted,not_integrated,not_integrated,reference_mapped,reference_mapped,ultra58:727,name_match_only_identity_and_visual_review_pending,2
675,霸道熊猫,missing,not_accepted,not_integrated,not_integrated,reference_mapped,reference_mapped,,name_match_only_identity_and_visual_review_pending,2
676,多丽米亚,missing,not_accepted,not_integrated,not_integrated,reference_mapped,reference_mapped,ultra58:729,name_match_only_identity_and_visual_review_pending,10
677,妙喵,missing,not_accepted,not_integrated,not_integrated,reference_mapped,reference_mapped,ultra58:730,name_match_only_identity_and_visual_review_pending,2
678,超能妙喵,missing,not_accepted,not_integrated,not_integrated,reference_mapped,reference_mapped,ultra58:731;ultra58:964;ultra58:1367,name_match_only_identity_and_visual_review_pending,6
679,独剑鞘,missing,not_accepted,not_integrated,not_integrated,reference_mapped,reference_mapped,ultra58:732,name_match_only_identity_and_visual_review_pending,2
680,双剑鞘,missing,not_accepted,not_integrated,not_integrated,reference_mapped,reference_mapped,ultra58:733,name_match_only_identity_and_visual_review_pending,2
681,坚盾剑怪,missing,not_accepted,not_integrated,not_integrated,reference_mapped,reference_mapped,ultra58:734;ultra58:960,name_match_only_identity_and_visual_review_pending,3
682,粉香香,missing,not_accepted,not_integrated,not_integrated,reference_mapped,reference_mapped,ultra58:735,name_match_only_identity_and_visual_review_pending,2
683,芳香精,missing,not_accepted,not_integrated,not_integrated,reference_mapped,reference_mapped,ultra58:736,name_match_only_identity_and_visual_review_pending,2
684,绵绵泡芙,missing,not_accepted,not_integrated,not_integrated,reference_mapped,reference_mapped,ultra58:737,name_match_only_identity_and_visual_review_pending,2
685,胖甜妮,missing,not_accepted,not_integrated,not_integrated,reference_mapped,reference_mapped,ultra58:738,name_match_only_identity_and_visual_review_pending,2
686,好啦鱿,missing,not_accepted,not_integrated,not_integrated,reference_mapped,reference_mapped,ultra58:739,name_match_only_identity_and_visual_review_pending,2
687,乌贼王,missing,not_accepted,not_integrated,not_integrated,reference_mapped,reference_mapped,ultra58:740;ultra58:1368,name_match_only_identity_and_visual_review_pending,3
688,龟脚脚,missing,not_accepted,not_integrated,not_integrated,reference_mapped,reference_mapped,ultra58:741,name_match_only_identity_and_visual_review_pending,2
689,龟足巨铠,missing,not_accepted,not_integrated,not_integrated,reference_mapped,reference_mapped,ultra58:742;ultra58:1369,name_match_only_identity_and_visual_review_pending,3
690,垃垃藻,missing,not_accepted,not_integrated,not_integrated,reference_mapped,reference_mapped,ultra58:743,name_match_only_identity_and_visual_review_pending,2
691,毒藻龙,missing,not_accepted,not_integrated,not_integrated,reference_mapped,reference_mapped,ultra58:744;ultra58:1370,name_match_only_identity_and_visual_review_pending,3
692,铁臂枪虾,missing,not_accepted,not_integrated,not_integrated,reference_mapped,reference_mapped,ultra58:745,name_match_only_identity_and_visual_review_pending,2
693,钢炮臂虾,missing,not_accepted,not_integrated,not_integrated,reference_mapped,reference_mapped,ultra58:746,name_match_only_identity_and_visual_review_pending,2
694,伞电蜥,missing,not_accepted,not_integrated,not_integrated,reference_mapped,reference_mapped,ultra58:747,name_match_only_identity_and_visual_review_pending,2
695,光电伞蜥,missing,not_accepted,not_integrated,not_integrated,reference_mapped,reference_mapped,ultra58:748,name_match_only_identity_and_visual_review_pending,2
696,宝宝暴龙,missing,not_accepted,not_integrated,not_integrated,reference_mapped,reference_mapped,ultra58:749,name_match_only_identity_and_visual_review_pending,2
697,怪颚龙,missing,not_accepted,not_integrated,not_integrated,reference_mapped,reference_mapped,ultra58:750,name_match_only_identity_and_visual_review_pending,2
698,冰雪龙,missing,not_accepted,not_integrated,not_integrated,reference_mapped,reference_mapped,ultra58:751,name_match_only_identity_and_visual_review_pending,2
699,冰雪巨龙,integrated_native_four_directions_visual_review_pending,native_seated_directional_layout_rom_reviewed,not_integrated,integrated_native_first_frame,reference_mapped,reference_mapped,ultra58:752,name_match_only_identity_and_visual_review_pending,2
700,仙子伊布,missing,not_accepted,not_integrated,not_integrated,reference_mapped,reference_mapped,ultra58:753,name_match_only_identity_and_visual_review_pending,2
701,摔角鹰人,missing,not_accepted,not_integrated,not_integrated,reference_mapped,reference_mapped,ultra58:754;ultra58:1371,name_match_only_identity_and_visual_review_pending,3
702,咚咚鼠,missing,not_accepted,not_integrated,not_integrated,reference_mapped,reference_mapped,ultra58:755,name_match_only_identity_and_visual_review_pending,2
703,小碎钻,missing,not_accepted,not_integrated,not_integrated,reference_mapped,reference_mapped,ultra58:756,name_match_only_identity_and_visual_review_pending,2
704,黏黏宝,missing,not_accepted,not_integrated,not_integrated,reference_mapped,reference_mapped,ultra58:757,name_match_only_identity_and_visual_review_pending,2
705,黏美儿,missing,not_accepted,not_integrated,not_integrated,reference_mapped,reference_mapped,ultra58:758;ultra58:1002,name_match_only_identity_and_visual_review_pending,3
706,黏美龙,missing,not_accepted,not_integrated,not_integrated,reference_mapped,reference_mapped,ultra58:759;ultra58:893,name_match_only_identity_and_visual_review_pending,4
707,钥圈儿,missing,not_accepted,not_integrated,not_integrated,reference_mapped,reference_mapped,ultra58:760,name_match_only_identity_and_visual_review_pending,2
708,小木灵,missing,not_accepted,not_integrated,not_integrated,reference_mapped,reference_mapped,ultra58:761,name_match_only_identity_and_visual_review_pending,2
709,朽木妖,integrated_native_four_directions_visual_review_pending,native_seated_directional_layout_rom_reviewed,not_integrated,integrated_native_first_frame,reference_mapped,reference_mapped,ultra58:762,name_match_only_identity_and_visual_review_pending,2
710,南瓜精,missing,not_accepted,not_integrated,not_integrated,reference_mapped,reference_mapped,ultra58:763,name_match_only_identity_and_visual_review_pending,8
711,南瓜怪人,missing,not_accepted,not_integrated,not_integrated,reference_mapped,reference_mapped,ultra58:764,name_match_only_identity_and_visual_review_pending,8
712,冰宝,integrated_native_four_directions_visual_review_pending,native_seated_directional_layout_rom_reviewed,not_integrated,integrated_native_first_frame,reference_mapped,reference_mapped,ultra58:765,name_match_only_identity_and_visual_review_pending,2
713,冰岩怪,integrated_native_four_directions_visual_review_pending,native_seated_directional_layout_rom_reviewed,not_integrated,integrated_native_first_frame,reference_mapped,reference_mapped,ultra58:766;ultra58:1096,name_match_only_identity_and_visual_review_pending,3
714,嗡蝠,missing,not_accepted,not_integrated,not_integrated,reference_mapped,reference_mapped,ultra58:767,name_match_only_identity_and_visual_review_pending,2
715,音波龙,integrated_native_four_directions_visual_review_pending,native_seated_directional_layout_rom_reviewed,not_integrated,integrated_native_first_frame,reference_mapped,reference_mapped,ultra58:768,name_match_only_identity_and_visual_review_pending,3
716,哲尔尼亚斯,integrated_native_four_directions_visual_review_pending,native_seated_directional_layout_rom_reviewed,not_integrated,integrated_native_first_frame,reference_mapped,reference_mapped,ultra58:769;ultra58:1057,name_match_only_identity_and_visual_review_pending,3
717,伊裴尔塔尔,integrated_native_four_directions_visual_review_pending,native_seated_directional_layout_rom_reviewed,not_integrated,integrated_native_first_frame,reference_mapped,reference_mapped,ultra58:770,name_match_only_identity_and_visual_review_pending,2
718,基格尔德,missing,not_accepted,not_integrated,not_integrated,reference_mapped,reference_mapped,ultra58:771;ultra58:967;ultra58:968;ultra58:1009;ultra58:1372,name_match_only_identity_and_visual_review_pending,6
719,蒂安希,missing,not_accepted,not_integrated,not_integrated,reference_mapped,reference_mapped,ultra58:772;ultra58:951,name_match_only_identity_and_visual_review_pending,3
720,胡帕,missing,not_accepted,not_integrated,not_integrated,reference_mapped,reference_mapped,ultra58:773;ultra58:969,name_match_only_identity_and_visual_review_pending,2
721,波尔凯尼恩,integrated_native_four_directions_visual_review_pending,native_seated_directional_layout_rom_reviewed,not_integrated,integrated_native_first_frame,reference_mapped,reference_mapped,ultra58:774,name_match_only_identity_and_visual_review_pending,2
722,木木枭,missing,not_accepted,not_integrated,not_integrated,reference_mapped,reference_mapped,ultra58:775,name_match_only_identity_and_visual_review_pending,2
723,投羽枭,missing,not_accepted,not_integrated,not_integrated,reference_mapped,reference_mapped,ultra58:776,name_match_only_identity_and_visual_review_pending,2
724,狙射树枭,integrated_native_four_directions_visual_review_pending,native_seated_directional_layout_rom_reviewed,not_integrated,integrated_native_first_frame,reference_mapped,reference_mapped,ultra58:777;ultra58:894,name_match_only_identity_and_visual_review_pending,3
725,火斑喵,missing,not_accepted,not_integrated,not_integrated,reference_mapped,reference_mapped,ultra58:778,name_match_only_identity_and_visual_review_pending,2
726,炎热喵,missing,not_accepted,not_integrated,not_integrated,reference_mapped,reference_mapped,ultra58:779,name_match_only_identity_and_visual_review_pending,2
727,炽焰咆哮虎,missing,not_accepted,not_integrated,not_integrated,reference_mapped,reference_mapped,ultra58:780,name_match_only_identity_and_visual_review_pending,2
728,球球海狮,missing,not_accepted,not_integrated,not_integrated,reference_mapped,reference_mapped,ultra58:781,name_match_only_identity_and_visual_review_pending,2
729,花漾海狮,missing,not_accepted,not_integrated,not_integrated,reference_mapped,reference_mapped,ultra58:782,name_match_only_identity_and_visual_review_pending,2
730,西狮海壬,integrated_native_four_directions_visual_review_pending,native_seated_directional_layout_rom_reviewed,not_integrated,integrated_native_first_frame,reference_mapped,reference_mapped,ultra58:783,name_match_only_identity_and_visual_review_pending,2
731,小笃儿,missing,not_accepted,not_integrated,not_integrated,reference_mapped,reference_mapped,ultra58:784,name_match_only_identity_and_visual_review_pending,1
732,喇叭啄鸟,missing,not_accepted,not_integrated,not_integrated,reference_mapped,reference_mapped,ultra58:785,name_match_only_identity_and_visual_review_pending,1
733,铳嘴大鸟,missing,not_accepted,not_integrated,not_integrated,reference_mapped,reference_mapped,ultra58:786,name_match_only_identity_and_visual_review_pending,1
734,猫鼬少,missing,not_accepted,not_integrated,not_integrated,reference_mapped,reference_mapped,ultra58:787,name_match_only_identity_and_visual_review_pending,1
735,猫鼬探长,missing,not_accepted,not_integrated,not_integrated,reference_mapped,reference_mapped,ultra58:788,name_match_only_identity_and_visual_review_pending,2
736,强颚鸡母虫,missing,not_accepted,not_integrated,not_integrated,reference_mapped,reference_mapped,ultra58:789,name_match_only_identity_and_visual_review_pending,2
737,虫电宝,missing,not_accepted,not_integrated,not_integrated,reference_mapped,reference_mapped,ultra58:790,name_match_only_identity_and_visual_review_pending,2
738,锹农炮虫,integrated_native_four_directions_visual_review_pending,native_seated_directional_layout_rom_reviewed,not_integrated,integrated_native_first_frame,reference_mapped,reference_mapped,ultra58:791,name_match_only_identity_and_visual_review_pending,3
739,好胜蟹,missing,not_accepted,not_integrated,not_integrated,reference_mapped,reference_mapped,ultra58:792,name_match_only_identity_and_visual_review_pending,1
740,好胜毛蟹,integrated_native_four_directions_visual_review_pending,native_seated_directional_layout_rom_reviewed,not_integrated,integrated_native_first_frame,reference_mapped,reference_mapped,ultra58:793;ultra58:1373,name_match_only_identity_and_visual_review_pending,2
741,花舞鸟,missing,not_accepted,not_integrated,not_integrated,reference_mapped,reference_mapped,ultra58:794;ultra58:972;ultra58:973;ultra58:974,name_match_only_identity_and_visual_review_pending,4
742,萌虻,missing,not_accepted,not_integrated,not_integrated,reference_mapped,reference_mapped,ultra58:795,name_match_only_identity_and_visual_review_pending,2
743,蝶结萌虻,missing,not_accepted,not_integrated,not_integrated,reference_mapped,reference_mapped,ultra58:796,name_match_only_identity_and_visual_review_pending,3
744,岩狗狗,missing,not_accepted,not_integrated,not_integrated,reference_mapped,reference_mapped,ultra58:797;ultra58:1010,name_match_only_identity_and_visual_review_pending,4
745,鬃岩狼人,missing,not_accepted,not_integrated,not_integrated,reference_mapped,reference_mapped,ultra58:798;ultra58:970;ultra58:998,name_match_only_identity_and_visual_review_pending,6
746,弱丁鱼,missing,not_accepted,not_integrated,not_integrated,reference_mapped,reference_mapped,ultra58:799,name_match_only_identity_and_visual_review_pending,3
747,好坏星,missing,not_accepted,not_integrated,not_integrated,reference_mapped,reference_mapped,ultra58:800,name_match_only_identity_and_visual_review_pending,2
748,超坏星,missing,not_accepted,not_integrated,not_integrated,reference_mapped,reference_mapped,ultra58:801,name_match_only_identity_and_visual_review_pending,2
749,泥驴仔,integrated_native_four_directions_visual_review_pending,native_seated_directional_layout_rom_reviewed,not_integrated,integrated_native_first_frame,reference_mapped,reference_mapped,ultra58:802,name_match_only_identity_and_visual_review_pending,2
750,重泥挽马,integrated_native_four_directions_visual_review_pending,native_seated_directional_layout_rom_reviewed,not_integrated,integrated_native_first_frame,reference_mapped,reference_mapped,ultra58:803,name_match_only_identity_and_visual_review_pending,2
751,滴蛛,missing,not_accepted,not_integrated,not_integrated,reference_mapped,reference_mapped,ultra58:804,name_match_only_identity_and_visual_review_pending,2
752,滴蛛霸,integrated_native_four_directions_visual_review_pending,native_seated_directional_layout_rom_reviewed,not_integrated,integrated_native_first_frame,reference_mapped,reference_mapped,ultra58:805,name_match_only_identity_and_visual_review_pending,3
753,伪螳草,missing,not_accepted,not_integrated,not_integrated,reference_mapped,reference_mapped,ultra58:806,name_match_only_identity_and_visual_review_pending,2
754,兰螳花,missing,not_accepted,not_integrated,not_integrated,reference_mapped,reference_mapped,ultra58:807,name_match_only_identity_and_visual_review_pending,3
755,睡睡菇,missing,not_accepted,not_integrated,not_integrated,reference_mapped,reference_mapped,ultra58:808,name_match_only_identity_and_visual_review_pending,2
756,灯罩夜菇,missing,not_accepted,not_integrated,not_integrated,reference_mapped,reference_mapped,ultra58:809,name_match_only_identity_and_visual_review_pending,2
757,夜盗火蜥,missing,not_accepted,not_integrated,not_integrated,reference_mapped,reference_mapped,ultra58:810,name_match_only_identity_and_visual_review_pending,2
758,焰后蜥,missing,not_accepted,not_integrated,not_integrated,reference_mapped,reference_mapped,ultra58:811,name_match_only_identity_and_visual_review_pending,3
759,童偶熊,missing,not_accepted,not_integrated,not_integrated,reference_mapped,reference_mapped,ultra58:812,name_match_only_identity_and_visual_review_pending,2
760,穿着熊,missing,not_accepted,not_integrated,not_integrated,reference_mapped,reference_mapped,ultra58:813,name_match_only_identity_and_visual_review_pending,2
761,甜竹竹,missing,not_accepted,not_integrated,not_integrated,reference_mapped,reference_mapped,ultra58:814,name_match_only_identity_and_visual_review_pending,2
762,甜舞妮,missing,not_accepted,not_integrated,not_integrated,reference_mapped,reference_mapped,ultra58:815,name_match_only_identity_and_visual_review_pending,2
763,甜冷美后,missing,not_accepted,not_integrated,not_integrated,reference_mapped,reference_mapped,ultra58:816,name_match_only_identity_and_visual_review_pending,2
764,花疗环环,missing,not_accepted,not_integrated,not_integrated,reference_mapped,reference_mapped,ultra58:817,name_match_only_identity_and_visual_review_pending,2
765,智挥猩,missing,not_accepted,not_integrated,not_integrated,reference_mapped,reference_mapped,ultra58:818,name_match_only_identity_and_visual_review_pending,2
766,投掷猴,missing,not_accepted,not_integrated,not_integrated,reference_mapped,reference_mapped,ultra58:819,name_match_only_identity_and_visual_review_pending,2
767,胆小虫,missing,not_accepted,not_integrated,not_integrated,reference_mapped,reference_mapped,ultra58:820,name_match_only_identity_and_visual_review_pending,2
768,具甲武者,missing,not_accepted,not_integrated,not_integrated,reference_mapped,reference_mapped,ultra58:821;ultra58:1374,name_match_only_identity_and_visual_review_pending,3
769,沙丘娃,missing,not_accepted,not_integrated,not_integrated,reference_mapped,reference_mapped,ultra58:822,name_match_only_identity_and_visual_review_pending,2
770,噬沙堡爷,missing,not_accepted,not_integrated,not_integrated,reference_mapped,reference_mapped,ultra58:823,name_match_only_identity_and_visual_review_pending,2
771,拳海参,missing,not_accepted,not_integrated,not_integrated,reference_mapped,reference_mapped,ultra58:824,name_match_only_identity_and_visual_review_pending,2
772,属性：空,integrated_native_four_directions_visual_review_pending,native_seated_directional_layout_rom_reviewed,not_integrated,integrated_native_first_frame,reference_mapped,reference_mapped,,name_match_only_identity_and_visual_review_pending,2
773,银伴战兽,integrated_native_four_directions_visual_review_pending,native_seated_directional_layout_rom_reviewed,not_integrated,integrated_native_first_frame,reference_mapped,reference_mapped,ultra58:826;ultra58:1040;ultra58:1041;ultra58:1042;ultra58:1043;ultra58:1044;ultra58:1045;ultra58:1046;ultra58:1047;ultra58:1048;ultra58:1049;ultra58:1050;ultra58:1051;ultra58:1052;ultra58:1053;ultra58:1054;ultra58:1055;ultra58:1056,name_match_only_identity_and_visual_review_pending,36
774,小陨星,missing,not_accepted,not_integrated,not_integrated,reference_mapped,reference_mapped,ultra58:827;ultra58:971,name_match_only_identity_and_visual_review_pending,14
775,树枕尾熊,missing,not_accepted,not_integrated,not_integrated,reference_mapped,reference_mapped,ultra58:828,name_match_only_identity_and_visual_review_pending,1
776,爆焰龟兽,missing,not_accepted,not_integrated,not_integrated,reference_mapped,reference_mapped,ultra58:829,name_match_only_identity_and_visual_review_pending,2
777,托戈德玛尔,missing,not_accepted,not_integrated,not_integrated,reference_mapped,reference_mapped,ultra58:830,name_match_only_identity_and_visual_review_pending,3
778,谜拟丘,missing,not_accepted,not_integrated,not_integrated,reference_mapped,reference_mapped,,name_match_only_identity_and_visual_review_pending,5
779,磨牙彩皮鱼,missing,not_accepted,not_integrated,not_integrated,reference_mapped,reference_mapped,ultra58:832,name_match_only_identity_and_visual_review_pending,1
780,老翁龙,missing,not_accepted,not_integrated,not_integrated,reference_mapped,reference_mapped,ultra58:833;ultra58:1375,name_match_only_identity_and_visual_review_pending,3
781,破破舵轮,missing,not_accepted,not_integrated,not_integrated,reference_mapped,reference_mapped,ultra58:834,name_match_only_identity_and_visual_review_pending,2
782,心鳞宝,missing,not_accepted,not_integrated,not_integrated,reference_mapped,reference_mapped,ultra58:835,name_match_only_identity_and_visual_review_pending,2
783,鳞甲龙,missing,not_accepted,not_integrated,not_integrated,reference_mapped,reference_mapped,ultra58:836,name_match_only_identity_and_visual_review_pending,2
784,杖尾鳞甲龙,missing,not_accepted,not_integrated,not_integrated,reference_mapped,reference_mapped,ultra58:837,name_match_only_identity_and_visual_review_pending,3
785,卡璞・鸣鸣,missing,not_accepted,not_integrated,not_integrated,reference_mapped,reference_mapped,,name_match_only_identity_and_visual_review_pending,2
786,卡璞・蝶蝶,missing,not_accepted,not_integrated,not_integrated,reference_mapped,reference_mapped,,name_match_only_identity_and_visual_review_pending,2
787,卡璞・哞哞,missing,not_accepted,not_integrated,not_integrated,reference_mapped,reference_mapped,,name_match_only_identity_and_visual_review_pending,2
788,卡璞・鳍鳍,missing,not_accepted,not_integrated,not_integrated,reference_mapped,reference_mapped,,name_match_only_identity_and_visual_review_pending,2
789,科斯莫古,missing,not_accepted,not_integrated,not_integrated,reference_mapped,reference_mapped,ultra58:842,name_match_only_identity_and_visual_review_pending,2
790,科斯莫姆,missing,not_accepted,not_integrated,not_integrated,reference_mapped,reference_mapped,ultra58:843,name_match_only_identity_and_visual_review_pending,2
791,索尔迦雷欧,integrated_native_four_directions_visual_review_pending,native_seated_directional_layout_rom_reviewed,not_integrated,integrated_native_first_frame,reference_mapped,reference_mapped,ultra58:844;ultra58:1066,name_match_only_identity_and_visual_review_pending,2
792,露奈雅拉,integrated_native_four_directions_visual_review_pending,native_seated_directional_layout_rom_reviewed,not_integrated,integrated_native_first_frame,reference_mapped,reference_mapped,ultra58:845;ultra58:1067,name_match_only_identity_and_visual_review_pending,2
793,虚吾伊德,integrated_native_four_directions_visual_review_pending,native_seated_directional_layout_rom_reviewed,not_integrated,integrated_native_first_frame,reference_mapped,reference_mapped,ultra58:846,name_match_only_identity_and_visual_review_pending,2
794,爆肌蚊,integrated_native_four_directions_visual_review_pending,native_seated_directional_layout_rom_reviewed,not_integrated,integrated_native_first_frame,reference_mapped,reference_mapped,ultra58:847,name_match_only_identity_and_visual_review_pending,2
795,费洛美螂,missing,not_accepted,not_integrated,not_integrated,reference_mapped,reference_mapped,ultra58:848,name_match_only_identity_and_visual_review_pending,2
796,电束木,missing,not_accepted,not_integrated,not_integrated,reference_mapped,reference_mapped,ultra58:849,name_match_only_identity_and_visual_review_pending,2
797,铁火辉夜,missing,not_accepted,not_integrated,not_integrated,reference_mapped,reference_mapped,ultra58:850,name_match_only_identity_and_visual_review_pending,2
798,纸御剑,missing,not_accepted,not_integrated,not_integrated,reference_mapped,reference_mapped,ultra58:851,name_match_only_identity_and_visual_review_pending,2
799,恶食大王,missing,not_accepted,not_integrated,not_integrated,reference_mapped,reference_mapped,ultra58:852,name_match_only_identity_and_visual_review_pending,2
800,奈克洛兹玛,missing,not_accepted,not_integrated,not_integrated,reference_mapped,reference_mapped,ultra58:853,name_match_only_identity_and_visual_review_pending,7
801,玛机雅娜,missing,not_accepted,not_integrated,not_integrated,reference_mapped,reference_mapped,ultra58:854;ultra58:1000;ultra58:1376,name_match_only_identity_and_visual_review_pending,6
802,玛夏多,missing,not_accepted,not_integrated,not_integrated,reference_mapped,reference_mapped,ultra58:855;ultra58:1058,name_match_only_identity_and_visual_review_pending,2
803,毒贝比,missing,not_accepted,not_integrated,not_integrated,reference_mapped,reference_mapped,ultra58:1071,name_match_only_identity_and_visual_review_pending,2
804,四颚针龙,integrated_native_four_directions_visual_review_pending,native_seated_directional_layout_rom_reviewed,not_integrated,integrated_native_first_frame,reference_mapped,reference_mapped,ultra58:1072,name_match_only_identity_and_visual_review_pending,2
805,垒磊石,integrated_native_four_directions_visual_review_pending,native_seated_directional_layout_rom_reviewed,not_integrated,integrated_native_first_frame,reference_mapped,reference_mapped,ultra58:1073,name_match_only_identity_and_visual_review_pending,2
806,砰头小丑,missing,not_accepted,not_integrated,not_integrated,reference_mapped,reference_mapped,ultra58:1074,name_match_only_identity_and_visual_review_pending,2
807,捷拉奥拉,missing,not_accepted,not_integrated,not_integrated,reference_mapped,reference_mapped,ultra58:1075;ultra58:1377,name_match_only_identity_and_visual_review_pending,3
808,美录坦,missing,not_accepted,not_integrated,not_integrated,reference_mapped,reference_mapped,ultra58:1092,name_match_only_identity_and_visual_review_pending,2
809,美录梅塔,missing,not_accepted,not_integrated,not_integrated,reference_mapped,reference_mapped,ultra58:271;ultra58:1093,name_match_only_identity_and_visual_review_pending,3
810,敲音猴,missing,not_accepted,not_integrated,not_integrated,reference_mapped,reference_mapped,ultra58:1109,name_match_only_identity_and_visual_review_pending,2
811,啪咚猴,missing,not_accepted,not_integrated,not_integrated,reference_mapped,reference_mapped,ultra58:1110,name_match_only_identity_and_visual_review_pending,2
812,轰擂金刚猩,missing,not_accepted,not_integrated,not_integrated,reference_mapped,reference_mapped,ultra58:1003;ultra58:1111,name_match_only_identity_and_visual_review_pending,3
813,炎兔儿,missing,not_accepted,not_integrated,not_integrated,reference_mapped,reference_mapped,ultra58:1112,name_match_only_identity_and_visual_review_pending,2
814,腾蹴小将,missing,not_accepted,not_integrated,not_integrated,reference_mapped,reference_mapped,ultra58:1113,name_match_only_identity_and_visual_review_pending,2
815,闪焰王牌,missing,not_accepted,not_integrated,not_integrated,reference_mapped,reference_mapped,ultra58:1004;ultra58:1114,name_match_only_identity_and_visual_review_pending,3
816,泪眼蜥,missing,not_accepted,not_integrated,not_integrated,reference_mapped,reference_mapped,ultra58:1115,name_match_only_identity_and_visual_review_pending,2
817,变涩蜥,missing,not_accepted,not_integrated,not_integrated,reference_mapped,reference_mapped,ultra58:1116,name_match_only_identity_and_visual_review_pending,2
818,千面避役,missing,not_accepted,not_integrated,not_integrated,reference_mapped,reference_mapped,ultra58:1005;ultra58:1117,name_match_only_identity_and_visual_review_pending,3
819,贪心栗鼠,missing,not_accepted,not_integrated,not_integrated,reference_mapped,reference_mapped,ultra58:1120,name_match_only_identity_and_visual_review_pending,2
820,藏饱栗鼠,missing,not_accepted,not_integrated,not_integrated,reference_mapped,reference_mapped,ultra58:1121,name_match_only_identity_and_visual_review_pending,2
821,稚山雀,missing,not_accepted,not_integrated,not_integrated,reference_mapped,reference_mapped,ultra58:1122,name_match_only_identity_and_visual_review_pending,2
822,蓝鸦,missing,not_accepted,not_integrated,not_integrated,reference_mapped,reference_mapped,ultra58:1123,name_match_only_identity_and_visual_review_pending,2
823,钢铠鸦,integrated_native_four_directions_visual_review_pending,native_seated_directional_layout_rom_reviewed,not_integrated,integrated_native_first_frame,reference_mapped,reference_mapped,ultra58:265;ultra58:1124,name_match_only_identity_and_visual_review_pending,3
824,索侦虫,missing,not_accepted,not_integrated,not_integrated,reference_mapped,reference_mapped,ultra58:1125,name_match_only_identity_and_visual_review_pending,2
825,天罩虫,missing,not_accepted,not_integrated,not_integrated,reference_mapped,reference_mapped,ultra58:1126,name_match_only_identity_and_visual_review_pending,2
826,以欧路普,missing,not_accepted,not_integrated,not_integrated,reference_mapped,reference_mapped,ultra58:264;ultra58:1127,name_match_only_identity_and_visual_review_pending,3
827,狡小狐,missing,not_accepted,not_integrated,not_integrated,reference_mapped,reference_mapped,,name_match_only_identity_and_visual_review_pending,2
828,猾大狐,missing,not_accepted,not_integrated,not_integrated,reference_mapped,reference_mapped,,name_match_only_identity_and_visual_review_pending,2
829,幼棉棉,missing,not_accepted,not_integrated,not_integrated,reference_mapped,reference_mapped,ultra58:1130,name_match_only_identity_and_visual_review_pending,2
830,白蓬蓬,missing,not_accepted,not_integrated,not_integrated,reference_mapped,reference_mapped,ultra58:1131,name_match_only_identity_and_visual_review_pending,2
831,毛辫羊,missing,not_accepted,not_integrated,not_integrated,reference_mapped,reference_mapped,ultra58:1132,name_match_only_identity_and_visual_review_pending,2
832,毛毛角羊,integrated_native_four_directions_visual_review_pending,native_seated_directional_layout_rom_reviewed,not_integrated,integrated_native_first_frame,reference_mapped,reference_mapped,ultra58:1133,name_match_only_identity_and_visual_review_pending,2
833,咬咬龟,missing,not_accepted,not_integrated,not_integrated,reference_mapped,reference_mapped,ultra58:1134,name_match_only_identity_and_visual_review_pending,2
834,暴噬龟,integrated_native_four_directions_visual_review_pending,native_seated_directional_layout_rom_reviewed,not_integrated,integrated_native_first_frame,reference_mapped,reference_mapped,ultra58:1006;ultra58:1135,name_match_only_identity_and_visual_review_pending,3
835,来电汪,missing,not_accepted,not_integrated,not_integrated,reference_mapped,reference_mapped,ultra58:1136,name_match_only_identity_and_visual_review_pending,2
836,逐电犬,integrated_native_four_directions_visual_review_pending,native_seated_directional_layout_rom_reviewed,not_integrated,integrated_native_first_frame,reference_mapped,reference_mapped,ultra58:1137,name_match_only_identity_and_visual_review_pending,2
837,小炭仔,missing,not_accepted,not_integrated,not_integrated,reference_mapped,reference_mapped,ultra58:1138,name_match_only_identity_and_visual_review_pending,2
838,大炭车,missing,not_accepted,not_integrated,not_integrated,reference_mapped,reference_mapped,ultra58:1139,name_match_only_identity_and_visual_review_pending,2
839,巨炭山,missing,not_accepted,not_integrated,not_integrated,reference_mapped,reference_mapped,ultra58:266;ultra58:1140,name_match_only_identity_and_visual_review_pending,3
840,啃果虫,missing,not_accepted,not_integrated,not_integrated,reference_mapped,reference_mapped,ultra58:1141,name_match_only_identity_and_visual_review_pending,2
841,苹裹龙,missing,not_accepted,not_integrated,not_integrated,reference_mapped,reference_mapped,ultra58:269;ultra58:1142,name_match_only_identity_and_visual_review_pending,3
842,丰蜜龙,missing,not_accepted,not_integrated,not_integrated,reference_mapped,reference_mapped,ultra58:270;ultra58:1143,name_match_only_identity_and_visual_review_pending,3
843,沙包蛇,missing,not_accepted,not_integrated,not_integrated,reference_mapped,reference_mapped,ultra58:1144,name_match_only_identity_and_visual_review_pending,2
844,沙螺蟒,missing,not_accepted,not_integrated,not_integrated,reference_mapped,reference_mapped,ultra58:272;ultra58:1145,name_match_only_identity_and_visual_review_pending,3
845,古月鸟,missing,not_accepted,not_integrated,not_integrated,reference_mapped,reference_mapped,ultra58:1077;ultra58:1078;ultra58:1146,name_match_only_identity_and_visual_review_pending,4
846,刺梭鱼,missing,not_accepted,not_integrated,not_integrated,reference_mapped,reference_mapped,ultra58:1147,name_match_only_identity_and_visual_review_pending,2
847,戽斗尖梭,integrated_native_four_directions_visual_review_pending,native_seated_directional_layout_rom_reviewed,not_integrated,integrated_native_first_frame,reference_mapped,reference_mapped,ultra58:1148,name_match_only_identity_and_visual_review_pending,2
848,电音婴,missing,not_accepted,not_integrated,not_integrated,reference_mapped,reference_mapped,,name_match_only_identity_and_visual_review_pending,2
849,颤弦蝾螈,missing,not_accepted,not_integrated,not_integrated,reference_mapped,reference_mapped,ultra58:275;ultra58:276;ultra58:1150;ultra58:1151,name_match_only_identity_and_visual_review_pending,6
850,烧火蚣,missing,not_accepted,not_integrated,not_integrated,reference_mapped,reference_mapped,ultra58:1152,name_match_only_identity_and_visual_review_pending,2
851,焚焰蚣,integrated_native_four_directions_visual_review_pending,native_seated_directional_layout_rom_reviewed,not_integrated,integrated_native_first_frame,reference_mapped,reference_mapped,ultra58:1014;ultra58:1153,name_match_only_identity_and_visual_review_pending,3
852,拳拳蛸,missing,not_accepted,not_integrated,not_integrated,reference_mapped,reference_mapped,ultra58:1154,name_match_only_identity_and_visual_review_pending,2
853,八爪武师,integrated_native_four_directions_visual_review_pending,native_seated_directional_layout_rom_reviewed,not_integrated,integrated_native_first_frame,reference_mapped,reference_mapped,ultra58:1155,name_match_only_identity_and_visual_review_pending,2
854,来悲茶,missing,not_accepted,not_integrated,not_integrated,reference_mapped,reference_mapped,ultra58:1156,name_match_only_identity_and_visual_review_pending,4
855,怖思壶,missing,not_accepted,not_integrated,not_integrated,reference_mapped,reference_mapped,ultra58:1157,name_match_only_identity_and_visual_review_pending,4
856,迷布莉姆,missing,not_accepted,not_integrated,not_integrated,reference_mapped,reference_mapped,ultra58:1158,name_match_only_identity_and_visual_review_pending,2
857,提布莉姆,missing,not_accepted,not_integrated,not_integrated,reference_mapped,reference_mapped,ultra58:1159,name_match_only_identity_and_visual_review_pending,2
858,布莉姆温,missing,not_accepted,not_integrated,not_integrated,reference_mapped,reference_mapped,ultra58:267;ultra58:1160,name_match_only_identity_and_visual_review_pending,3
859,捣蛋小妖,missing,not_accepted,not_integrated,not_integrated,reference_mapped,reference_mapped,ultra58:1161,name_match_only_identity_and_visual_review_pending,2
860,诈唬魔,missing,not_accepted,not_integrated,not_integrated,reference_mapped,reference_mapped,ultra58:1162,name_match_only_identity_and_visual_review_pending,2
861,长毛巨魔,missing,not_accepted,not_integrated,not_integrated,reference_mapped,reference_mapped,ultra58:268;ultra58:1163,name_match_only_identity_and_visual_review_pending,3
862,堵拦熊,missing,not_accepted,not_integrated,not_integrated,reference_mapped,reference_mapped,ultra58:1103,name_match_only_identity_and_visual_review_pending,2
863,喵头目,missing,not_accepted,not_integrated,not_integrated,reference_mapped,reference_mapped,ultra58:1164,name_match_only_identity_and_visual_review_pending,2
864,魔灵珊瑚,missing,not_accepted,not_integrated,not_integrated,reference_mapped,reference_mapped,ultra58:1165,name_match_only_identity_and_visual_review_pending,2
865,葱游兵,missing,not_accepted,not_integrated,not_integrated,reference_mapped,reference_mapped,ultra58:1166,name_match_only_identity_and_visual_review_pending,2
866,踏冰人偶,missing,not_accepted,not_integrated,not_integrated,reference_mapped,reference_mapped,ultra58:1167,name_match_only_identity_and_visual_review_pending,2
867,迭失板,missing,not_accepted,not_integrated,not_integrated,reference_mapped,reference_mapped,,name_match_only_identity_and_visual_review_pending,2
868,小仙奶,missing,not_accepted,not_integrated,not_integrated,reference_mapped,reference_mapped,ultra58:1169,name_match_only_identity_and_visual_review_pending,2
869,霜奶仙,missing,not_accepted,not_integrated,not_integrated,reference_mapped,reference_mapped,ultra58:1013;ultra58:1170,name_match_only_identity_and_visual_review_pending,127
870,列阵兵,missing,not_accepted,not_integrated,not_integrated,reference_mapped,reference_mapped,ultra58:1171;ultra58:1378,name_match_only_identity_and_visual_review_pending,3
871,啪嚓海胆,missing,not_accepted,not_integrated,not_integrated,reference_mapped,reference_mapped,ultra58:1172,name_match_only_identity_and_visual_review_pending,2
872,雪吞虫,missing,not_accepted,not_integrated,not_integrated,reference_mapped,reference_mapped,ultra58:1173,name_match_only_identity_and_visual_review_pending,2
873,雪绒蛾,missing,not_accepted,not_integrated,not_integrated,reference_mapped,reference_mapped,ultra58:1174,name_match_only_identity_and_visual_review_pending,2
874,巨石丁,missing,not_accepted,not_integrated,not_integrated,reference_mapped,reference_mapped,ultra58:1176,name_match_only_identity_and_visual_review_pending,2
875,冰砌鹅,missing,not_accepted,not_integrated,not_integrated,reference_mapped,reference_mapped,ultra58:1086;ultra58:1177,name_match_only_identity_and_visual_review_pending,3
876,爱管侍,missing,not_accepted,not_integrated,not_integrated,reference_mapped,reference_mapped,ultra58:1085;ultra58:1178,name_match_only_identity_and_visual_review_pending,4
877,莫鲁贝可,missing,not_accepted,not_integrated,not_integrated,reference_mapped,reference_mapped,ultra58:1087;ultra58:1179,name_match_only_identity_and_visual_review_pending,3
878,铜象,integrated_native_four_directions_visual_review_pending,native_seated_directional_layout_rom_reviewed,not_integrated,integrated_native_first_frame,reference_mapped,reference_mapped,ultra58:1180,name_match_only_identity_and_visual_review_pending,2
879,大王铜象,integrated_native_four_directions_visual_review_pending,native_seated_directional_layout_rom_reviewed,not_integrated,integrated_native_first_frame,reference_mapped,reference_mapped,ultra58:273;ultra58:1181,name_match_only_identity_and_visual_review_pending,3
880,雷鸟龙,missing,not_accepted,not_integrated,not_integrated,reference_mapped,reference_mapped,ultra58:1182,name_match_only_identity_and_visual_review_pending,2
881,雷鸟海兽,missing,not_accepted,not_integrated,not_integrated,reference_mapped,reference_mapped,ultra58:1183,name_match_only_identity_and_visual_review_pending,2
882,鳃鱼龙,missing,not_accepted,not_integrated,not_integrated,reference_mapped,reference_mapped,ultra58:1184,name_match_only_identity_and_visual_review_pending,2
883,鳃鱼海兽,integrated_native_four_directions_visual_review_pending,native_seated_directional_layout_rom_reviewed,not_integrated,integrated_native_first_frame,reference_mapped,reference_mapped,ultra58:1185,name_match_only_identity_and_visual_review_pending,2
884,铝钢龙,missing,not_accepted,not_integrated,not_integrated,reference_mapped,reference_mapped,ultra58:274;ultra58:1186,name_match_only_identity_and_visual_review_pending,3
885,多龙梅西亚,missing,not_accepted,not_integrated,not_integrated,reference_mapped,reference_mapped,ultra58:1187,name_match_only_identity_and_visual_review_pending,2
886,多龙奇,missing,not_accepted,not_integrated,not_integrated,reference_mapped,reference_mapped,ultra58:1188,name_match_only_identity_and_visual_review_pending,2
887,多龙巴鲁托,missing,not_accepted,not_integrated,not_integrated,reference_mapped,reference_mapped,ultra58:1189,name_match_only_identity_and_visual_review_pending,2
888,苍响,integrated_native_four_directions_visual_review_pending,native_seated_directional_layout_rom_reviewed,not_integrated,integrated_native_first_frame,reference_mapped,reference_mapped,ultra58:1190,name_match_only_identity_and_visual_review_pending,2
889,藏玛然特,integrated_native_four_directions_visual_review_pending,native_seated_directional_layout_rom_reviewed,not_integrated,integrated_native_first_frame,reference_mapped,reference_mapped,ultra58:1191,name_match_only_identity_and_visual_review_pending,2
890,无极汰那,missing,not_accepted,not_integrated,not_integrated,reference_mapped,reference_mapped,ultra58:1192;ultra58:1195,name_match_only_identity_and_visual_review_pending,2
891,熊徒弟,missing,not_accepted,not_integrated,not_integrated,reference_mapped,reference_mapped,ultra58:1034,name_match_only_identity_and_visual_review_pending,2
892,武道熊师,missing,not_accepted,not_integrated,not_integrated,reference_mapped,reference_mapped,ultra58:1007;ultra58:1008;ultra58:1035;ultra58:1036,name_match_only_identity_and_visual_review_pending,6
893,萨戮德,missing,not_accepted,not_integrated,not_integrated,reference_mapped,reference_mapped,ultra58:1037,name_match_only_identity_and_visual_review_pending,4
894,雷吉艾勒奇,missing,not_accepted,not_integrated,not_integrated,reference_mapped,reference_mapped,ultra58:1038,name_match_only_identity_and_visual_review_pending,2
895,雷吉铎拉戈,missing,not_accepted,not_integrated,not_integrated,reference_mapped,reference_mapped,ultra58:1039,name_match_only_identity_and_visual_review_pending,2
896,雪暴马,integrated_native_four_directions_visual_review_pending,native_seated_directional_layout_rom_reviewed,not_integrated,integrated_native_first_frame,reference_mapped,reference_mapped,ultra58:1088,name_match_only_identity_and_visual_review_pending,2
897,灵幽马,integrated_native_four_directions_visual_review_pending,native_seated_directional_layout_rom_reviewed,not_integrated,integrated_native_first_frame,reference_mapped,reference_mapped,ultra58:1089,name_match_only_identity_and_visual_review_pending,2
898,蕾冠王,missing,not_accepted,not_integrated,not_integrated,reference_mapped,reference_mapped,ultra58:1098,name_match_only_identity_and_visual_review_pending,6
899,诡角鹿,integrated_native_four_directions_visual_review_pending,native_seated_directional_layout_rom_reviewed,not_integrated,integrated_native_first_frame,reference_mapped,reference_mapped,ultra58:1059,name_match_only_identity_and_visual_review_pending,1
900,劈斧螳螂,missing,not_accepted,not_integrated,not_integrated,reference_mapped,reference_mapped,ultra58:1060,name_match_only_identity_and_visual_review_pending,1
901,月月熊,integrated_native_four_directions_visual_review_pending,native_seated_directional_layout_rom_reviewed,not_integrated,integrated_native_first_frame,reference_mapped,reference_mapped,ultra58:1061;ultra58:1385,name_match_only_identity_and_visual_review_pending,2
902,幽尾玄鱼,integrated_native_four_directions_visual_review_pending,native_seated_directional_layout_rom_reviewed,not_integrated,integrated_native_first_frame,reference_mapped,reference_mapped,ultra58:891;ultra58:892,name_match_only_identity_and_visual_review_pending,2
903,大狃拉,missing,not_accepted,not_integrated,not_integrated,reference_mapped,reference_mapped,ultra58:1063,name_match_only_identity_and_visual_review_pending,1
904,万针鱼,integrated_native_four_directions_visual_review_pending,not_accepted,not_integrated,integrated_native_first_frame,reference_mapped,reference_mapped,ultra58:1016,name_match_only_identity_and_visual_review_pending,1
905,眷恋云,missing,not_accepted,not_integrated,not_integrated,reference_mapped,reference_mapped,ultra58:1023,name_match_only_identity_and_visual_review_pending,2
906,新叶喵,missing,not_accepted,not_integrated,not_integrated,reference_mapped,reference_mapped,ultra58:1199,name_match_only_identity_and_visual_review_pending,1
907,蒂蕾喵,missing,not_accepted,not_integrated,not_integrated,reference_mapped,reference_mapped,ultra58:1200,name_match_only_identity_and_visual_review_pending,1
908,魔幻假面喵,missing,not_accepted,not_integrated,not_integrated,reference_mapped,reference_mapped,ultra58:1201,name_match_only_identity_and_visual_review_pending,2
909,呆火鳄,missing,not_accepted,not_integrated,not_integrated,reference_mapped,reference_mapped,ultra58:1202,name_match_only_identity_and_visual_review_pending,1
910,炙烫鳄,missing,not_accepted,not_integrated,not_integrated,reference_mapped,reference_mapped,ultra58:1203,name_match_only_identity_and_visual_review_pending,1
911,骨纹巨声鳄,integrated_native_four_directions_visual_review_pending,native_seated_directional_layout_rom_reviewed,not_integrated,integrated_native_first_frame,reference_mapped,reference_mapped,ultra58:419;ultra58:1204,name_match_only_identity_and_visual_review_pending,2
912,润水鸭,missing,not_accepted,not_integrated,not_integrated,reference_mapped,reference_mapped,ultra58:1205,name_match_only_identity_and_visual_review_pending,1
913,涌跃鸭,missing,not_accepted,not_integrated,not_integrated,reference_mapped,reference_mapped,ultra58:1206,name_match_only_identity_and_visual_review_pending,1
914,狂欢浪舞鸭,missing,not_accepted,not_integrated,not_integrated,reference_mapped,reference_mapped,ultra58:1207,name_match_only_identity_and_visual_review_pending,2
915,爱吃豚,missing,not_accepted,not_integrated,not_integrated,reference_mapped,reference_mapped,ultra58:1208,name_match_only_identity_and_visual_review_pending,1
916,飘香豚,integrated_native_four_directions_visual_review_pending,native_seated_directional_layout_rom_reviewed,not_integrated,integrated_native_first_frame,reference_mapped,reference_mapped,ultra58:1209;ultra58:1324,name_match_only_identity_and_visual_review_pending,2
917,团珠蛛,missing,not_accepted,not_integrated,not_integrated,reference_mapped,reference_mapped,ultra58:1210,name_match_only_identity_and_visual_review_pending,1
918,操陷蛛,missing,not_accepted,not_integrated,not_integrated,reference_mapped,reference_mapped,ultra58:1211,name_match_only_identity_and_visual_review_pending,1
919,豆蟋蟀,missing,not_accepted,not_integrated,not_integrated,reference_mapped,reference_mapped,ultra58:1212,name_match_only_identity_and_visual_review_pending,1
920,烈腿蝗,missing,not_accepted,not_integrated,not_integrated,reference_mapped,reference_mapped,ultra58:1213,name_match_only_identity_and_visual_review_pending,1
921,布拨,missing,not_accepted,not_integrated,not_integrated,reference_mapped,reference_mapped,ultra58:1214,name_match_only_identity_and_visual_review_pending,1
922,布土拨,missing,not_accepted,not_integrated,not_integrated,reference_mapped,reference_mapped,ultra58:1215,name_match_only_identity_and_visual_review_pending,1
923,巴布土拨,missing,not_accepted,not_integrated,not_integrated,reference_mapped,reference_mapped,ultra58:1216,name_match_only_identity_and_visual_review_pending,1
924,一对鼠,missing,not_accepted,not_integrated,not_integrated,reference_mapped,reference_mapped,ultra58:1217,name_match_only_identity_and_visual_review_pending,1
925,一家鼠,missing,not_accepted,not_integrated,not_integrated,reference_mapped,reference_mapped,ultra58:1218;ultra58:1332,name_match_only_identity_and_visual_review_pending,2
926,狗仔包,missing,not_accepted,not_integrated,not_integrated,reference_mapped,reference_mapped,ultra58:1219,name_match_only_identity_and_visual_review_pending,1
927,麻花犬,missing,not_accepted,not_integrated,not_integrated,reference_mapped,reference_mapped,ultra58:1220,name_match_only_identity_and_visual_review_pending,1
928,迷你芙,missing,not_accepted,not_integrated,not_integrated,reference_mapped,reference_mapped,ultra58:1221,name_match_only_identity_and_visual_review_pending,1
929,奥利纽,missing,not_accepted,not_integrated,not_integrated,reference_mapped,reference_mapped,ultra58:1222,name_match_only_identity_and_visual_review_pending,1
930,奥利瓦,missing,not_accepted,not_integrated,not_integrated,reference_mapped,reference_mapped,ultra58:1223,name_match_only_identity_and_visual_review_pending,1
931,怒鹦哥,missing,not_accepted,not_integrated,not_integrated,reference_mapped,reference_mapped,ultra58:1224;ultra58:1327,name_match_only_identity_and_visual_review_pending,4
932,盐石宝,missing,not_accepted,not_integrated,not_integrated,reference_mapped,reference_mapped,ultra58:1225,name_match_only_identity_and_visual_review_pending,1
933,盐石垒,missing,not_accepted,not_integrated,not_integrated,reference_mapped,reference_mapped,ultra58:1325,name_match_only_identity_and_visual_review_pending,1
934,盐石巨灵,missing,not_accepted,not_integrated,not_integrated,reference_mapped,reference_mapped,ultra58:1226,name_match_only_identity_and_visual_review_pending,1
935,炭小侍,missing,not_accepted,not_integrated,not_integrated,reference_mapped,reference_mapped,ultra58:1227,name_match_only_identity_and_visual_review_pending,1
936,红莲铠骑,missing,not_accepted,not_integrated,not_integrated,reference_mapped,reference_mapped,ultra58:1228,name_match_only_identity_and_visual_review_pending,1
937,苍炎刃鬼,missing,not_accepted,not_integrated,not_integrated,reference_mapped,reference_mapped,ultra58:1229,name_match_only_identity_and_visual_review_pending,1
938,光蚪仔,missing,not_accepted,not_integrated,not_integrated,reference_mapped,reference_mapped,ultra58:1230,name_match_only_identity_and_visual_review_pending,1
939,电肚蛙,missing,not_accepted,not_integrated,not_integrated,reference_mapped,reference_mapped,ultra58:1231,name_match_only_identity_and_visual_review_pending,1
940,电海燕,missing,not_accepted,not_integrated,not_integrated,reference_mapped,reference_mapped,ultra58:1232,name_match_only_identity_and_visual_review_pending,1
941,大电海燕,integrated_native_four_directions_visual_review_pending,native_seated_directional_layout_rom_reviewed,not_integrated,integrated_native_first_frame,reference_mapped,reference_mapped,ultra58:1233,name_match_only_identity_and_visual_review_pending,1
942,偶叫獒,missing,not_accepted,not_integrated,not_integrated,reference_mapped,reference_mapped,ultra58:1234,name_match_only_identity_and_visual_review_pending,1
943,獒教父,integrated_native_four_directions_visual_review_pending,native_seated_directional_layout_rom_reviewed,not_integrated,integrated_native_first_frame,reference_mapped,reference_mapped,ultra58:1235,name_match_only_identity_and_visual_review_pending,1
944,滋汁鼹,missing,not_accepted,not_integrated,not_integrated,reference_mapped,reference_mapped,ultra58:1236,name_match_only_identity_and_visual_review_pending,1
945,涂标客,missing,not_accepted,not_integrated,not_integrated,reference_mapped,reference_mapped,ultra58:1237,name_match_only_identity_and_visual_review_pending,1
946,纳噬草,missing,not_accepted,not_integrated,not_integrated,reference_mapped,reference_mapped,ultra58:1238,name_match_only_identity_and_visual_review_pending,1
947,怖纳噬草,missing,not_accepted,not_integrated,not_integrated,reference_mapped,reference_mapped,ultra58:1239,name_match_only_identity_and_visual_review_pending,1
948,原野水母,missing,not_accepted,not_integrated,not_integrated,reference_mapped,reference_mapped,ultra58:1240,name_match_only_identity_and_visual_review_pending,1
949,陆地水母,integrated_native_four_directions_visual_review_pending,native_seated_directional_layout_rom_reviewed,not_integrated,integrated_native_first_frame,reference_mapped,reference_mapped,ultra58:1241,name_match_only_identity_and_visual_review_pending,1
950,毛崖蟹,integrated_native_four_directions_visual_review_pending,native_seated_directional_layout_rom_reviewed,not_integrated,integrated_native_first_frame,reference_mapped,reference_mapped,ultra58:1242,name_match_only_identity_and_visual_review_pending,1
951,热辣娃,missing,not_accepted,not_integrated,not_integrated,reference_mapped,reference_mapped,ultra58:1243,name_match_only_identity_and_visual_review_pending,1
952,狠辣椒,missing,not_accepted,not_integrated,not_integrated,reference_mapped,reference_mapped,ultra58:1244;ultra58:1379,name_match_only_identity_and_visual_review_pending,2
953,虫滚泥,missing,not_accepted,not_integrated,not_integrated,reference_mapped,reference_mapped,ultra58:1245,name_match_only_identity_and_visual_review_pending,1
954,虫甲圣,missing,not_accepted,not_integrated,not_integrated,reference_mapped,reference_mapped,ultra58:1246,name_match_only_identity_and_visual_review_pending,1
955,飘飘雏,missing,not_accepted,not_integrated,not_integrated,reference_mapped,reference_mapped,ultra58:1247,name_match_only_identity_and_visual_review_pending,1
956,超能艳鸵,missing,not_accepted,not_integrated,not_integrated,reference_mapped,reference_mapped,ultra58:1248,name_match_only_identity_and_visual_review_pending,1
957,小锻匠,missing,not_accepted,not_integrated,not_integrated,reference_mapped,reference_mapped,ultra58:1249,name_match_only_identity_and_visual_review_pending,1
958,巧锻匠,missing,not_accepted,not_integrated,not_integrated,reference_mapped,reference_mapped,ultra58:1250,name_match_only_identity_and_visual_review_pending,1
959,巨锻匠,missing,not_accepted,not_integrated,not_integrated,reference_mapped,reference_mapped,ultra58:1251,name_match_only_identity_and_visual_review_pending,1
960,海地鼠,missing,not_accepted,not_integrated,not_integrated,reference_mapped,reference_mapped,ultra58:1252,name_match_only_identity_and_visual_review_pending,1
961,三海地鼠,missing,not_accepted,not_integrated,not_integrated,reference_mapped,reference_mapped,ultra58:1253,name_match_only_identity_and_visual_review_pending,1
962,下石鸟,integrated_native_four_directions_visual_review_pending,native_seated_directional_layout_rom_reviewed,not_integrated,integrated_native_first_frame,reference_mapped,reference_mapped,ultra58:1254,name_match_only_identity_and_visual_review_pending,1
963,波普海豚,integrated_native_four_directions_visual_review_pending,native_seated_directional_layout_rom_reviewed,not_integrated,integrated_native_first_frame,reference_mapped,reference_mapped,ultra58:1255,name_match_only_identity_and_visual_review_pending,1
964,海豚侠,integrated_native_four_directions_visual_review_pending,native_seated_directional_layout_rom_reviewed,not_integrated,integrated_native_first_frame,reference_mapped,reference_mapped,ultra58:1256;ultra58:1257,name_match_only_identity_and_visual_review_pending,2
965,噗隆隆,missing,not_accepted,not_integrated,not_integrated,reference_mapped,reference_mapped,ultra58:1258,name_match_only_identity_and_visual_review_pending,1
966,普隆隆姆,missing,not_accepted,not_integrated,not_integrated,reference_mapped,reference_mapped,ultra58:1259,name_match_only_identity_and_visual_review_pending,1
967,摩托蜥,integrated_native_four_directions_visual_review_pending,native_seated_directional_layout_rom_reviewed,not_integrated,integrated_native_first_frame,reference_mapped,reference_mapped,ultra58:1260,name_match_only_identity_and_visual_review_pending,1
968,拖拖蚓,missing,not_accepted,not_integrated,not_integrated,reference_mapped,reference_mapped,ultra58:1261,name_match_only_identity_and_visual_review_pending,1
969,晶光芽,missing,not_accepted,not_integrated,not_integrated,reference_mapped,reference_mapped,ultra58:1262,name_match_only_identity_and_visual_review_pending,1
970,晶光花,missing,not_accepted,not_integrated,not_integrated,reference_mapped,reference_mapped,ultra58:1263;ultra58:1380,name_match_only_identity_and_visual_review_pending,2
971,墓仔狗,missing,not_accepted,not_integrated,not_integrated,reference_mapped,reference_mapped,ultra58:1264,name_match_only_identity_and_visual_review_pending,1
972,墓扬犬,missing,not_accepted,not_integrated,not_integrated,reference_mapped,reference_mapped,ultra58:1265,name_match_only_identity_and_visual_review_pending,1
973,纏红鹤,integrated_native_four_directions_visual_review_pending,native_seated_directional_layout_rom_reviewed,not_integrated,integrated_native_first_frame,reference_mapped,reference_mapped,,name_match_only_identity_and_visual_review_pending,1
974,走鲸,missing,not_accepted,not_integrated,not_integrated,reference_mapped,reference_mapped,ultra58:1267,name_match_only_identity_and_visual_review_pending,1
975,浩大鲸,missing,not_accepted,not_integrated,not_integrated,reference_mapped,reference_mapped,ultra58:1268,name_match_only_identity_and_visual_review_pending,1
976,轻身鳕,integrated_native_four_directions_visual_review_pending,native_seated_directional_layout_rom_reviewed,not_integrated,integrated_native_first_frame,reference_mapped,reference_mapped,ultra58:1269,name_match_only_identity_and_visual_review_pending,1
977,吃吼霸,integrated_native_four_directions_visual_review_pending,native_seated_directional_layout_rom_reviewed,not_integrated,integrated_native_first_frame,reference_mapped,reference_mapped,ultra58:1270,name_match_only_identity_and_visual_review_pending,1
978,米立龙,missing,not_accepted,not_integrated,not_integrated,reference_mapped,reference_mapped,ultra58:1271;ultra58:1333;ultra58:1334;ultra58:1381,name_match_only_identity_and_visual_review_pending,6
979,弃世猴,missing,not_accepted,not_integrated,not_integrated,reference_mapped,reference_mapped,ultra58:1272,name_match_only_identity_and_visual_review_pending,1
980,土王,integrated_native_four_directions_visual_review_pending,native_seated_directional_layout_rom_reviewed,not_integrated,integrated_native_first_frame,reference_mapped,reference_mapped,ultra58:1273,name_match_only_identity_and_visual_review_pending,1
981,奇麒麟,integrated_native_four_directions_visual_review_pending,native_seated_directional_layout_rom_reviewed,not_integrated,integrated_native_first_frame,reference_mapped,reference_mapped,ultra58:1274,name_match_only_identity_and_visual_review_pending,1
982,土龙节节,missing,not_accepted,not_integrated,not_integrated,reference_mapped,reference_mapped,ultra58:1275;ultra58:1335,name_match_only_identity_and_visual_review_pending,2
983,仆刀将军,missing,not_accepted,not_integrated,not_integrated,reference_mapped,reference_mapped,ultra58:1276,name_match_only_identity_and_visual_review_pending,1
984,雄伟牙,integrated_native_four_directions_visual_review_pending,native_seated_directional_layout_rom_reviewed,not_integrated,integrated_native_first_frame,reference_mapped,reference_mapped,ultra58:1277,name_match_only_identity_and_visual_review_pending,1
985,吼叫尾,missing,not_accepted,not_integrated,not_integrated,reference_mapped,reference_mapped,ultra58:1278,name_match_only_identity_and_visual_review_pending,1
986,猛恶菇,missing,not_accepted,not_integrated,not_integrated,reference_mapped,reference_mapped,ultra58:1279,name_match_only_identity_and_visual_review_pending,1
987,振翼发,missing,not_accepted,not_integrated,not_integrated,reference_mapped,reference_mapped,ultra58:1280,name_match_only_identity_and_visual_review_pending,1
988,爬地翅,integrated_native_four_directions_visual_review_pending,native_seated_directional_layout_rom_reviewed,not_integrated,integrated_native_first_frame,reference_mapped,reference_mapped,ultra58:1281,name_match_only_identity_and_visual_review_pending,1
989,沙铁皮,integrated_native_four_directions_visual_review_pending,native_seated_directional_layout_rom_reviewed,not_integrated,integrated_native_first_frame,reference_mapped,reference_mapped,ultra58:1326,name_match_only_identity_and_visual_review_pending,1
990,铁轍迹,missing,not_accepted,not_integrated,not_integrated,reference_mapped,reference_mapped,,name_match_only_identity_and_visual_review_pending,1
991,铁包袱,missing,not_accepted,not_integrated,not_integrated,reference_mapped,reference_mapped,ultra58:1283,name_match_only_identity_and_visual_review_pending,1
992,铁臂膀,missing,not_accepted,not_integrated,not_integrated,reference_mapped,reference_mapped,ultra58:1284,name_match_only_identity_and_visual_review_pending,1
993,铁脖颈,missing,not_accepted,not_integrated,not_integrated,reference_mapped,reference_mapped,ultra58:1285,name_match_only_identity_and_visual_review_pending,1
994,铁毒蛾,missing,not_accepted,not_integrated,not_integrated,reference_mapped,reference_mapped,ultra58:1286,name_match_only_identity_and_visual_review_pending,1
995,铁荆棘,missing,not_accepted,not_integrated,not_integrated,reference_mapped,reference_mapped,ultra58:1287,name_match_only_identity_and_visual_review_pending,1
996,凉脊龙,missing,not_accepted,not_integrated,not_integrated,reference_mapped,reference_mapped,ultra58:1288,name_match_only_identity_and_visual_review_pending,1
997,冻脊龙,missing,not_accepted,not_integrated,not_integrated,reference_mapped,reference_mapped,ultra58:1289,name_match_only_identity_and_visual_review_pending,1
998,戟脊龙,missing,not_accepted,not_integrated,not_integrated,reference_mapped,reference_mapped,ultra58:1290;ultra58:1382,name_match_only_identity_and_visual_review_pending,2
999,索财灵,missing,not_accepted,not_integrated,not_integrated,reference_mapped,reference_mapped,ultra58:1291;ultra58:1292,name_match_only_identity_and_visual_review_pending,2
1000,赛富豪,missing,not_accepted,not_integrated,not_integrated,reference_mapped,reference_mapped,ultra58:1293,name_match_only_identity_and_visual_review_pending,1
1001,古简蜗,missing,not_accepted,not_integrated,not_integrated,reference_mapped,reference_mapped,ultra58:1294,name_match_only_identity_and_visual_review_pending,1
1002,古剑豹,integrated_native_four_directions_visual_review_pending,native_seated_directional_layout_rom_reviewed,not_integrated,integrated_native_first_frame,reference_mapped,reference_mapped,ultra58:1295,name_match_only_identity_and_visual_review_pending,1
1003,古鼎鹿,integrated_native_four_directions_visual_review_pending,native_seated_directional_layout_rom_reviewed,not_integrated,integrated_native_first_frame,reference_mapped,reference_mapped,ultra58:1297,name_match_only_identity_and_visual_review_pending,1
1004,古玉鱼,missing,not_accepted,not_integrated,not_integrated,reference_mapped,reference_mapped,ultra58:1296,name_match_only_identity_and_visual_review_pending,1
1005,轰鸣月,integrated_native_four_directions_visual_review_pending,native_seated_directional_layout_rom_reviewed,not_integrated,integrated_native_first_frame,reference_mapped,reference_mapped,ultra58:1298,name_match_only_identity_and_visual_review_pending,1
1006,铁武者,missing,not_accepted,not_integrated,not_integrated,reference_mapped,reference_mapped,ultra58:1299,name_match_only_identity_and_visual_review_pending,1
1007,故勒顿,integrated_native_four_directions_visual_review_pending,native_seated_directional_layout_rom_reviewed,not_integrated,integrated_native_first_frame,reference_mapped,reference_mapped,ultra58:1300,name_match_only_identity_and_visual_review_pending,5
1008,密勒顿,integrated_native_four_directions_visual_review_pending,native_seated_directional_layout_rom_reviewed,not_integrated,integrated_native_first_frame,reference_mapped,reference_mapped,ultra58:1301,name_match_only_identity_and_visual_review_pending,5
1009,波荡水,missing,not_accepted,not_integrated,not_integrated,reference_mapped,reference_mapped,ultra58:1302,name_match_only_identity_and_visual_review_pending,1
1010,铁斑叶,integrated_native_four_directions_visual_review_pending,native_seated_directional_layout_rom_reviewed,not_integrated,integrated_native_first_frame,reference_mapped,reference_mapped,ultra58:1303,name_match_only_identity_and_visual_review_pending,1
1011,裹蜜虫,missing,not_accepted,not_integrated,not_integrated,reference_mapped,reference_mapped,ultra58:1304,name_match_only_identity_and_visual_review_pending,1
1012,斯魔茶,missing,not_accepted,not_integrated,not_integrated,reference_mapped,reference_mapped,ultra58:1305,name_match_only_identity_and_visual_review_pending,2
1013,来悲粗茶,missing,not_accepted,not_integrated,not_integrated,reference_mapped,reference_mapped,ultra58:1306,name_match_only_identity_and_visual_review_pending,2
1014,够赞狗,missing,not_accepted,not_integrated,not_integrated,reference_mapped,reference_mapped,ultra58:1307,name_match_only_identity_and_visual_review_pending,1
1015,愿增猿,missing,not_accepted,not_integrated,not_integrated,reference_mapped,reference_mapped,ultra58:1308,name_match_only_identity_and_visual_review_pending,1
1016,吉雉鸡,integrated_native_four_directions_visual_review_pending,native_seated_directional_layout_rom_reviewed,not_integrated,integrated_native_first_frame,reference_mapped,reference_mapped,ultra58:1309,name_match_only_identity_and_visual_review_pending,1
1017,厄诡椪,missing,not_accepted,not_integrated,not_integrated,reference_mapped,reference_mapped,,name_match_only_identity_and_visual_review_pending,8
1018,铝钢桥龙,missing,not_accepted,not_integrated,not_integrated,reference_mapped,reference_mapped,ultra58:1314,name_match_only_identity_and_visual_review_pending,1
1019,蜜集大蛇,missing,not_accepted,not_integrated,not_integrated,reference_mapped,reference_mapped,ultra58:1315,name_match_only_identity_and_visual_review_pending,1
1020,破空焰,integrated_native_four_directions_visual_review_pending,native_seated_directional_layout_rom_reviewed,not_integrated,integrated_native_first_frame,reference_mapped,reference_mapped,ultra58:1316,name_match_only_identity_and_visual_review_pending,1
1021,猛雷鼓,integrated_native_four_directions_visual_review_pending,native_seated_directional_layout_rom_reviewed,not_integrated,integrated_native_first_frame,reference_mapped,reference_mapped,ultra58:1317,name_match_only_identity_and_visual_review_pending,1
1022,铁磐岩,integrated_native_four_directions_visual_review_pending,native_seated_directional_layout_rom_reviewed,not_integrated,integrated_native_first_frame,reference_mapped,reference_mapped,ultra58:1318,name_match_only_identity_and_visual_review_pending,1
1023,铁头壳,integrated_native_four_directions_visual_review_pending,native_seated_directional_layout_rom_reviewed,not_integrated,integrated_native_first_frame,reference_mapped,reference_mapped,ultra58:1319,name_match_only_identity_and_visual_review_pending,1
1024,太乐巴戈斯,missing,not_accepted,not_integrated,not_integrated,reference_mapped,reference_mapped,ultra58:1320;ultra58:1321;ultra58:1322,name_match_only_identity_and_visual_review_pending,3
1025,桃歹郎,missing,not_accepted,not_integrated,not_integrated,reference_mapped,reference_mapped,ultra58:1323,name_match_only_identity_and_visual_review_pending,1
